pmid,title,doi,pmc,publication_types,abstract_available,pubmed_notice_links,search_practices,earlier_cohort,review_status,source_url,retrieved_on
177954,Alternative medicine: radionics.,,,Journal Article,False,[],RADIONICS,False,ELIGIBILITY_SCREENING_PENDING,https://pubmed.ncbi.nlm.nih.gov/177954/,2026-09-30
177956,Alternative medicine: therapeutic touch.,,,Journal Article,False,[],THERAPEUTIC_TOUCH,False,ELIGIBILITY_SCREENING_PENDING,https://pubmed.ncbi.nlm.nih.gov/177956/,2026-09-30
242525,The healing touch.,,,Journal Article,False,[],HEALING_TOUCH,False,ELIGIBILITY_SCREENING_PENDING,https://pubmed.ncbi.nlm.nih.gov/242525/,2026-09-30
248276,How to acquire the healing touch.,,,Journal Article,False,[],HEALING_TOUCH,False,ELIGIBILITY_SCREENING_PENDING,https://pubmed.ncbi.nlm.nih.gov/248276/,2026-09-30
254477,"[The Chakra model, role determination of nursing].",,,Journal Article,False,[],CHAKRA_AURA,False,ELIGIBILITY_SCREENING_PENDING,https://pubmed.ncbi.nlm.nih.gov/254477/,2026-09-30
255051,Therapeutic touch in practice.,,,Case Reports;Journal Article,False,[],THERAPEUTIC_TOUCH,False,ELIGIBILITY_SCREENING_PENDING,https://pubmed.ncbi.nlm.nih.gov/255051/,2026-09-30
255540,The use of therapeutic touch in nursing.,10.3928/0022-0124-19790701-05,,Journal Article,False,[],THERAPEUTIC_TOUCH,False,ELIGIBILITY_SCREENING_PENDING,https://pubmed.ncbi.nlm.nih.gov/255540/,2026-09-30
256325,"[The Chakra-model, a place determination for nursing].",,,Journal Article,False,[],CHAKRA_AURA,False,ELIGIBILITY_SCREENING_PENDING,https://pubmed.ncbi.nlm.nih.gov/256325/,2026-09-30
259269,An explanation of therapeutic touch using the science of unitary man.,10.1111/j.1744-6198.1979.tb00680.x,,Journal Article,False,[],THERAPEUTIC_TOUCH,False,ELIGIBILITY_SCREENING_PENDING,https://pubmed.ncbi.nlm.nih.gov/259269/,2026-09-30
364668,The doctor's touch: tactile communication in the doctor-patient relationship.,10.1097/00007611-197812000-00008,,Historical Article;Journal Article,True,[],HEALING_TOUCH,False,ELIGIBILITY_SCREENING_PENDING,https://pubmed.ncbi.nlm.nih.gov/364668/,2026-09-30
373441,Therapeutic touch: searching for evidence of physiological change.,,,Case Reports;Journal Article,False,[],THERAPEUTIC_TOUCH,False,ELIGIBILITY_SCREENING_PENDING,https://pubmed.ncbi.nlm.nih.gov/373441/,2026-09-30
458550,Multidimensional reaction to therapeutic touch in a hospital setting.,10.1037//0022-3514.37.1.87,,Journal Article,True,[],THERAPEUTIC_TOUCH,False,ELIGIBILITY_SCREENING_PENDING,https://pubmed.ncbi.nlm.nih.gov/458550/,2026-09-30
542103,Malpractice against Christian Science practitioners.,,,Journal Article,False,[],CHRISTIAN_SCIENCE_HEALING,True,SEE_EARLIER_REGISTER,https://pubmed.ncbi.nlm.nih.gov/542103/,2026-09-30
585080,"What they believe and why. Part 1. Roman Catholics, Jehovah Witnesses, and Christian Scientists.",,,Journal Article,False,[],CHRISTIAN_SCIENCE_HEALING,False,ELIGIBILITY_SCREENING_PENDING,https://pubmed.ncbi.nlm.nih.gov/585080/,2026-09-30
754193,Anatomical localization of human detection of weak electromagnetic radiation: experiments with dowsers.,,,Clinical Trial;Controlled Clinical Trial;Journal Article,True,[],HEALING_DOWSING,True,SEE_EARLIER_REGISTER,https://pubmed.ncbi.nlm.nih.gov/754193/,2026-09-30
1039264,Therapeutic touch: the imprimatur of nursing.,,,Journal Article,False,[],THERAPEUTIC_TOUCH,False,ELIGIBILITY_SCREENING_PENDING,https://pubmed.ncbi.nlm.nih.gov/1039264/,2026-09-30
1056435,"Therapeutic touch; an ancient, but unorthodox nursing intervention.",,,Journal Article,False,[],THERAPEUTIC_TOUCH,False,ELIGIBILITY_SCREENING_PENDING,https://pubmed.ncbi.nlm.nih.gov/1056435/,2026-09-30
1074007,The Christian science patient.,,,Journal Article,False,[],CHRISTIAN_SCIENCE_HEALING,False,ELIGIBILITY_SCREENING_PENDING,https://pubmed.ncbi.nlm.nih.gov/1074007/,2026-09-30
1295046,Trigeminal nucleus caudalis dorsal root entry zone: a new surgical approach.,10.1159/000098916,,Journal Article,True,[],RADIONICS,False,ELIGIBILITY_SCREENING_PENDING,https://pubmed.ncbi.nlm.nih.gov/1295046/,2026-09-30
1301421,Therapeutic touch and post-Hurricane Hugo stress.,10.1177/089801019201000204,,Journal Article,True,[],THERAPEUTIC_TOUCH,False,ELIGIBILITY_SCREENING_PENDING,https://pubmed.ncbi.nlm.nih.gov/1301421/,2026-09-30
1342476,[Radiofrequency fulguration in patients with reciprocating tachycardias].,,,English Abstract;Journal Article,True,[],RADIONICS,False,ELIGIBILITY_SCREENING_PENDING,https://pubmed.ncbi.nlm.nih.gov/1342476/,2026-09-30
1345418,An international perspective from New Zealand on healing touch.,,,Journal Article,False,[],HEALING_TOUCH,False,ELIGIBILITY_SCREENING_PENDING,https://pubmed.ncbi.nlm.nih.gov/1345418/,2026-09-30
1353653,Detection of extraordinary large bio-magnetic field strength from human hand during external Qi emission.,10.3727/036012992816357819,,Case Reports;Journal Article,True,[],EXTERNAL_QIGONG,False,ELIGIBILITY_SCREENING_PENDING,https://pubmed.ncbi.nlm.nih.gov/1353653/,2026-09-30
1419661,"Complementary therapy, therapeutic touch--research and reality.",10.7748/ns.6.50.52.s52,,Journal Article,False,[],THERAPEUTIC_TOUCH,False,ELIGIBILITY_SCREENING_PENDING,https://pubmed.ncbi.nlm.nih.gov/1419661/,2026-09-30
1447328,The senior's therapeutic touch education program.,10.1097/00004650-199210000-00008,,Journal Article,False,[],THERAPEUTIC_TOUCH,False,ELIGIBILITY_SCREENING_PENDING,https://pubmed.ncbi.nlm.nih.gov/1447328/,2026-09-30
1515308,Complementary therapies. A healing touch.,,,Journal Article,False,[],HEALING_TOUCH,False,ELIGIBILITY_SCREENING_PENDING,https://pubmed.ncbi.nlm.nih.gov/1515308/,2026-09-30
1551006,Healing touch certificate program continues to bring the human dimension to the nation's nurses.,,,Journal Article,False,[],HEALING_TOUCH,False,ELIGIBILITY_SCREENING_PENDING,https://pubmed.ncbi.nlm.nih.gov/1551006/,2026-09-30
1607495,The experience of receiving therapeutic touch.,10.1111/j.1365-2648.1992.tb01960.x,,"Journal Article;Research Support, Non-U.S. Gov't",True,[],THERAPEUTIC_TOUCH,False,ELIGIBILITY_SCREENING_PENDING,https://pubmed.ncbi.nlm.nih.gov/1607495/,2026-09-30
1620780,Geophysical variables and behavior: LXX. Testing electromagnetic explanations for a possible psychokinetic effect of therapeutic touch on germinating corn seed.,10.2466/pr0.1992.70.3.891,,Journal Article,True,[],THERAPEUTIC_TOUCH,False,ELIGIBILITY_SCREENING_PENDING,https://pubmed.ncbi.nlm.nih.gov/1620780/,2026-09-30
1678161,[Therapeutic touch].,,,Conference Proceedings,False,[],THERAPEUTIC_TOUCH,False,ELIGIBILITY_SCREENING_PENDING,https://pubmed.ncbi.nlm.nih.gov/1678161/,2026-09-30
1718202,[Sacral bedsore: an evaluation of 10 years' treatment with the gluteus maximus muscle].,,,English Abstract;Journal Article;Review,True,[],SOUND_HEALING,False,ELIGIBILITY_SCREENING_PENDING,https://pubmed.ncbi.nlm.nih.gov/1718202/,2026-09-30
1738778,A force to promote bonding and wellbeing. Therapeutic touch and massage.,,,Journal Article,False,[],THERAPEUTIC_TOUCH,False,ELIGIBILITY_SCREENING_PENDING,https://pubmed.ncbi.nlm.nih.gov/1738778/,2026-09-30
1741319,Death with dignity. Christian Science.,,,Journal Article,False,[],CHRISTIAN_SCIENCE_HEALING,False,ELIGIBILITY_SCREENING_PENDING,https://pubmed.ncbi.nlm.nih.gov/1741319/,2026-09-30
1767800,Effect of emitted bioenergy on biochemical functions of cells.,10.1142/S0192415X91000375,,"Journal Article;Research Support, Non-U.S. Gov't",True,[],EXTERNAL_QIGONG,False,ELIGIBILITY_SCREENING_PENDING,https://pubmed.ncbi.nlm.nih.gov/1767800/,2026-09-30
1814885,Sahaja yoga in the management of intractable epileptics.,,,Letter,False,[],SAHAJA_YOGA,False,ELIGIBILITY_SCREENING_PENDING,https://pubmed.ncbi.nlm.nih.gov/1814885/,2026-09-30
1819037,The antitumor effects of qigong-emitted external Qi and its influence on the immunologic functions of tumor-bearing mice.,10.1007/BF02888162,,"Journal Article;Research Support, Non-U.S. Gov't",True,[],EXTERNAL_QIGONG,False,ELIGIBILITY_SCREENING_PENDING,https://pubmed.ncbi.nlm.nih.gov/1819037/,2026-09-30
1834141,Self-care activating support: therapeutic touch and chronic skin disease.,,,Journal Article,True,[],THERAPEUTIC_TOUCH,False,ELIGIBILITY_SCREENING_PENDING,https://pubmed.ncbi.nlm.nih.gov/1834141/,2026-09-30
1909161,Therapeutic touch and massage.,10.7748/ns.5.45.26.s48,,Journal Article,False,[],THERAPEUTIC_TOUCH,False,ELIGIBILITY_SCREENING_PENDING,https://pubmed.ncbi.nlm.nih.gov/1909161/,2026-09-30
1978504,"Storing of qi gong energy in various materials and drugs (qi gongnization): its clinical application for treatment of pain, circulatory disturbance, bacterial or viral infections, heavy metal deposits, and related intractable medical problems by selectively enhancing circulation and drug uptake.",10.3727/036012990816358270,,Case Reports;Journal Article,True,[],EXTERNAL_QIGONG,False,ELIGIBILITY_SCREENING_PENDING,https://pubmed.ncbi.nlm.nih.gov/1978504/,2026-09-30
2027687,[Therapeutic touch--the healing touch].,,,Journal Article,False,[],THERAPEUTIC_TOUCH;HEALING_TOUCH,False,ELIGIBILITY_SCREENING_PENDING,https://pubmed.ncbi.nlm.nih.gov/2027687/,2026-09-30
2033561,Motivational processes and behavioral inhibition in breath holding.,10.1080/00223980.1991.10543272,,"Journal Article;Research Support, Non-U.S. Gov't",True,[],MANTRA_PRACTICES,False,ELIGIBILITY_SCREENING_PENDING,https://pubmed.ncbi.nlm.nih.gov/2033561/,2026-09-30
2061359,Helping patients to rest: clinical studies in therapeutic touch.,10.1097/00004650-199107000-00009,,Case Reports;Journal Article,False,[],THERAPEUTIC_TOUCH,False,ELIGIBILITY_SCREENING_PENDING,https://pubmed.ncbi.nlm.nih.gov/2061359/,2026-09-30
2067935,Christian Science healing and the health care of children.,10.1353/pbm.1991.0059,,Journal Article,False,[],CHRISTIAN_SCIENCE_HEALING,False,ELIGIBILITY_SCREENING_PENDING,https://pubmed.ncbi.nlm.nih.gov/2067935/,2026-09-30
2100138,Compassion as power: clinical implications of therapeutic touch.,,,Journal Article,False,[],THERAPEUTIC_TOUCH,False,ELIGIBILITY_SCREENING_PENDING,https://pubmed.ncbi.nlm.nih.gov/2100138/,2026-09-30
2116293,[Therapeutic touch--a holistic method for clinical application in nursing].,,,Journal Article,False,[],THERAPEUTIC_TOUCH,False,ELIGIBILITY_SCREENING_PENDING,https://pubmed.ncbi.nlm.nih.gov/2116293/,2026-09-30
2144043,CE feature. Part 2. Nontechnologic strategies for coping with chronic low back pain.,10.1097/00006416-199007000-00005,,Journal Article,True,[],THERAPEUTIC_TOUCH,False,ELIGIBILITY_SCREENING_PENDING,https://pubmed.ncbi.nlm.nih.gov/2144043/,2026-09-30
2164178,Therapeutic touch.,,,Journal Article,False,[],THERAPEUTIC_TOUCH,False,ELIGIBILITY_SCREENING_PENDING,https://pubmed.ncbi.nlm.nih.gov/2164178/,2026-09-30
2216575,Comparison of therapeutic touch and casual touch in stress reduction of hospitalized children.,,,Journal Article,True,[],THERAPEUTIC_TOUCH,False,ELIGIBILITY_SCREENING_PENDING,https://pubmed.ncbi.nlm.nih.gov/2216575/,2026-09-30
2227986,Openness: a qualitative analysis of nurses' and patients' experiences of therapeutic touch.,10.1111/j.1547-5069.1990.tb00204.x,,Journal Article,True,[],THERAPEUTIC_TOUCH,False,ELIGIBILITY_SCREENING_PENDING,https://pubmed.ncbi.nlm.nih.gov/2227986/,2026-09-30
2308198,Comparative longevity of Christian Scientists.,,,Comment;Comparative Study;Letter,False,"[{""type"": ""CommentOn"", ""pmid"": ""2769921""}]",CHRISTIAN_SCIENCE_HEALING,False,ELIGIBILITY_SCREENING_PENDING,https://pubmed.ncbi.nlm.nih.gov/2308198/,2026-09-30
2325782,Nursing Practice. Therapeutic touch--a healing meditation.,,,Case Reports;Journal Article,True,[],THERAPEUTIC_TOUCH,False,ELIGIBILITY_SCREENING_PENDING,https://pubmed.ncbi.nlm.nih.gov/2325782/,2026-09-30
2359629,Touching with intent: using therapeutic touch.,,,Journal Article,True,[],THERAPEUTIC_TOUCH,False,ELIGIBILITY_SCREENING_PENDING,https://pubmed.ncbi.nlm.nih.gov/2359629/,2026-09-30
2367857,Christian Science nursing.,,,Journal Article,False,[],CHRISTIAN_SCIENCE_HEALING,False,ELIGIBILITY_SCREENING_PENDING,https://pubmed.ncbi.nlm.nih.gov/2367857/,2026-09-30
2391730,Christian Scientists claim healing efficacy equal if not superior to that of medicine.,,,News,False,[],CHRISTIAN_SCIENCE_HEALING,False,ELIGIBILITY_SCREENING_PENDING,https://pubmed.ncbi.nlm.nih.gov/2391730/,2026-09-30
2401510,"Therapeutic touch: two decades of research, teaching and clinical practice.",,,Journal Article,False,[],THERAPEUTIC_TOUCH,False,ELIGIBILITY_SCREENING_PENDING,https://pubmed.ncbi.nlm.nih.gov/2401510/,2026-09-30
2404259,The Science of Unitary Human Beings and theory-based practice: therapeutic touch.,,,Case Reports;Journal Article;Review,False,[],THERAPEUTIC_TOUCH,False,ELIGIBILITY_SCREENING_PENDING,https://pubmed.ncbi.nlm.nih.gov/2404259/,2026-09-30
2466115,Holistic nursing.,,,Journal Article,True,[],THERAPEUTIC_TOUCH,False,ELIGIBILITY_SCREENING_PENDING,https://pubmed.ncbi.nlm.nih.gov/2466115/,2026-09-30
2494408,The healing touch.,,,Journal Article,False,[],HEALING_TOUCH,False,ELIGIBILITY_SCREENING_PENDING,https://pubmed.ncbi.nlm.nih.gov/2494408/,2026-09-30
2568074,Unique changes found on the Qi Gong (Chi Gong) Master's and patient's body during Qi Gong treatment; their relationships to certain meridians & acupuncture points and the re-creation of therapeutic Qi Gong states by children & adults.,10.3727/036012989816358506,,Case Reports;Journal Article;Review,True,[],EXTERNAL_QIGONG,False,ELIGIBILITY_SCREENING_PENDING,https://pubmed.ncbi.nlm.nih.gov/2568074/,2026-09-30
2670796,Use of ultrasound in detection of sinus disease in children.,10.1016/0165-5876(89)90049-9,,Comparative Study;Journal Article,True,[],RADIONICS,False,ELIGIBILITY_SCREENING_PENDING,https://pubmed.ncbi.nlm.nih.gov/2670796/,2026-09-30
2717098,Therapeutic touch as energy exchange: replication and extension.,10.1177/089431848900200207,,"Clinical Trial;Controlled Clinical Trial;Journal Article;Research Support, U.S. Gov't, P.H.S.",True,[],THERAPEUTIC_TOUCH,False,ELIGIBILITY_SCREENING_PENDING,https://pubmed.ncbi.nlm.nih.gov/2717098/,2026-09-30
2725257,Experimental nerve reconnection: importance of initial repair.,10.1002/micr.1920100111,,Comparative Study;Journal Article,True,[],,True,SEE_EARLIER_REGISTER,https://pubmed.ncbi.nlm.nih.gov/2725257/,2026-09-30
2738848,Therapeutic touch: a healing art.,10.1177/104345428900600220,,Journal Article,False,[],THERAPEUTIC_TOUCH,False,ELIGIBILITY_SCREENING_PENDING,https://pubmed.ncbi.nlm.nih.gov/2738848/,2026-09-30
2745578,Therapeutic touch for symptom control in persons with AIDS.,10.1097/00004650-198908000-00008,,Case Reports;Journal Article,True,[],THERAPEUTIC_TOUCH,False,ELIGIBILITY_SCREENING_PENDING,https://pubmed.ncbi.nlm.nih.gov/2745578/,2026-09-30
2769921,Comparative longevity in a college cohort of Christian Scientists.,,,Comparative Study;Journal Article,True,"[{""type"": ""ErratumIn"", ""pmid"": null}, {""type"": ""CommentIn"", ""pmid"": ""2308198""}]",CHRISTIAN_SCIENCE_HEALING,True,SEE_EARLIER_REGISTER,https://pubmed.ncbi.nlm.nih.gov/2769921/,2026-09-30
2887953,Some observations on dowsing and the human magnetic sense.,10.1016/s0140-6736(87)92454-8,,Journal Article,False,[],HEALING_DOWSING,False,ELIGIBILITY_SCREENING_PENDING,https://pubmed.ncbi.nlm.nih.gov/2887953/,2026-09-30
2928592,The use of therapeutic touch with rehabilitation clients.,10.1002/j.2048-7940.1989.tb01422.x,,Case Reports;Journal Article,True,[],THERAPEUTIC_TOUCH,False,ELIGIBILITY_SCREENING_PENDING,https://pubmed.ncbi.nlm.nih.gov/2928592/,2026-09-30
3047227,"Building a body of knowledge: research on therapeutic touch, 1974-1986.",10.1177/089801018800600110,,Journal Article;Review,False,[],THERAPEUTIC_TOUCH,False,ELIGIBILITY_SCREENING_PENDING,https://pubmed.ncbi.nlm.nih.gov/3047227/,2026-09-30
3100895,Milliwatt carbon dioxide laser and hepatic surgery in mice: surgical technique and pathology.,10.1002/lsm.1900060512,,"Journal Article;Research Support, Non-U.S. Gov't",True,[],SOUND_HEALING,False,ELIGIBILITY_SCREENING_PENDING,https://pubmed.ncbi.nlm.nih.gov/3100895/,2026-09-30
3124197,Measles outbreaks in religious groups exempt from immunization laws.,,PMC1477942,Journal Article,True,[],CHRISTIAN_SCIENCE_HEALING,False,ELIGIBILITY_SCREENING_PENDING,https://pubmed.ncbi.nlm.nih.gov/3124197/,2026-09-30
3172626,Therapeutic touch.,,,Journal Article,False,[],THERAPEUTIC_TOUCH,False,ELIGIBILITY_SCREENING_PENDING,https://pubmed.ncbi.nlm.nih.gov/3172626/,2026-09-30
3219526,Abdominoperineal and anterior resection of the rectum with retrocolic omentoplasty and no drainage.,10.1002/bjs.1800751020,,Journal Article,True,[],SOUND_HEALING,False,ELIGIBILITY_SCREENING_PENDING,https://pubmed.ncbi.nlm.nih.gov/3219526/,2026-09-30
3302959,The use of therapeutic touch in the management of pain.,,,Journal Article;Review,True,[],THERAPEUTIC_TOUCH,False,ELIGIBILITY_SCREENING_PENDING,https://pubmed.ncbi.nlm.nih.gov/3302959/,2026-09-30
3307626,Holistic nursing. An approach to patient and self-care.,10.1016/s0001-2092(07)66461-8,,Journal Article;Review,True,[],THERAPEUTIC_TOUCH,False,ELIGIBILITY_SCREENING_PENDING,https://pubmed.ncbi.nlm.nih.gov/3307626/,2026-09-30
3312255,Therapeutic touch as a nursing intervention.,10.1097/00004650-198711000-00004,,Journal Article,False,[],THERAPEUTIC_TOUCH,False,ELIGIBILITY_SCREENING_PENDING,https://pubmed.ncbi.nlm.nih.gov/3312255/,2026-09-30
3326292,[Neomysticism in medicine. The example of homeopathy].,,,English Abstract;Journal Article;Review,True,[],CHRISTIAN_SCIENCE_HEALING,False,ELIGIBILITY_SCREENING_PENDING,https://pubmed.ncbi.nlm.nih.gov/3326292/,2026-09-30
3367664,Therapeutic touch: a healing experience.,,,Journal Article,False,[],THERAPEUTIC_TOUCH,False,ELIGIBILITY_SCREENING_PENDING,https://pubmed.ncbi.nlm.nih.gov/3367664/,2026-09-30
3429095,Christian Science and competence to make treatment choices: clinical challenges in assessing values.,10.1016/0160-2527(87)90021-5,,Case Reports;Journal Article,False,[],CHRISTIAN_SCIENCE_HEALING,False,ELIGIBILITY_SCREENING_PENDING,https://pubmed.ncbi.nlm.nih.gov/3429095/,2026-09-30
3633503,Effects of therapeutic touch on tension headache pain.,,,"Clinical Trial;Comparative Study;Journal Article;Randomized Controlled Trial;Research Support, Non-U.S. Gov't",True,[],THERAPEUTIC_TOUCH,False,ELIGIBILITY_SCREENING_PENDING,https://pubmed.ncbi.nlm.nih.gov/3633503/,2026-09-30
3634823,Holistic healers and therapeutic touch.,10.1097/00005217-198603020-00010,,Journal Article,False,[],THERAPEUTIC_TOUCH,False,ELIGIBILITY_SCREENING_PENDING,https://pubmed.ncbi.nlm.nih.gov/3634823/,2026-09-30
3635465,Matters for concern: the healing touch.,,,Journal Article,False,[],HEALING_TOUCH,False,ELIGIBILITY_SCREENING_PENDING,https://pubmed.ncbi.nlm.nih.gov/3635465/,2026-09-30
3638899,Therapeutic touch.,,,Journal Article,False,[],THERAPEUTIC_TOUCH,False,ELIGIBILITY_SCREENING_PENDING,https://pubmed.ncbi.nlm.nih.gov/3638899/,2026-09-30
3642485,Therapeutic touch. The human connection.,,,Journal Article,False,[],THERAPEUTIC_TOUCH,False,ELIGIBILITY_SCREENING_PENDING,https://pubmed.ncbi.nlm.nih.gov/3642485/,2026-09-30
3642486,Therapeutic touch. Joining forces.,,,Journal Article,False,[],THERAPEUTIC_TOUCH,False,ELIGIBILITY_SCREENING_PENDING,https://pubmed.ncbi.nlm.nih.gov/3642486/,2026-09-30
3642497,Therapeutic touch: getting the massage.,,,Journal Article,False,[],THERAPEUTIC_TOUCH,False,ELIGIBILITY_SCREENING_PENDING,https://pubmed.ncbi.nlm.nih.gov/3642497/,2026-09-30
3642530,Therapeutic touch. Knowledge at one's fingertips.,,,Journal Article,False,[],THERAPEUTIC_TOUCH,False,ELIGIBILITY_SCREENING_PENDING,https://pubmed.ncbi.nlm.nih.gov/3642530/,2026-09-30
3648470,Therapeutic touch.,,,Case Reports;Letter,False,[],THERAPEUTIC_TOUCH,False,ELIGIBILITY_SCREENING_PENDING,https://pubmed.ncbi.nlm.nih.gov/3648470/,2026-09-30
3650571,[Therapeutic touch: a form of human interaction].,,,Journal Article,False,[],THERAPEUTIC_TOUCH,False,ELIGIBILITY_SCREENING_PENDING,https://pubmed.ncbi.nlm.nih.gov/3650571/,2026-09-30
3668791,Should Christian nurses practice therapeutic touch?,10.1097/00005217-198704040-00008,,Journal Article,False,[],THERAPEUTIC_TOUCH,False,ELIGIBILITY_SCREENING_PENDING,https://pubmed.ncbi.nlm.nih.gov/3668791/,2026-09-30
3704701,Use of a medical facility by Christian Scientists.,10.1097/00007611-198604000-00012,,Journal Article,True,[],CHRISTIAN_SCIENCE_HEALING,False,ELIGIBILITY_SCREENING_PENDING,https://pubmed.ncbi.nlm.nih.gov/3704701/,2026-09-30
3764624,Problematic ulcerative lesions in sexually transmitted diseases: surgical management.,10.1097/00007435-198607000-00003,,Case Reports;Journal Article,True,[],SOUND_HEALING,False,ELIGIBILITY_SCREENING_PENDING,https://pubmed.ncbi.nlm.nih.gov/3764624/,2026-09-30
3781717,The social consequence of wellness: a view of healing outcomes from micro and macro perspectives.,10.2190/CFER-HPVL-27QA-235X,,"Journal Article;Research Support, U.S. Gov't, Non-P.H.S.",True,[],SPIRITUALIST_HEALING,False,ELIGIBILITY_SCREENING_PENDING,https://pubmed.ncbi.nlm.nih.gov/3781717/,2026-09-30
3861861,The new antifluoridationists: who are they and how do they operate?,10.1111/j.1752-7325.1985.tb01127.x,,Journal Article,True,[],CHRISTIAN_SCIENCE_HEALING,False,ELIGIBILITY_SCREENING_PENDING,https://pubmed.ncbi.nlm.nih.gov/3861861/,2026-09-30
3883865,Liver transplantation with cyclosporine and low-dose corticosteroids.,,,"Journal Article;Research Support, U.S. Gov't, Non-P.H.S.",True,[],SOUND_HEALING,True,SEE_EARLIER_REGISTER,https://pubmed.ncbi.nlm.nih.gov/3883865/,2026-09-30
4017433,"Biogeometry. The logic in the process of selection, siting, design, construction, and transfer of flaps.",,,Journal Article,True,[],BIOGEOMETRY,True,SEE_EARLIER_REGISTER,https://pubmed.ncbi.nlm.nih.gov/4017433/,2026-09-30
4017619,"Ho'oponopono, ""to make right"": Hawaiian conflict resolution and metaphor in the construction of a family therapy.",10.1007/BF00117369,,"Journal Article;Research Support, Non-U.S. Gov't;Research Support, U.S. Gov't, P.H.S.",True,[],,True,SEE_EARLIER_REGISTER,https://pubmed.ncbi.nlm.nih.gov/4017619/,2026-09-30
4810119,Christian Science and community medicine.,10.1056/NEJM197402142900716,,Journal Article,False,[],CHRISTIAN_SCIENCE_HEALING,False,ELIGIBILITY_SCREENING_PENDING,https://pubmed.ncbi.nlm.nih.gov/4810119/,2026-09-30
4879041,Ralph G. Bengston.,10.1016/0002-9416(68)90076-6,,Biography;Historical Article;Journal Article,False,[],BENGSTON_METHOD,False,ELIGIBILITY_SCREENING_PENDING,https://pubmed.ncbi.nlm.nih.gov/4879041/,2026-09-30
4939991,[Mary Baker Eddy and Christian Science].,,,Biography;Historical Article;Journal Article,False,[],CHRISTIAN_SCIENCE_HEALING,False,ELIGIBILITY_SCREENING_PENDING,https://pubmed.ncbi.nlm.nih.gov/4939991/,2026-09-30
5028852,Health and illness behavior of Christian Scientists.,10.1016/0037-7856(72)90031-5,,Journal Article,False,[],CHRISTIAN_SCIENCE_HEALING,False,ELIGIBILITY_SCREENING_PENDING,https://pubmed.ncbi.nlm.nih.gov/5028852/,2026-09-30
6095989,Bulbrook's model of therapeutic touch: one form of health and healing in the future.,,,Case Reports;Journal Article,False,[],THERAPEUTIC_TOUCH,False,ELIGIBILITY_SCREENING_PENDING,https://pubmed.ncbi.nlm.nih.gov/6095989/,2026-09-30
6096274,"[Therapeutic touch: origin, basis, education].",,,Journal Article,False,[],THERAPEUTIC_TOUCH,False,ELIGIBILITY_SCREENING_PENDING,https://pubmed.ncbi.nlm.nih.gov/6096274/,2026-09-30
6164542,"Electroencephalographic findings during mantra meditation (transcendental meditation). A controlled, quantitative study of experienced meditators.",10.1016/0013-4694(81)90107-3,,Journal Article,True,[],MANTRA_PRACTICES,False,ELIGIBILITY_SCREENING_PENDING,https://pubmed.ncbi.nlm.nih.gov/6164542/,2026-09-30
6322674,Therapeutic touch as energy exchange: testing the theory.,10.1097/00012272-198401000-00007,,Clinical Trial;Journal Article;Randomized Controlled Trial,True,[],THERAPEUTIC_TOUCH,False,ELIGIBILITY_SCREENING_PENDING,https://pubmed.ncbi.nlm.nih.gov/6322674/,2026-09-30
6358892,"Faith healing, Christian Science, and the medical care of children.",10.1056/NEJM198312293092610,,Historical Article;Journal Article,False,[],CHRISTIAN_SCIENCE_HEALING,False,ELIGIBILITY_SCREENING_PENDING,https://pubmed.ncbi.nlm.nih.gov/6358892/,2026-09-30
6359451,Is self-care a social movement?,10.1016/0277-9536(83)90194-6,,Journal Article;Review,True,[],CHRISTIAN_SCIENCE_HEALING,False,ELIGIBILITY_SCREENING_PENDING,https://pubmed.ncbi.nlm.nih.gov/6359451/,2026-09-30
6366641,Relieving chronic pain.,,,Journal Article,True,[],THERAPEUTIC_TOUCH,False,ELIGIBILITY_SCREENING_PENDING,https://pubmed.ncbi.nlm.nih.gov/6366641/,2026-09-30
6366748,Therapeutic and physical touch: physiological response to stressful stimuli.,,,Clinical Trial;Comparative Study;Journal Article,True,[],THERAPEUTIC_TOUCH,False,ELIGIBILITY_SCREENING_PENDING,https://pubmed.ncbi.nlm.nih.gov/6366748/,2026-09-30
6366749,Therapeutic touch: is there a scientific basis for the practice?,,,Journal Article,True,[],THERAPEUTIC_TOUCH,False,ELIGIBILITY_SCREENING_PENDING,https://pubmed.ncbi.nlm.nih.gov/6366749/,2026-09-30
6397842,Therapeutic touch: maybe there's something to it after all.,,,Case Reports;Journal Article,False,[],THERAPEUTIC_TOUCH,False,ELIGIBILITY_SCREENING_PENDING,https://pubmed.ncbi.nlm.nih.gov/6397842/,2026-09-30
6399347,Conflict to coexistence: Christian Science and medicine.,10.1080/01459740.1984.9965910,,"Historical Article;Journal Article;Research Support, U.S. Gov't, Non-P.H.S.",False,[],CHRISTIAN_SCIENCE_HEALING,False,ELIGIBILITY_SCREENING_PENDING,https://pubmed.ncbi.nlm.nih.gov/6399347/,2026-09-30
6480526,"The reconnection of auditory posterior root fibers in the red-eared turtle, Chrysemys scripta elegans.",10.1016/0378-5955(84)90228-4,,"Journal Article;Research Support, Non-U.S. Gov't",True,[],,True,SEE_EARLIER_REGISTER,https://pubmed.ncbi.nlm.nih.gov/6480526/,2026-09-30
6536848,The vidente phenomenon in third world traditional healing: an Amazonian example.,10.1080/01459740.1984.9965889,,Journal Article,False,[],,True,SEE_EARLIER_REGISTER,https://pubmed.ncbi.nlm.nih.gov/6536848/,2026-09-30
6553423,Therapeutic touch: a healing modality throughout life.,,,Journal Article,False,[],THERAPEUTIC_TOUCH,False,ELIGIBILITY_SCREENING_PENDING,https://pubmed.ncbi.nlm.nih.gov/6553423/,2026-09-30
6559289,[Therapeutic touch].,,,Journal Article,False,[],THERAPEUTIC_TOUCH,False,ELIGIBILITY_SCREENING_PENDING,https://pubmed.ncbi.nlm.nih.gov/6559289/,2026-09-30
6566132,Re: Therapeutic touch.,10.1097/00006199-198409000-00010,,Letter,False,[],THERAPEUTIC_TOUCH,False,ELIGIBILITY_SCREENING_PENDING,https://pubmed.ncbi.nlm.nih.gov/6566132/,2026-09-30
6566551,Therapeutic touch: its effects on the depressed elderly.,,,Comparative Study;Journal Article,False,[],THERAPEUTIC_TOUCH,False,ELIGIBILITY_SCREENING_PENDING,https://pubmed.ncbi.nlm.nih.gov/6566551/,2026-09-30
6568834,Changing practice through therapeutic touch.,,,Journal Article,False,[],THERAPEUTIC_TOUCH,False,ELIGIBILITY_SCREENING_PENDING,https://pubmed.ncbi.nlm.nih.gov/6568834/,2026-09-30
6618961,Dowsing for diagnosis and treatment.,,,Letter,False,[],HEALING_DOWSING,False,ELIGIBILITY_SCREENING_PENDING,https://pubmed.ncbi.nlm.nih.gov/6618961/,2026-09-30
6646188,Christian Science and the care of children.,10.1056/NEJM198312293092609,,Journal Article,False,[],CHRISTIAN_SCIENCE_HEALING,False,ELIGIBILITY_SCREENING_PENDING,https://pubmed.ncbi.nlm.nih.gov/6646188/,2026-09-30
6646189,The position of the Christian Science church.,10.1056/NEJM198312293092611,,Journal Article,False,[],CHRISTIAN_SCIENCE_HEALING,False,ELIGIBILITY_SCREENING_PENDING,https://pubmed.ncbi.nlm.nih.gov/6646189/,2026-09-30
6709033,Christian Science and the care of children.,10.1056/NEJM198405103101913,,Letter,False,[],CHRISTIAN_SCIENCE_HEALING,False,ELIGIBILITY_SCREENING_PENDING,https://pubmed.ncbi.nlm.nih.gov/6709033/,2026-09-30
6748195,Teaching touch at medical school.,,,Journal Article,True,[],THERAPEUTIC_TOUCH,False,ELIGIBILITY_SCREENING_PENDING,https://pubmed.ncbi.nlm.nih.gov/6748195/,2026-09-30
6861063,Spontaneous rupture of the quadriceps tendon and patellar ligament during treatment for chronic renal failure.,,PMC1875083,Case Reports;Journal Article,True,[],SOUND_HEALING,False,ELIGIBILITY_SCREENING_PENDING,https://pubmed.ncbi.nlm.nih.gov/6861063/,2026-09-30
6898066,A skeptic's guide to therapeutic touch.,,,Journal Article,False,[],THERAPEUTIC_TOUCH,False,ELIGIBILITY_SCREENING_PENDING,https://pubmed.ncbi.nlm.nih.gov/6898066/,2026-09-30
6906014,Effect of therapeutic touch on anxiety level of hospitalized patients.,10.1097/00006199-198101000-00014,,Journal Article,True,[],THERAPEUTIC_TOUCH,False,ELIGIBILITY_SCREENING_PENDING,https://pubmed.ncbi.nlm.nih.gov/6906014/,2026-09-30
6949070,Therapeutic touch: a natural potential for nurses.,,,Journal Article,False,[],THERAPEUTIC_TOUCH,False,ELIGIBILITY_SCREENING_PENDING,https://pubmed.ncbi.nlm.nih.gov/6949070/,2026-09-30
6949071,Therapeutic touch workshop.,,,Journal Article,False,[],THERAPEUTIC_TOUCH,False,ELIGIBILITY_SCREENING_PENDING,https://pubmed.ncbi.nlm.nih.gov/6949071/,2026-09-30
6985755,Christian Science visited.,10.1097/00007611-198001000-00024,,Historical Article;Journal Article,True,[],CHRISTIAN_SCIENCE_HEALING,False,ELIGIBILITY_SCREENING_PENDING,https://pubmed.ncbi.nlm.nih.gov/6985755/,2026-09-30
6992355,Therapeutic touch: a facilitator of pain relief.,,,Journal Article,False,[],THERAPEUTIC_TOUCH,False,ELIGIBILITY_SCREENING_PENDING,https://pubmed.ncbi.nlm.nih.gov/6992355/,2026-09-30
7036890,A stereotactic frame for trigeminal ganglionectomy.,10.1159/000101662,,Journal Article,True,[],RADIONICS,False,ELIGIBILITY_SCREENING_PENDING,https://pubmed.ncbi.nlm.nih.gov/7036890/,2026-09-30
7408525,Non-medical treatments and their outcomes.,10.1007/BF00048417,,Journal Article,True,[],SPIRITUALIST_HEALING,False,ELIGIBILITY_SCREENING_PENDING,https://pubmed.ncbi.nlm.nih.gov/7408525/,2026-09-30
7454889,Christian Scientists beliefs about the role of suggestion in illness and healing.,10.2466/pr0.1980.47.2.358,,Journal Article,False,[],CHRISTIAN_SCIENCE_HEALING,False,ELIGIBILITY_SCREENING_PENDING,https://pubmed.ncbi.nlm.nih.gov/7454889/,2026-09-30
7553200,Healing patients: therapeutic touch in nursing practice.,,,Journal Article,False,[],THERAPEUTIC_TOUCH,False,ELIGIBILITY_SCREENING_PENDING,https://pubmed.ncbi.nlm.nih.gov/7553200/,2026-09-30
7579981,AHNA certification program in holistic nursing courses; AHNA certificate program in healing touch courses.,,,Directory,False,[],HEALING_TOUCH,False,ELIGIBILITY_SCREENING_PENDING,https://pubmed.ncbi.nlm.nih.gov/7579981/,2026-09-30
7591719,Christian Science's right to refuse.,,,Comment;Letter,False,"[{""type"": ""CommentOn"", ""pmid"": ""7730043""}]",CHRISTIAN_SCIENCE_HEALING,False,ELIGIBILITY_SCREENING_PENDING,https://pubmed.ncbi.nlm.nih.gov/7591719/,2026-09-30
7591720,Christian Science's right to refuse.,,,Comment;Letter,False,"[{""type"": ""CommentOn"", ""pmid"": ""7730043""}]",CHRISTIAN_SCIENCE_HEALING,False,ELIGIBILITY_SCREENING_PENDING,https://pubmed.ncbi.nlm.nih.gov/7591720/,2026-09-30
7591724,Christian Science's right to refuse.,,,Comment;Letter,False,"[{""type"": ""CommentOn"", ""pmid"": ""7730043""}]",CHRISTIAN_SCIENCE_HEALING,False,ELIGIBILITY_SCREENING_PENDING,https://pubmed.ncbi.nlm.nih.gov/7591724/,2026-09-30
7591725,Christian Science's right to refuse.,,,Comment;Letter,False,"[{""type"": ""CommentOn"", ""pmid"": ""7730043""}]",CHRISTIAN_SCIENCE_HEALING,False,ELIGIBILITY_SCREENING_PENDING,https://pubmed.ncbi.nlm.nih.gov/7591725/,2026-09-30
7599715,Wound healing with noncontact therapeutic touch used as an adjunct therapy.,10.1097/00152192-199503000-00010,,Journal Article,True,[],THERAPEUTIC_TOUCH,False,ELIGIBILITY_SCREENING_PENDING,https://pubmed.ncbi.nlm.nih.gov/7599715/,2026-09-30
7604857,Therapeutic touch: fuzzy metaphysics.,,,Letter,False,[],THERAPEUTIC_TOUCH,False,ELIGIBILITY_SCREENING_PENDING,https://pubmed.ncbi.nlm.nih.gov/7604857/,2026-09-30
7613708,Therapeutic touch--what happens when a skeptical nurse takes on pseudo nursing?,,,Journal Article,False,[],THERAPEUTIC_TOUCH,False,ELIGIBILITY_SCREENING_PENDING,https://pubmed.ncbi.nlm.nih.gov/7613708/,2026-09-30
7615916,Interventions for decreasing agitation behaviors in persons with dementia.,10.3928/0098-9134-19950701-11,,"Clinical Trial;Controlled Clinical Trial;Journal Article;Research Support, Non-U.S. Gov't",True,[],THERAPEUTIC_TOUCH,False,ELIGIBILITY_SCREENING_PENDING,https://pubmed.ncbi.nlm.nih.gov/7615916/,2026-09-30
7624532,. . . more on therapeutic touch.,,,Comment;Letter,False,"[{""type"": ""CommentIn"", ""pmid"": ""7754098""}, {""type"": ""CommentOn"", ""pmid"": ""7831490""}]",THERAPEUTIC_TOUCH,False,ELIGIBILITY_SCREENING_PENDING,https://pubmed.ncbi.nlm.nih.gov/7624532/,2026-09-30
7624534,. . . more on therapeutic touch.,,,Comment;Letter,False,"[{""type"": ""CommentOn"", ""pmid"": ""7831490""}]",THERAPEUTIC_TOUCH,False,ELIGIBILITY_SCREENING_PENDING,https://pubmed.ncbi.nlm.nih.gov/7624534/,2026-09-30
7624535,. . . more on therapeutic touch.,,,Comment;Letter,False,"[{""type"": ""CommentOn"", ""pmid"": ""7831490""}]",THERAPEUTIC_TOUCH,False,ELIGIBILITY_SCREENING_PENDING,https://pubmed.ncbi.nlm.nih.gov/7624535/,2026-09-30
7624536,. . . more on therapeutic touch.,,,Letter,False,[],THERAPEUTIC_TOUCH,False,ELIGIBILITY_SCREENING_PENDING,https://pubmed.ncbi.nlm.nih.gov/7624536/,2026-09-30
7624727,Therapeutic touch and mastectomy: a case study.,,,Case Reports;Journal Article,False,[],THERAPEUTIC_TOUCH,False,ELIGIBILITY_SCREENING_PENDING,https://pubmed.ncbi.nlm.nih.gov/7624727/,2026-09-30
7626921,AHNA certificate program in holistic nursing courses. AHNA certificate program in healing touch courses.,,,Directory,False,[],HEALING_TOUCH,False,ELIGIBILITY_SCREENING_PENDING,https://pubmed.ncbi.nlm.nih.gov/7626921/,2026-09-30
7630758,Arthritis: healing touch?,,,Journal Article,False,[],HEALING_TOUCH,False,ELIGIBILITY_SCREENING_PENDING,https://pubmed.ncbi.nlm.nih.gov/7630758/,2026-09-30
7630817,The healing touch.,,,Journal Article,False,[],HEALING_TOUCH,False,ELIGIBILITY_SCREENING_PENDING,https://pubmed.ncbi.nlm.nih.gov/7630817/,2026-09-30
7647512,AHNA certificate program in holistic nursing courses; AHNA certificate program in healing touch courses.,,,Directory,False,[],HEALING_TOUCH,False,ELIGIBILITY_SCREENING_PENDING,https://pubmed.ncbi.nlm.nih.gov/7647512/,2026-09-30
7649596,Effect of Sahaja yoga practice on stress management in patients of epilepsy.,,,"Clinical Trial;Comparative Study;Journal Article;Randomized Controlled Trial;Research Support, Non-U.S. Gov't",True,[],SAHAJA_YOGA,True,SEE_EARLIER_REGISTER,https://pubmed.ncbi.nlm.nih.gov/7649596/,2026-09-30
7706066,Anxiety and therapeutic touch.,10.3109/01612849509006927,,"Clinical Trial;Journal Article;Randomized Controlled Trial;Research Support, Non-U.S. Gov't",True,[],THERAPEUTIC_TOUCH,False,ELIGIBILITY_SCREENING_PENDING,https://pubmed.ncbi.nlm.nih.gov/7706066/,2026-09-30
7719051,AHNA certificate program in holistic nursing courses. AHNA certificate program in healing touch courses.,,,Directory,False,[],HEALING_TOUCH,False,ELIGIBILITY_SCREENING_PENDING,https://pubmed.ncbi.nlm.nih.gov/7719051/,2026-09-30
7722274,An ever increasing knowledge base in support of therapeutic touch.,10.1177/089801019401200402,,Letter,False,[],THERAPEUTIC_TOUCH,False,ELIGIBILITY_SCREENING_PENDING,https://pubmed.ncbi.nlm.nih.gov/7722274/,2026-09-30
7730043,Challenging medical authority. The refusal of treatment by Christian Scientists.,,,"Journal Article;Research Support, U.S. Gov't, Non-P.H.S.",False,"[{""type"": ""CommentIn"", ""pmid"": ""7591719""}, {""type"": ""CommentIn"", ""pmid"": ""7591720""}, {""type"": ""CommentIn"", ""pmid"": ""7591724""}, {""type"": ""CommentIn"", ""pmid"": ""7591725""}]",CHRISTIAN_SCIENCE_HEALING,True,SEE_EARLIER_REGISTER,https://pubmed.ncbi.nlm.nih.gov/7730043/,2026-09-30
7754098,Re: Therapeutic touch.,10.1002/nur.4770180311,,Comment;Letter,False,"[{""type"": ""CommentOn"", ""pmid"": ""7624532""}, {""type"": ""CommentOn"", ""pmid"": ""7831490""}]",THERAPEUTIC_TOUCH,False,ELIGIBILITY_SCREENING_PENDING,https://pubmed.ncbi.nlm.nih.gov/7754098/,2026-09-30
7754099,Therapeutic touch.,,,Comment;Letter,False,"[{""type"": ""CommentOn"", ""pmid"": ""7831490""}]",THERAPEUTIC_TOUCH,False,ELIGIBILITY_SCREENING_PENDING,https://pubmed.ncbi.nlm.nih.gov/7754099/,2026-09-30
7755027,Complementary modalities. Part 1. Discover the healing power of therapeutic touch.,,,Journal Article,False,"[{""type"": ""CommentIn"", ""pmid"": ""10234323""}]",THERAPEUTIC_TOUCH,False,ELIGIBILITY_SCREENING_PENDING,https://pubmed.ncbi.nlm.nih.gov/7755027/,2026-09-30
7772929,AHNA certificate program in holistic nursing courses: AHNA certificate program in healing touch courses.,,,Directory,False,[],HEALING_TOUCH,False,ELIGIBILITY_SCREENING_PENDING,https://pubmed.ncbi.nlm.nih.gov/7772929/,2026-09-30
7772932,AHNA certificate program in holistic nursing courses; AHNA certificate program in healing touch courses.,,,Directory,False,[],HEALING_TOUCH,False,ELIGIBILITY_SCREENING_PENDING,https://pubmed.ncbi.nlm.nih.gov/7772932/,2026-09-30
7792512,The basics of therapeutic touch.,,,Journal Article,False,[],THERAPEUTIC_TOUCH,False,ELIGIBILITY_SCREENING_PENDING,https://pubmed.ncbi.nlm.nih.gov/7792512/,2026-09-30
7795336,AHNA certificate program in holistic nursing courses. ANHA certificate program in healing touch courses.,,,Directory,False,[],HEALING_TOUCH,False,ELIGIBILITY_SCREENING_PENDING,https://pubmed.ncbi.nlm.nih.gov/7795336/,2026-09-30
7829307,"Christian Science healing of minor children: spiritual exemption statutes, first amendment rights, and fair notice.",,,Journal Article;Review,False,[],CHRISTIAN_SCIENCE_HEALING,False,ELIGIBILITY_SCREENING_PENDING,https://pubmed.ncbi.nlm.nih.gov/7829307/,2026-09-30
7843869,Complementary healing therapies.,,,Clinical Trial;Journal Article;Randomized Controlled Trial,True,[],REIKI;THERAPEUTIC_TOUCH,False,ELIGIBILITY_SCREENING_PENDING,https://pubmed.ncbi.nlm.nih.gov/7843869/,2026-09-30
7843870,The psychophysiology of nontraditional prayer.,,,Clinical Trial;Journal Article;Randomized Controlled Trial,True,[],THERAPEUTIC_TOUCH;DISTANCE_HEALING,False,ELIGIBILITY_SCREENING_PENDING,https://pubmed.ncbi.nlm.nih.gov/7843870/,2026-09-30
7849997,Reiki--healing and dealing.,,,Editorial,False,[],REIKI,False,ELIGIBILITY_SCREENING_PENDING,https://pubmed.ncbi.nlm.nih.gov/7849997/,2026-09-30
7854695,Healing touch.,10.1097/00152193-199411000-00017,,Journal Article,False,[],HEALING_TOUCH,False,ELIGIBILITY_SCREENING_PENDING,https://pubmed.ncbi.nlm.nih.gov/7854695/,2026-09-30
7858359,Effect of spiritual healing on chronic idiopathic pain: a medical and psychological study.,10.1097/00002508-199412000-00009,,"Clinical Trial;Journal Article;Randomized Controlled Trial;Research Support, Non-U.S. Gov't",True,"[{""type"": ""CommentIn"", ""pmid"": ""7549176""}, {""type"": ""CommentIn"", ""pmid"": ""7858352""}]",,True,SEE_EARLIER_REGISTER,https://pubmed.ncbi.nlm.nih.gov/7858359/,2026-09-30
7862775,Meditation and college students' self-actualization and rated stress.,10.2466/pr0.1994.75.2.1007,,Journal Article,True,[],MANTRA_PRACTICES,False,ELIGIBILITY_SCREENING_PENDING,https://pubmed.ncbi.nlm.nih.gov/7862775/,2026-09-30
7863841,Effect of artificial and human external qigong on electroencephalograms in rabbit and spontaneous electrical activity of the rat pineal gland.,10.3727/036012994816357303,,Journal Article,True,[],EXTERNAL_QIGONG,False,ELIGIBILITY_SCREENING_PENDING,https://pubmed.ncbi.nlm.nih.gov/7863841/,2026-09-30
7865968,AHNA certificate program in holistic nursing courses. AHNA certificate program in healing touch courses.,,,Directory,False,[],HEALING_TOUCH,False,ELIGIBILITY_SCREENING_PENDING,https://pubmed.ncbi.nlm.nih.gov/7865968/,2026-09-30
7881376,"Outbreak of measles among Christian Science students--Missouri and Illinois, 1994.",,,Journal Article,False,[],CHRISTIAN_SCIENCE_HEALING,False,ELIGIBILITY_SCREENING_PENDING,https://pubmed.ncbi.nlm.nih.gov/7881376/,2026-09-30
7919747,AHNA certificate program in holistic nursing courses; AHNA certificate program in healing touch courses.,,,Directory,False,[],HEALING_TOUCH,False,ELIGIBILITY_SCREENING_PENDING,https://pubmed.ncbi.nlm.nih.gov/7919747/,2026-09-30
7937002,A naturalistic inquiry of post-operative pain after therapeutic touch.,,,Journal Article,False,[],THERAPEUTIC_TOUCH,False,ELIGIBILITY_SCREENING_PENDING,https://pubmed.ncbi.nlm.nih.gov/7937002/,2026-09-30
7937013,Healing through therapeutic touch: one person's perspective.,,,Journal Article,False,[],THERAPEUTIC_TOUCH,False,ELIGIBILITY_SCREENING_PENDING,https://pubmed.ncbi.nlm.nih.gov/7937013/,2026-09-30
7949783,AHNA certificate program in holistic nursing courses. AHNA certificate programs in healing touch courses.,,,Directory,False,[],HEALING_TOUCH,False,ELIGIBILITY_SCREENING_PENDING,https://pubmed.ncbi.nlm.nih.gov/7949783/,2026-09-30
7960846,Therapeutic touch in health visiting practice.,,,Journal Article,True,[],THERAPEUTIC_TOUCH,False,ELIGIBILITY_SCREENING_PENDING,https://pubmed.ncbi.nlm.nih.gov/7960846/,2026-09-30
7984876,Ethics in action: a preop mastectomy patient who knows a little about therapeutic touch.,,,Case Reports;Journal Article,False,[],THERAPEUTIC_TOUCH,False,ELIGIBILITY_SCREENING_PENDING,https://pubmed.ncbi.nlm.nih.gov/7984876/,2026-09-30
7995899,The terminally ill: serenity nursing interventions for hospice clients.,10.3928/0098-9134-19941101-06,,"Journal Article;Research Support, U.S. Gov't, P.H.S.",True,[],THERAPEUTIC_TOUCH,False,ELIGIBILITY_SCREENING_PENDING,https://pubmed.ncbi.nlm.nih.gov/7995899/,2026-09-30
7997293,Exploring the scientific bases of holistic nursing.,,,Journal Article,True,[],THERAPEUTIC_TOUCH,False,ELIGIBILITY_SCREENING_PENDING,https://pubmed.ncbi.nlm.nih.gov/7997293/,2026-09-30
8012249,Therapeutic touch in primary care.,,,Journal Article,True,[],THERAPEUTIC_TOUCH,False,ELIGIBILITY_SCREENING_PENDING,https://pubmed.ncbi.nlm.nih.gov/8012249/,2026-09-30
8054647,[Nursing aspects in pain treatment].,,,English Abstract;Journal Article,True,[],THERAPEUTIC_TOUCH,False,ELIGIBILITY_SCREENING_PENDING,https://pubmed.ncbi.nlm.nih.gov/8054647/,2026-09-30
8070986,Multi-site electromyographic analysis of non-contact therapeutic touch.,,,Clinical Trial;Journal Article;Randomized Controlled Trial,True,[],THERAPEUTIC_TOUCH,False,ELIGIBILITY_SCREENING_PENDING,https://pubmed.ncbi.nlm.nih.gov/8070986/,2026-09-30
8080307,The effects of therapeutic touch and relaxation therapy in reducing anxiety.,10.1016/0883-9417(94)90052-3,,"Clinical Trial;Journal Article;Randomized Controlled Trial;Research Support, Non-U.S. Gov't;Research Support, U.S. Gov't, Non-P.H.S.",True,[],THERAPEUTIC_TOUCH,False,ELIGIBILITY_SCREENING_PENDING,https://pubmed.ncbi.nlm.nih.gov/8080307/,2026-09-30
8081083,AHNA certificate program in holistic nursing courses; AHNA certificate program in healing touch courses.,,,Directory,False,[],HEALING_TOUCH,False,ELIGIBILITY_SCREENING_PENDING,https://pubmed.ncbi.nlm.nih.gov/8081083/,2026-09-30
8116030,Therapeutic touch. A holistic approach to perioperative nursing (continuing education credit).,,,Journal Article,True,[],THERAPEUTIC_TOUCH,False,ELIGIBILITY_SCREENING_PENDING,https://pubmed.ncbi.nlm.nih.gov/8116030/,2026-09-30
8123527,Complementary therapies. Therapeutic touch: a nursing function.,10.7748/ns.8.17.25.s46,,Journal Article,True,[],THERAPEUTIC_TOUCH,False,ELIGIBILITY_SCREENING_PENDING,https://pubmed.ncbi.nlm.nih.gov/8123527/,2026-09-30
8155911,AHNA certificate program in holistic nursing courses: AHNA certificate program in healing touch courses.,,,Directory,False,[],HEALING_TOUCH,False,ELIGIBILITY_SCREENING_PENDING,https://pubmed.ncbi.nlm.nih.gov/8155911/,2026-09-30
8173282,Use of massage in clinical practice.,10.12968/bjon.1994.3.6.292,,Journal Article,True,[],THERAPEUTIC_TOUCH,False,ELIGIBILITY_SCREENING_PENDING,https://pubmed.ncbi.nlm.nih.gov/8173282/,2026-09-30
8195575,Nursing diagnosis and natural therapies. A symbiotic relationship.,10.1177/089801019401200208,,Journal Article,True,[],THERAPEUTIC_TOUCH,False,ELIGIBILITY_SCREENING_PENDING,https://pubmed.ncbi.nlm.nih.gov/8195575/,2026-09-30
8197275,Information-processing styles of paranormal healers.,10.2466/pr0.1994.74.2.363,,Journal Article,True,[],DISTANCE_HEALING,True,SEE_EARLIER_REGISTER,https://pubmed.ncbi.nlm.nih.gov/8197275/,2026-09-30
8208236,"Outbreak of measles among Christian Science students--Missouri and Illinois, 1994.",,,Journal Article,True,[],CHRISTIAN_SCIENCE_HEALING,False,ELIGIBILITY_SCREENING_PENDING,https://pubmed.ncbi.nlm.nih.gov/8208236/,2026-09-30
8219622,AHNA certificate program in holistic nursing courses. AHNA certificate program in healing touch courses.,,,Directory,False,[],HEALING_TOUCH,False,ELIGIBILITY_SCREENING_PENDING,https://pubmed.ncbi.nlm.nih.gov/8219622/,2026-09-30
8220197,Effects of therapeutic touch on anxiety in the institutionalized elderly.,10.1177/105477389300200406,,Clinical Trial;Journal Article;Randomized Controlled Trial,True,[],THERAPEUTIC_TOUCH,False,ELIGIBILITY_SCREENING_PENDING,https://pubmed.ncbi.nlm.nih.gov/8220197/,2026-09-30
8228136,The child's perception of the human energy field using Therapeutic Touch.,10.1177/089801019301100402,,Journal Article,True,[],THERAPEUTIC_TOUCH,False,ELIGIBILITY_SCREENING_PENDING,https://pubmed.ncbi.nlm.nih.gov/8228136/,2026-09-30
8233874,Therapeutic touch.,,,Journal Article,False,[],THERAPEUTIC_TOUCH,False,ELIGIBILITY_SCREENING_PENDING,https://pubmed.ncbi.nlm.nih.gov/8233874/,2026-09-30
8240768,The use of touch in nursing practice.,,,Journal Article,True,[],THERAPEUTIC_TOUCH,False,ELIGIBILITY_SCREENING_PENDING,https://pubmed.ncbi.nlm.nih.gov/8240768/,2026-09-30
8245084,"Central grafting for persistent nonunion of the tibia. A lateral approach to the tibia, creating a central compartment.",10.1302/0301-620X.75B6.8245084,,Journal Article,True,"[{""type"": ""CommentIn"", ""pmid"": ""7822385""}]",SOUND_HEALING,False,ELIGIBILITY_SCREENING_PENDING,https://pubmed.ncbi.nlm.nih.gov/8245084/,2026-09-30
8263083,Use of alternative health therapies by people with multiple sclerosis: an exploratory study.,10.1097/00004650-199401000-00008,,Journal Article,True,[],THERAPEUTIC_TOUCH,False,ELIGIBILITY_SCREENING_PENDING,https://pubmed.ncbi.nlm.nih.gov/8263083/,2026-09-30
8278089,Therapeutic touch for the elderly.,10.1097/00006205-199311000-00007,,Letter,False,[],THERAPEUTIC_TOUCH,False,ELIGIBILITY_SCREENING_PENDING,https://pubmed.ncbi.nlm.nih.gov/8278089/,2026-09-30
8315358,The experiential foundations of shamanic healing.,10.1093/jmp/18.2.107,,Comparative Study;Journal Article,True,[],,True,SEE_EARLIER_REGISTER,https://pubmed.ncbi.nlm.nih.gov/8315358/,2026-09-30
8322556,Holistic nursing: therapeutic touch.,,,Journal Article,False,[],THERAPEUTIC_TOUCH,False,ELIGIBILITY_SCREENING_PENDING,https://pubmed.ncbi.nlm.nih.gov/8322556/,2026-09-30
8326484,Therapeutic touch: can we trust the data?,10.1097/00005217-199310030-00003,,Journal Article,False,[],THERAPEUTIC_TOUCH,False,ELIGIBILITY_SCREENING_PENDING,https://pubmed.ncbi.nlm.nih.gov/8326484/,2026-09-30
8364296,AHNA certificate program in holistic nursing courses. AHNA certificate program in healing touch courses.,,,Directory,False,[],HEALING_TOUCH,False,ELIGIBILITY_SCREENING_PENDING,https://pubmed.ncbi.nlm.nih.gov/8364296/,2026-09-30
8409352,Healing touch as a nursing intervention: wound infection following cesarean birth--an anecdotal case study.,10.1177/089801019301100307,,Case Reports;Journal Article,True,[],HEALING_TOUCH,False,ELIGIBILITY_SCREENING_PENDING,https://pubmed.ncbi.nlm.nih.gov/8409352/,2026-09-30
8411508,Christian Science church loses first civil suit on wrongful death of a child.,,,News,False,[],CHRISTIAN_SCIENCE_HEALING,False,ELIGIBILITY_SCREENING_PENDING,https://pubmed.ncbi.nlm.nih.gov/8411508/,2026-09-30
8425174,[In search of nursing practices].,,,English Abstract;Journal Article,True,[],THERAPEUTIC_TOUCH,False,ELIGIBILITY_SCREENING_PENDING,https://pubmed.ncbi.nlm.nih.gov/8425174/,2026-09-30
8437138,Technique integration. Therapeutic touch and theory-based mental health nursing.,10.3928/0279-3695-19930201-08,,Case Reports;Journal Article,True,[],THERAPEUTIC_TOUCH,False,ELIGIBILITY_SCREENING_PENDING,https://pubmed.ncbi.nlm.nih.gov/8437138/,2026-09-30
8493960,Pressure sores in a Christian Science sanatorium.,10.1097/00000433-199303000-00002,,Journal Article,True,[],CHRISTIAN_SCIENCE_HEALING,False,ELIGIBILITY_SCREENING_PENDING,https://pubmed.ncbi.nlm.nih.gov/8493960/,2026-09-30
8502438,Therapeutic touch and postoperative pain: a Rogerian research study.,10.1177/089431849300600206,,"Clinical Trial;Journal Article;Randomized Controlled Trial;Research Support, Non-U.S. Gov't",True,[],THERAPEUTIC_TOUCH,False,ELIGIBILITY_SCREENING_PENDING,https://pubmed.ncbi.nlm.nih.gov/8502438/,2026-09-30
8512301,Psychoimmunologic effects of therapeutic touch on practitioners and recently bereaved recipients: a pilot study.,10.1097/00012272-199306000-00003,,"Journal Article;Research Support, Non-U.S. Gov't",True,[],THERAPEUTIC_TOUCH,False,ELIGIBILITY_SCREENING_PENDING,https://pubmed.ncbi.nlm.nih.gov/8512301/,2026-09-30
8535577,The gentle touch.,10.1111/j.1365-2702.1995.tb00037.x,,Clinical Trial;Controlled Clinical Trial;Journal Article,True,[],THERAPEUTIC_TOUCH,False,ELIGIBILITY_SCREENING_PENDING,https://pubmed.ncbi.nlm.nih.gov/8535577/,2026-09-30
8545679,The cultural production of Bioterapia: psychic healing and the natural medicine movement in Slovakia.,10.1016/0277-9536(95)00009-v,,"Journal Article;Research Support, Non-U.S. Gov't",True,[],THERAPEUTIC_TOUCH,False,ELIGIBILITY_SCREENING_PENDING,https://pubmed.ncbi.nlm.nih.gov/8545679/,2026-09-30
8552806,Re: Therapeutic touch..,,,Comment;Letter,False,"[{""type"": ""CommentOn"", ""pmid"": ""7831490""}]",THERAPEUTIC_TOUCH,False,ELIGIBILITY_SCREENING_PENDING,https://pubmed.ncbi.nlm.nih.gov/8552806/,2026-09-30
8582812,Complementary healing intervention and dermal wound reepithelialization: an overview.,,,Clinical Trial;Comparative Study;Journal Article;Randomized Controlled Trial,True,[],THERAPEUTIC_TOUCH,False,ELIGIBILITY_SCREENING_PENDING,https://pubmed.ncbi.nlm.nih.gov/8582812/,2026-09-30
8685612,Reiki: an ancient touch therapy.,,,Journal Article,False,[],REIKI,False,ELIGIBILITY_SCREENING_PENDING,https://pubmed.ncbi.nlm.nih.gov/8685612/,2026-09-30
8690446,Comparison of nurses and alternative healers.,10.1111/j.1547-5069.1996.tb01199.x,,Comparative Study;Journal Article,True,"[{""type"": ""CommentIn"", ""pmid"": ""9127527""}, {""type"": ""CommentIn"", ""pmid"": ""9212503""}]",THERAPEUTIC_TOUCH,False,ELIGIBILITY_SCREENING_PENDING,https://pubmed.ncbi.nlm.nih.gov/8690446/,2026-09-30
8692390,Percutaneous radiofrequency upper thoracic sympathectomy.,,,Journal Article,True,"[{""type"": ""CommentIn"", ""pmid"": ""8971848""}]",RADIONICS,False,ELIGIBILITY_SCREENING_PENDING,https://pubmed.ncbi.nlm.nih.gov/8692390/,2026-09-30
8695945,Four hugs a day using therapeutic touch.,,,Case Reports;Journal Article,True,[],THERAPEUTIC_TOUCH,False,ELIGIBILITY_SCREENING_PENDING,https://pubmed.ncbi.nlm.nih.gov/8695945/,2026-09-30
8695974,Certificate program in holistic nursing. Healing touch workshops 1996. 1996 aromatherapy schedule.,,,Directory,False,[],HEALING_TOUCH,False,ELIGIBILITY_SCREENING_PENDING,https://pubmed.ncbi.nlm.nih.gov/8695974/,2026-09-30
8698982,Therapeutic touch with adolescent psychiatric patients.,10.1177/089801019601400102,,Journal Article,True,[],THERAPEUTIC_TOUCH,False,ELIGIBILITY_SCREENING_PENDING,https://pubmed.ncbi.nlm.nih.gov/8698982/,2026-09-30
8700295,Healing touch: its importance in the art of nursing.,,,Journal Article,False,[],HEALING_TOUCH,False,ELIGIBILITY_SCREENING_PENDING,https://pubmed.ncbi.nlm.nih.gov/8700295/,2026-09-30
8704369,Certificate program in holistic nursing. Healing touch workshops.,,,Directory,False,[],HEALING_TOUCH,False,ELIGIBILITY_SCREENING_PENDING,https://pubmed.ncbi.nlm.nih.gov/8704369/,2026-09-30
8709454,Christian Science and emergency care: a case of reconciling conflicting beliefs.,10.1016/s0099-1767(05)80256-9,,Journal Article,False,[],CHRISTIAN_SCIENCE_HEALING,False,ELIGIBILITY_SCREENING_PENDING,https://pubmed.ncbi.nlm.nih.gov/8709454/,2026-09-30
8715891,Passage meditation and the use of a mantram.,,,Journal Article,False,[],MANTRA_PRACTICES,False,ELIGIBILITY_SCREENING_PENDING,https://pubmed.ncbi.nlm.nih.gov/8715891/,2026-09-30
8715987,Certificate program in holistic nursing. Healing touch schedule.,,,Directory,False,[],HEALING_TOUCH,False,ELIGIBILITY_SCREENING_PENDING,https://pubmed.ncbi.nlm.nih.gov/8715987/,2026-09-30
8795925,"Janet Quinn, RN, PhD. Therapeutic touch and a healing way. Interview by Bonnie Horrigan.",,,Interview,True,[],THERAPEUTIC_TOUCH,False,ELIGIBILITY_SCREENING_PENDING,https://pubmed.ncbi.nlm.nih.gov/8795925/,2026-09-30
8801510,Psychoneuroimmunology and innovative behavioral interventions in patients with leukemia.,,,Journal Article;Review,True,"[{""type"": ""CommentIn"", ""pmid"": ""8883065""}]",THERAPEUTIC_TOUCH,False,ELIGIBILITY_SCREENING_PENDING,https://pubmed.ncbi.nlm.nih.gov/8801510/,2026-09-30
8807962,[Teaching therapeutic touch: report of an experience].,,,English Abstract;Journal Article,True,[],THERAPEUTIC_TOUCH,False,ELIGIBILITY_SCREENING_PENDING,https://pubmed.ncbi.nlm.nih.gov/8807962/,2026-09-30
8820318,Therapeutic touch: a healing modality.,10.1097/00005082-199604000-00004,,Journal Article;Review,True,"[{""type"": ""CommentIn"", ""pmid"": ""8820315""}]",THERAPEUTIC_TOUCH,False,ELIGIBILITY_SCREENING_PENDING,https://pubmed.ncbi.nlm.nih.gov/8820318/,2026-09-30
8820319,Nursing grand rounds.,10.1097/00005082-199604000-00005,,Journal Article,True,[],THERAPEUTIC_TOUCH,False,ELIGIBILITY_SCREENING_PENDING,https://pubmed.ncbi.nlm.nih.gov/8820319/,2026-09-30
8850427,Characteristics of a dedicated linear accelerator-based stereotactic radiosurgery-radiotherapy unit.,10.1016/0167-8140(95)01674-0,,Journal Article,True,[],RADIONICS,False,ELIGIBILITY_SCREENING_PENDING,https://pubmed.ncbi.nlm.nih.gov/8850427/,2026-09-30
8871984,Complementary therapies: an adjunct to traditional therapies.,,,Letter,True,[],THERAPEUTIC_TOUCH,False,ELIGIBILITY_SCREENING_PENDING,https://pubmed.ncbi.nlm.nih.gov/8871984/,2026-09-30
8883065,Reader questions discussion of therapeutic touch.,,,Comment;Letter,False,"[{""type"": ""CommentOn"", ""pmid"": ""8801510""}]",THERAPEUTIC_TOUCH,False,ELIGIBILITY_SCREENING_PENDING,https://pubmed.ncbi.nlm.nih.gov/8883065/,2026-09-30
8914686,"Comparisons of pain relief mechanisms between needling to the muscle, static magnetic field, external qigong and needling to the acupuncture point.",10.3727/036012996816356924,,Comparative Study;Journal Article,True,[],EXTERNAL_QIGONG,False,ELIGIBILITY_SCREENING_PENDING,https://pubmed.ncbi.nlm.nih.gov/8914686/,2026-09-30
8920548,[Therapeutic touch in palliative care].,,,Clinical Trial;Comparative Study;Journal Article;Randomized Controlled Trial,False,[],THERAPEUTIC_TOUCH,False,ELIGIBILITY_SCREENING_PENDING,https://pubmed.ncbi.nlm.nih.gov/8920548/,2026-09-30
8920552,Healing hands.,,,Journal Article,True,[],THERAPEUTIC_TOUCH,False,ELIGIBILITY_SCREENING_PENDING,https://pubmed.ncbi.nlm.nih.gov/8920552/,2026-09-30
8945180,The clinical practice of healing touch.,,,Journal Article,False,[],HEALING_TOUCH,False,ELIGIBILITY_SCREENING_PENDING,https://pubmed.ncbi.nlm.nih.gov/8945180/,2026-09-30
8949197,Therapeutic touch in home healthcare: one nurse's experience.,10.1097/00004045-199608000-00002,,Case Reports;Journal Article,True,[],THERAPEUTIC_TOUCH,False,ELIGIBILITY_SCREENING_PENDING,https://pubmed.ncbi.nlm.nih.gov/8949197/,2026-09-30
9001078,"If therapeutic touch works, prove it!",,,Journal Article,False,[],THERAPEUTIC_TOUCH,False,ELIGIBILITY_SCREENING_PENDING,https://pubmed.ncbi.nlm.nih.gov/9001078/,2026-09-30
9004697,The operating room of the future.,,,Journal Article,True,[],THERAPEUTIC_TOUCH,False,ELIGIBILITY_SCREENING_PENDING,https://pubmed.ncbi.nlm.nih.gov/9004697/,2026-09-30
9006250,[Hospital nursing conducted according to Rogers' theory. The participating process of human field patterning in a clinical environment].,,,Case Reports;English Abstract;Journal Article,True,[],THERAPEUTIC_TOUCH,False,ELIGIBILITY_SCREENING_PENDING,https://pubmed.ncbi.nlm.nih.gov/9006250/,2026-09-30
9032146,Justice Department calls medicare payments to Christian Science sanitoria unconstitutional.,10.1001/jama.277.7.520,,News,False,[],CHRISTIAN_SCIENCE_HEALING,False,ELIGIBILITY_SCREENING_PENDING,https://pubmed.ncbi.nlm.nih.gov/9032146/,2026-09-30
9061991,Stress-induced immunosuppression and therapeutic touch.,,,"Journal Article;Research Support, U.S. Gov't, P.H.S.",True,[],THERAPEUTIC_TOUCH,False,ELIGIBILITY_SCREENING_PENDING,https://pubmed.ncbi.nlm.nih.gov/9061991/,2026-09-30
9062044,Effect of Sahaja yoga practice on seizure control & EEG changes in patients of epilepsy.,,,"Clinical Trial;Journal Article;Randomized Controlled Trial;Research Support, Non-U.S. Gov't",True,[],SAHAJA_YOGA,True,SEE_EARLIER_REGISTER,https://pubmed.ncbi.nlm.nih.gov/9062044/,2026-09-30
9069762,Reiki: a complementary therapy for life.,10.1177/104990919701400112,,Case Reports;Journal Article,True,[],REIKI,False,ELIGIBILITY_SCREENING_PENDING,https://pubmed.ncbi.nlm.nih.gov/9069762/,2026-09-30
9095715,Therapeutic touch--registered nurses are finding positive benefits from this complementary form of healing.,,,Case Reports;Journal Article,False,[],THERAPEUTIC_TOUCH,False,ELIGIBILITY_SCREENING_PENDING,https://pubmed.ncbi.nlm.nih.gov/9095715/,2026-09-30
9142560,A study of structure of phenomenology of consciousness in meditative and non-meditative states.,,,"Comparative Study;Journal Article;Research Support, Non-U.S. Gov't",True,[],CHAKRA_AURA,False,ELIGIBILITY_SCREENING_PENDING,https://pubmed.ncbi.nlm.nih.gov/9142560/,2026-09-30
9165805,The state of research on the effects of therapeutic touch.,10.1177/089801019701500207,,Journal Article;Review,True,[],THERAPEUTIC_TOUCH,False,ELIGIBILITY_SCREENING_PENDING,https://pubmed.ncbi.nlm.nih.gov/9165805/,2026-09-30
9165806,The effectiveness of therapeutic touch for decreasing pain in elders with degenerative arthritis.,10.1177/089801019701500208,,Clinical Trial;Journal Article;Randomized Controlled Trial,True,[],THERAPEUTIC_TOUCH,False,ELIGIBILITY_SCREENING_PENDING,https://pubmed.ncbi.nlm.nih.gov/9165806/,2026-09-30
9181407,"Therapeutic touch, nursing practice and contemporary cutaneous wound healing research.",10.1046/j.1365-2648.1997.19970251123.x,,Journal Article;Review,True,"[{""type"": ""CommentIn"", ""pmid"": ""9515630""}]",THERAPEUTIC_TOUCH,True,SEE_EARLIER_REGISTER,https://pubmed.ncbi.nlm.nih.gov/9181407/,2026-09-30
9188913,Impression on observing psychic surgery and healing in Brazil which appear to incorporate (+) qi gong energy & the use of acupuncture points.,10.3727/036012997816356815,,"Journal Article;Research Support, Non-U.S. Gov't",True,[],EXTERNAL_QIGONG,False,ELIGIBILITY_SCREENING_PENDING,https://pubmed.ncbi.nlm.nih.gov/9188913/,2026-09-30
9204113,Electrophysiologic target localization in posteroventral pallidotomy.,10.1007/BF01808880,,Journal Article,True,[],RADIONICS,False,ELIGIBILITY_SCREENING_PENDING,https://pubmed.ncbi.nlm.nih.gov/9204113/,2026-09-30
9225408,Health care and consumer choice: medical and alternative therapies.,10.1016/s0277-9536(96)00334-6,,"Comparative Study;Journal Article;Research Support, Non-U.S. Gov't",True,[],REIKI,False,ELIGIBILITY_SCREENING_PENDING,https://pubmed.ncbi.nlm.nih.gov/9225408/,2026-09-30
9233418,Incorporation of ultrasonic imaging in an optically coupled frameless stereotactic system.,10.1007/978-3-7091-6513-3_14,,Journal Article,True,[],RADIONICS,False,ELIGIBILITY_SCREENING_PENDING,https://pubmed.ncbi.nlm.nih.gov/9233418/,2026-09-30
9265308,"[""Earth rays""--an underground phenomenon?].",,,Journal Article;Comment,True,"[{""type"": ""CommentOn"", ""pmid"": ""9381452""}]",HEALING_DOWSING,True,SEE_EARLIER_REGISTER,https://pubmed.ncbi.nlm.nih.gov/9265308/,2026-09-30
9272070,"Rogerian science, phantoms, and therapeutic touch: exploring potentials.",10.1177/089431849600900408,,Case Reports;Journal Article;Review,True,[],THERAPEUTIC_TOUCH,False,ELIGIBILITY_SCREENING_PENDING,https://pubmed.ncbi.nlm.nih.gov/9272070/,2026-09-30
9287618,The experience of therapeutic touch for novice recipients.,10.1177/089801019701500305,,"Journal Article;Research Support, Non-U.S. Gov't",True,[],THERAPEUTIC_TOUCH,False,ELIGIBILITY_SCREENING_PENDING,https://pubmed.ncbi.nlm.nih.gov/9287618/,2026-09-30
9295408,Therapeutic touch and the terminally ill: healing power through the hands.,10.1177/104990919701400207,,Journal Article;Review,True,[],THERAPEUTIC_TOUCH,False,ELIGIBILITY_SCREENING_PENDING,https://pubmed.ncbi.nlm.nih.gov/9295408/,2026-09-30
9301432,"Timing of administration of dexamethasone or the nitric oxide synthase inhibitor, nitro-L-arginine methyl ester, is critical for effective treatment of ischaemia-reperfusion injury to rat skeletal muscle.",10.1042/cs0930167,,"Comparative Study;Journal Article;Research Support, Non-U.S. Gov't",True,[],,True,SEE_EARLIER_REGISTER,https://pubmed.ncbi.nlm.nih.gov/9301432/,2026-09-30
9311078,A new endoscopic tool for the CRW Stereotactic System.,10.1159/000099450,,Journal Article,True,[],RADIONICS,False,ELIGIBILITY_SCREENING_PENDING,https://pubmed.ncbi.nlm.nih.gov/9311078/,2026-09-30
9313008,The healing touch.,10.7326/0003-4819-127-6-199709150-00012,,Journal Article,False,[],HEALING_TOUCH,False,ELIGIBILITY_SCREENING_PENDING,https://pubmed.ncbi.nlm.nih.gov/9313008/,2026-09-30
9325725,The usefulness of therapeutic touch in the clinical setting.,,,Journal Article,False,[],THERAPEUTIC_TOUCH,False,ELIGIBILITY_SCREENING_PENDING,https://pubmed.ncbi.nlm.nih.gov/9325725/,2026-09-30
9330672,A possible physical basis for the healing touch (biotherapy) evaluated by high voltage electrophotography.,10.3727/036012997816356716,,Journal Article,True,[],HEALING_TOUCH,False,ELIGIBILITY_SCREENING_PENDING,https://pubmed.ncbi.nlm.nih.gov/9330672/,2026-09-30
9349060,Quantitative research on therapeutic touch. An integrative review of the literature 1985-1995.,10.1111/j.1471-6712.1997.tb00452.x,,Journal Article;Review,True,[],THERAPEUTIC_TOUCH,False,ELIGIBILITY_SCREENING_PENDING,https://pubmed.ncbi.nlm.nih.gov/9349060/,2026-09-30
9355334,Therapeutic touch: energy-based healing.,,,Journal Article,False,[],THERAPEUTIC_TOUCH,False,ELIGIBILITY_SCREENING_PENDING,https://pubmed.ncbi.nlm.nih.gov/9355334/,2026-09-30
9362806,Therapeutic touch: healing science or metaphysical fraud?,10.1097/00005217-199613030-00002,,Journal Article;Review,False,[],THERAPEUTIC_TOUCH,False,ELIGIBILITY_SCREENING_PENDING,https://pubmed.ncbi.nlm.nih.gov/9362806/,2026-09-30
9375431,Distant intentionality and healing: assessing the evidence.,,,"Journal Article;Research Support, Non-U.S. Gov't;Review",True,[],DISTANCE_HEALING,False,ELIGIBILITY_SCREENING_PENDING,https://pubmed.ncbi.nlm.nih.gov/9375431/,2026-09-30
9375432,Evaluating distant healing: a research review.,,,Journal Article,True,[],DISTANCE_HEALING,False,ELIGIBILITY_SCREENING_PENDING,https://pubmed.ncbi.nlm.nih.gov/9375432/,2026-09-30
9380585,Therapeutic touch can augment traditional therapies.,,,Journal Article,False,[],THERAPEUTIC_TOUCH,False,ELIGIBILITY_SCREENING_PENDING,https://pubmed.ncbi.nlm.nih.gov/9380585/,2026-09-30
9384072,"Therapeutic touch, dialogue, and women's experiences in breast cancer surgery.",10.1097/00004650-199710000-00010,,"Journal Article;Research Support, Non-U.S. Gov't;Research Support, U.S. Gov't, P.H.S.",True,[],THERAPEUTIC_TOUCH,False,ELIGIBILITY_SCREENING_PENDING,https://pubmed.ncbi.nlm.nih.gov/9384072/,2026-09-30
9386255,Holistic manual therapy techniques.,10.1016/s0095-4543(05)70309-2,,Case Reports;Journal Article;Review,True,[],THERAPEUTIC_TOUCH,False,ELIGIBILITY_SCREENING_PENDING,https://pubmed.ncbi.nlm.nih.gov/9386255/,2026-09-30
9395605,Introducing alternative/complementary healing to allopathic medical students.,10.1089/acm.1995.1.93,,Journal Article,True,[],THERAPEUTIC_TOUCH,False,ELIGIBILITY_SCREENING_PENDING,https://pubmed.ncbi.nlm.nih.gov/9395605/,2026-09-30
9395679,Wound healing and complementary therapies: a review.,10.1089/acm.1996.2.493,,Journal Article;Review,True,[],REIKI;THERAPEUTIC_TOUCH,False,ELIGIBILITY_SCREENING_PENDING,https://pubmed.ncbi.nlm.nih.gov/9395679/,2026-09-30
9395700,Multisite electromyographic analysis of therapeutic touch and qigong therapy.,10.1089/acm.1997.3.109,,Clinical Trial;Controlled Clinical Trial;Journal Article,True,[],THERAPEUTIC_TOUCH,False,ELIGIBILITY_SCREENING_PENDING,https://pubmed.ncbi.nlm.nih.gov/9395700/,2026-09-30
9395702,Who seeks alternative health care? A profile of the users of five modes of treatment.,10.1089/acm.1997.3.127,,"Clinical Trial;Comparative Study;Journal Article;Randomized Controlled Trial;Research Support, Non-U.S. Gov't",True,"[{""type"": ""CommentIn"", ""pmid"": ""9395698""}]",REIKI,False,ELIGIBILITY_SCREENING_PENDING,https://pubmed.ncbi.nlm.nih.gov/9395702/,2026-09-30
9402598,Telemetric intraventricular pressure measurements after third ventriculocisternostomy in a patient with noncommunicating hydrocephalus.,10.1097/00006123-199712000-00044,,Case Reports;Journal Article,True,[],RADIONICS,False,ELIGIBILITY_SCREENING_PENDING,https://pubmed.ncbi.nlm.nih.gov/9402598/,2026-09-30
9439024,"Dolores Krieger, RN, PhD healing with therapeutic touch. Interview by Bonnie Horrigan.",,,Interview,False,[],THERAPEUTIC_TOUCH,False,ELIGIBILITY_SCREENING_PENDING,https://pubmed.ncbi.nlm.nih.gov/9439024/,2026-09-30
9439261,Therapeutic touch: nursing activity or form of spiritual healing?,10.1016/s1353-6117(97)80062-5,,Comparative Study;Journal Article;Review,True,[],THERAPEUTIC_TOUCH,False,ELIGIBILITY_SCREENING_PENDING,https://pubmed.ncbi.nlm.nih.gov/9439261/,2026-09-30
9439288,A reflection of a Therapeutic Touch experience: case study I.,10.1016/s1353-6117(96)80071-0,,Case Reports;Journal Article,True,[],THERAPEUTIC_TOUCH,False,ELIGIBILITY_SCREENING_PENDING,https://pubmed.ncbi.nlm.nih.gov/9439288/,2026-09-30
9449057,Multisite surface electromyography and complementary healing intervention: a comparative analysis.,10.1089/acm.1997.3.355,,Clinical Trial;Comparative Study;Journal Article;Randomized Controlled Trial,True,[],CHAKRA_AURA,False,ELIGIBILITY_SCREENING_PENDING,https://pubmed.ncbi.nlm.nih.gov/9449057/,2026-09-30
9455277,Therapeutic touch and wound healing.,10.12968/jowc.1997.6.10.501,,Journal Article;Review,True,[],THERAPEUTIC_TOUCH,False,ELIGIBILITY_SCREENING_PENDING,https://pubmed.ncbi.nlm.nih.gov/9455277/,2026-09-30
9456714,Non-pharmacological aspects of acute pain management.,10.1016/s1353-6117(05)80081-2,,Journal Article;Review,True,[],THERAPEUTIC_TOUCH,False,ELIGIBILITY_SCREENING_PENDING,https://pubmed.ncbi.nlm.nih.gov/9456714/,2026-09-30
9464015,The subtle allure of therapeutic touch.,10.1097/00005217-199815010-00002,,Journal Article,False,"[{""type"": ""CommentIn"", ""pmid"": ""11904952""}]",THERAPEUTIC_TOUCH,False,ELIGIBILITY_SCREENING_PENDING,https://pubmed.ncbi.nlm.nih.gov/9464015/,2026-09-30
9464018,Reiki therapy.,10.1097/00005217-199815010-00007,,Journal Article,False,[],REIKI,False,ELIGIBILITY_SCREENING_PENDING,https://pubmed.ncbi.nlm.nih.gov/9464018/,2026-09-30
9464090,[Discovery and curative power of therapeutic touch].,,,Journal Article,False,[],THERAPEUTIC_TOUCH,False,ELIGIBILITY_SCREENING_PENDING,https://pubmed.ncbi.nlm.nih.gov/9464090/,2026-09-30
9477398,Five years of stereotactic radiosurgery at the University of Tübingen--a critical review of the method.,10.1055/s-2008-1053430,,Journal Article,True,[],RADIONICS,False,ELIGIBILITY_SCREENING_PENDING,https://pubmed.ncbi.nlm.nih.gov/9477398/,2026-09-30
9484590,"Accuracy, efficacy, and clinical applications of the Radionics Operating Arm System.",10.1002/(SICI)1097-0150(1997)2:5<292::AID-IGS5>3.0.CO;2-V,,"Journal Article;Research Support, Non-U.S. Gov't",True,[],RADIONICS,True,SEE_EARLIER_REGISTER,https://pubmed.ncbi.nlm.nih.gov/9484590/,2026-09-30
9511646,Reducing anxiety: the employment of Therapeutic Touch as a nursing intervention.,10.1016/s1353-6117(05)81004-2,,Case Reports;Journal Article,True,[],THERAPEUTIC_TOUCH,False,ELIGIBILITY_SCREENING_PENDING,https://pubmed.ncbi.nlm.nih.gov/9511646/,2026-09-30
9515630,Therapeutic touch.,,,Comment;Letter,False,"[{""type"": ""CommentOn"", ""pmid"": ""9181407""}]",THERAPEUTIC_TOUCH,False,ELIGIBILITY_SCREENING_PENDING,https://pubmed.ncbi.nlm.nih.gov/9515630/,2026-09-30
9526209,Conservative treatment of femoral shaft fractures in patients with total hip arthroplasty.,10.1016/s0883-5403(98)90094-8,,Journal Article,True,[],SOUND_HEALING,True,SEE_EARLIER_REGISTER,https://pubmed.ncbi.nlm.nih.gov/9526209/,2026-09-30
9533499,A close look at therapeutic touch.,10.1001/jama.279.13.1005,,Journal Article,True,"[{""type"": ""CommentIn"", ""pmid"": ""9851462""}, {""type"": ""CommentIn"", ""pmid"": ""9851463""}, {""type"": ""CommentIn"", ""pmid"": ""9851464""}, {""type"": ""CommentIn"", ""pmid"": ""9851465""}, {""type"": ""CommentIn"", ""pmid"": ""9851466""}, {""type"": ""CommentIn"", ""pmid"": ""9851467""}, {""type"": ""CommentIn"", ""pmid"": ""9851468""}, {""type"": ""CommentIn"", ""pmid"": ""9851469""}, {""type"": ""CommentIn"", ""pmid"": ""9851470""}, {""type"": ""CommentIn"", ""pmid"": ""9851471""}, {""type"": ""CommentIn"", ""pmid"": ""9851472""}, {""type"": ""CommentIn"", ""pmid"": ""9851473""}]",THERAPEUTIC_TOUCH,True,SEE_EARLIER_REGISTER,https://pubmed.ncbi.nlm.nih.gov/9533499/,2026-09-30
9541710,The first Reiki practitioner in our OR.,10.1016/s0001-2092(06)62838-x,,Case Reports;Journal Article,False,[],REIKI,False,ELIGIBILITY_SCREENING_PENDING,https://pubmed.ncbi.nlm.nih.gov/9541710/,2026-09-30
9552026,Alternative and complementary therapy use in pediatric oncology patients in British Columbia: prevalence and reasons for use and nonuse.,10.1200/JCO.1998.16.4.1279,,Comparative Study;Journal Article,True,[],THERAPEUTIC_TOUCH,False,ELIGIBILITY_SCREENING_PENDING,https://pubmed.ncbi.nlm.nih.gov/9552026/,2026-09-30
9577392,"Neuropsychological, neurological and functional outcome following pallidotomy for Parkinson's disease. A consecutive series of eight simultaneous bilateral and twelve unilateral procedures.",10.1093/brain/121.4.659,,Journal Article,True,[],RADIONICS,False,ELIGIBILITY_SCREENING_PENDING,https://pubmed.ncbi.nlm.nih.gov/9577392/,2026-09-30
9592592,"Absence of an analgesic effect of qigong ""external qi"" in rats.",10.1142/S0192415X98000063,,"Journal Article;Research Support, Non-U.S. Gov't",True,[],EXTERNAL_QIGONG,False,ELIGIBILITY_SCREENING_PENDING,https://pubmed.ncbi.nlm.nih.gov/9592592/,2026-09-30
9594094,An innovative approach to pain management in critical care: therapeutic touch.,,,Journal Article;Review,True,[],THERAPEUTIC_TOUCH,False,ELIGIBILITY_SCREENING_PENDING,https://pubmed.ncbi.nlm.nih.gov/9594094/,2026-09-30
9653377,[Therapeutic touch].,,,Journal Article,False,[],THERAPEUTIC_TOUCH,False,ELIGIBILITY_SCREENING_PENDING,https://pubmed.ncbi.nlm.nih.gov/9653377/,2026-09-30
9658362,Therapeutic touch with HIV-infected children: a pilot study.,10.1016/S1055-3290(98)80046-0,,"Clinical Trial;Journal Article;Multicenter Study;Randomized Controlled Trial;Research Support, Non-U.S. Gov't",True,[],THERAPEUTIC_TOUCH,False,ELIGIBILITY_SCREENING_PENDING,https://pubmed.ncbi.nlm.nih.gov/9658362/,2026-09-30
9661330,Caring and healing in the 21st century.,10.1097/00005721-199807000-00009,,Journal Article;Review,True,[],THERAPEUTIC_TOUCH,False,ELIGIBILITY_SCREENING_PENDING,https://pubmed.ncbi.nlm.nih.gov/9661330/,2026-09-30
9677929,Reflection of a therapeutic touch experience: case study 2.,10.1016/s1353-6117(98)80008-5,,Case Reports;Journal Article,True,[],THERAPEUTIC_TOUCH,False,ELIGIBILITY_SCREENING_PENDING,https://pubmed.ncbi.nlm.nih.gov/9677929/,2026-09-30
9680913,Alternative therapies in the treatment or oral self-injurious behavior: a case report.,10.1111/j.1754-4505.1998.tb00906.x,,Case Reports;Journal Article,True,[],THERAPEUTIC_TOUCH,False,ELIGIBILITY_SCREENING_PENDING,https://pubmed.ncbi.nlm.nih.gov/9680913/,2026-09-30
9682584,Should nurses practice therapeutic touch? Should nursing schools teach therapeutic touch? ,10.1016/s8755-7223(98)80066-5,,Journal Article;Review,True,"[{""type"": ""CommentIn"", ""pmid"": ""10377630""}, {""type"": ""CommentIn"", ""pmid"": ""10377631""}]",THERAPEUTIC_TOUCH,False,ELIGIBILITY_SCREENING_PENDING,https://pubmed.ncbi.nlm.nih.gov/9682584/,2026-09-30
9687125,The effect of therapeutic touch on pain and anxiety in burn patients.,10.1046/j.1365-2648.1998.00770.x,,"Clinical Trial;Journal Article;Randomized Controlled Trial;Research Support, U.S. Gov't, Non-P.H.S.",True,[],THERAPEUTIC_TOUCH,True,SEE_EARLIER_REGISTER,https://pubmed.ncbi.nlm.nih.gov/9687125/,2026-09-30
9687138,Therapeutic touch as a nursing intervention.,10.1046/j.1365-2648.1998.00771.x,,Journal Article;Review,True,[],THERAPEUTIC_TOUCH,False,ELIGIBILITY_SCREENING_PENDING,https://pubmed.ncbi.nlm.nih.gov/9687138/,2026-09-30
9693334,Intraventricular pressure dynamics in patients with ventriculopleural shunts: a telemetric study.,10.1159/000028623,,Journal Article,True,[],RADIONICS,False,ELIGIBILITY_SCREENING_PENDING,https://pubmed.ncbi.nlm.nih.gov/9693334/,2026-09-30
9702325,Effects of the external qigong on symptoms of arteriosclerotic obstruction in the lower extremities evaluated by modern medical technology.,10.1046/j.1525-1594.1998.06093.x,,Journal Article,True,[],EXTERNAL_QIGONG,False,ELIGIBILITY_SCREENING_PENDING,https://pubmed.ncbi.nlm.nih.gov/9702325/,2026-09-30
9711753,Multiple fractionated stereotactic radiotherapy of residual pituitary macroadenomas: initial experience.,10.1159/000099872,,Journal Article,True,[],RADIONICS,True,SEE_EARLIER_REGISTER,https://pubmed.ncbi.nlm.nih.gov/9711753/,2026-09-30
9737031,Heart-focused attention and heart-brain synchronization: energetic and physiological mechanisms.,,,Journal Article,True,[],THERAPEUTIC_TOUCH,False,ELIGIBILITY_SCREENING_PENDING,https://pubmed.ncbi.nlm.nih.gov/9737031/,2026-09-30
9765732,Using Reiki to manage pain: a preliminary report.,,,"Journal Article;Research Support, Non-U.S. Gov't",True,[],REIKI,False,ELIGIBILITY_SCREENING_PENDING,https://pubmed.ncbi.nlm.nih.gov/9765732/,2026-09-30
9765761,Critical review of 5 nonpharmacologic strategies for managing cancer pain.,,,"Journal Article;Research Support, Non-U.S. Gov't;Review",True,[],THERAPEUTIC_TOUCH,False,ELIGIBILITY_SCREENING_PENDING,https://pubmed.ncbi.nlm.nih.gov/9765761/,2026-09-30
9766290,Effects of dialogue and therapeutic touch on preoperative and postoperative experiences of breast cancer surgery: an exploratory study.,,,"Clinical Trial;Controlled Clinical Trial;Journal Article;Research Support, Non-U.S. Gov't",True,[],THERAPEUTIC_TOUCH,False,ELIGIBILITY_SCREENING_PENDING,https://pubmed.ncbi.nlm.nih.gov/9766290/,2026-09-30
9773370,Energy healing with women and children.,10.1111/j.1552-6909.1998.tb02625.x,,Case Reports;Journal Article;Review,True,[],THERAPEUTIC_TOUCH;HEALING_TOUCH,False,ELIGIBILITY_SCREENING_PENDING,https://pubmed.ncbi.nlm.nih.gov/9773370/,2026-09-30
9782829,Can aromatherapy replace pre-medication?,10.1177/175045899800800506,,Journal Article;Review,True,[],THERAPEUTIC_TOUCH,False,ELIGIBILITY_SCREENING_PENDING,https://pubmed.ncbi.nlm.nih.gov/9782829/,2026-09-30
9789512,The effects of therapeutic touch on patients with osteoarthritis of the knee.,,,Clinical Trial;Journal Article;Randomized Controlled Trial,True,"[{""type"": ""CommentIn"", ""pmid"": ""9789510""}, {""type"": ""CommentIn"", ""pmid"": ""9934373""}]",THERAPEUTIC_TOUCH,False,ELIGIBILITY_SCREENING_PENDING,https://pubmed.ncbi.nlm.nih.gov/9789512/,2026-09-30
9793014,[Emily and alternative healers: 9-year-old exposes therapeutic touch healer].,,,Clinical Trial;News;Randomized Controlled Trial,False,[],THERAPEUTIC_TOUCH,False,ELIGIBILITY_SCREENING_PENDING,https://pubmed.ncbi.nlm.nih.gov/9793014/,2026-09-30
9807324,Therapeutic touch: an extension of professional skills.,,,Journal Article;Review,True,[],THERAPEUTIC_TOUCH,False,ELIGIBILITY_SCREENING_PENDING,https://pubmed.ncbi.nlm.nih.gov/9807324/,2026-09-30
9807429,Therapeutic touch. Nurturing the nurse leader.,,,Journal Article;Review,True,[],THERAPEUTIC_TOUCH,False,ELIGIBILITY_SCREENING_PENDING,https://pubmed.ncbi.nlm.nih.gov/9807429/,2026-09-30
9823252,[Reiki: an ancient therapy by touch].,,,Journal Article,False,[],REIKI,False,ELIGIBILITY_SCREENING_PENDING,https://pubmed.ncbi.nlm.nih.gov/9823252/,2026-09-30
9823264,[The therapeutic touch to enrich nursing practice].,,,Journal Article,False,[],THERAPEUTIC_TOUCH,False,ELIGIBILITY_SCREENING_PENDING,https://pubmed.ncbi.nlm.nih.gov/9823264/,2026-09-30
9830942,Experiences of administering and receiving therapeutic touch in intensive care.,10.1016/s1353-6117(98)80084-x,,Case Reports;Journal Article,True,[],THERAPEUTIC_TOUCH,False,ELIGIBILITY_SCREENING_PENDING,https://pubmed.ncbi.nlm.nih.gov/9830942/,2026-09-30
9849260,Effect of therapeutic touch on the well-being of persons with terminal cancer.,10.1177/089801019801600307,,Clinical Trial;Controlled Clinical Trial;Journal Article,True,[],THERAPEUTIC_TOUCH,False,ELIGIBILITY_SCREENING_PENDING,https://pubmed.ncbi.nlm.nih.gov/9849260/,2026-09-30
9851462,An even closer look at therapeutic touch.,,,Comment;Letter,False,"[{""type"": ""CommentOn"", ""pmid"": ""9533499""}]",THERAPEUTIC_TOUCH,False,ELIGIBILITY_SCREENING_PENDING,https://pubmed.ncbi.nlm.nih.gov/9851462/,2026-09-30
9851463,An even closer look at therapeutic touch.,,,Comment;Letter,False,"[{""type"": ""CommentOn"", ""pmid"": ""9533499""}]",THERAPEUTIC_TOUCH,False,ELIGIBILITY_SCREENING_PENDING,https://pubmed.ncbi.nlm.nih.gov/9851463/,2026-09-30
9851464,An even closer look at therapeutic touch.,,,Comment;Letter,False,"[{""type"": ""CommentOn"", ""pmid"": ""9533499""}]",THERAPEUTIC_TOUCH,False,ELIGIBILITY_SCREENING_PENDING,https://pubmed.ncbi.nlm.nih.gov/9851464/,2026-09-30
9851465,An even closer look at therapeutic touch.,,,Comment;Letter,False,"[{""type"": ""CommentOn"", ""pmid"": ""9533499""}]",THERAPEUTIC_TOUCH,False,ELIGIBILITY_SCREENING_PENDING,https://pubmed.ncbi.nlm.nih.gov/9851465/,2026-09-30
9851466,An even closer look at therapeutic touch.,,,Comment;Letter,False,"[{""type"": ""CommentOn"", ""pmid"": ""9533499""}]",THERAPEUTIC_TOUCH,False,ELIGIBILITY_SCREENING_PENDING,https://pubmed.ncbi.nlm.nih.gov/9851466/,2026-09-30
9851467,An even closer look at therapeutic touch.,,,Comment;Letter,False,"[{""type"": ""CommentOn"", ""pmid"": ""9533499""}, {""type"": ""CommentIn"", ""pmid"": ""10411192""}]",THERAPEUTIC_TOUCH,False,ELIGIBILITY_SCREENING_PENDING,https://pubmed.ncbi.nlm.nih.gov/9851467/,2026-09-30
9851468,An even closer look at therapeutic touch.,,,Comment;Letter,False,"[{""type"": ""CommentOn"", ""pmid"": ""9533499""}]",THERAPEUTIC_TOUCH,False,ELIGIBILITY_SCREENING_PENDING,https://pubmed.ncbi.nlm.nih.gov/9851468/,2026-09-30
9851469,An even closer look at therapeutic touch.,,,Comment;Letter,False,"[{""type"": ""CommentOn"", ""pmid"": ""9533499""}]",THERAPEUTIC_TOUCH,False,ELIGIBILITY_SCREENING_PENDING,https://pubmed.ncbi.nlm.nih.gov/9851469/,2026-09-30
9851470,An even closer look at therapeutic touch.,,,Comment;Letter,False,"[{""type"": ""CommentOn"", ""pmid"": ""9533499""}]",THERAPEUTIC_TOUCH,False,ELIGIBILITY_SCREENING_PENDING,https://pubmed.ncbi.nlm.nih.gov/9851470/,2026-09-30
9851471,An even closer look at therapeutic touch.,,,Comment;Letter,False,"[{""type"": ""CommentOn"", ""pmid"": ""9533499""}]",THERAPEUTIC_TOUCH,False,ELIGIBILITY_SCREENING_PENDING,https://pubmed.ncbi.nlm.nih.gov/9851471/,2026-09-30
9851472,An even closer look at therapeutic touch.,,,Comment;Letter,False,"[{""type"": ""CommentOn"", ""pmid"": ""9533499""}]",THERAPEUTIC_TOUCH,False,ELIGIBILITY_SCREENING_PENDING,https://pubmed.ncbi.nlm.nih.gov/9851472/,2026-09-30
9851473,An even closer look at therapeutic touch.,,,Comment;Letter,False,"[{""type"": ""CommentOn"", ""pmid"": ""9533499""}]",THERAPEUTIC_TOUCH,False,ELIGIBILITY_SCREENING_PENDING,https://pubmed.ncbi.nlm.nih.gov/9851473/,2026-09-30
9866433,A randomized double-blind study of the effect of distant healing in a population with advanced AIDS. Report of a small scale study.,,PMC1305403,"Clinical Trial;Comparative Study;Journal Article;Randomized Controlled Trial;Research Support, Non-U.S. Gov't",True,[],DISTANCE_HEALING,False,ELIGIBILITY_SCREENING_PENDING,https://pubmed.ncbi.nlm.nih.gov/9866433/,2026-09-30
9894978,Universal calibration of surgical instruments for spinal stereotaxy.,10.1097/00006123-199901000-00105,,"Journal Article;Research Support, Non-U.S. Gov't",True,[],RADIONICS,False,ELIGIBILITY_SCREENING_PENDING,https://pubmed.ncbi.nlm.nih.gov/9894978/,2026-09-30
9923206,Alternative and complementary therapies: integration into cancer care.,,,Journal Article;Review,True,[],THERAPEUTIC_TOUCH,False,ELIGIBILITY_SCREENING_PENDING,https://pubmed.ncbi.nlm.nih.gov/9923206/,2026-09-30
9923328,The efficacy of therapeutic touch for improving functional ability in elders with degenerative arthritis.,10.1177/089431849801100311,,"Clinical Trial;Comparative Study;Journal Article;Randomized Controlled Trial;Research Support, Non-U.S. Gov't",True,[],THERAPEUTIC_TOUCH,False,ELIGIBILITY_SCREENING_PENDING,https://pubmed.ncbi.nlm.nih.gov/9923328/,2026-09-30
9934373,Therapeutic touch and osteoarthritis of the knee.,,,Clinical Trial;Comment;Journal Article;Randomized Controlled Trial,False,"[{""type"": ""CommentOn"", ""pmid"": ""9789512""}]",THERAPEUTIC_TOUCH,False,ELIGIBILITY_SCREENING_PENDING,https://pubmed.ncbi.nlm.nih.gov/9934373/,2026-09-30
9934563,Social construction and materiality: the limits of indeterminacy in therapeutic settings.,10.1111/j.1545-5300.1998.00393.x,,Journal Article,True,"[{""type"": ""CommentIn"", ""pmid"": ""9934564""}]",CHRISTIAN_SCIENCE_HEALING,False,ELIGIBILITY_SCREENING_PENDING,https://pubmed.ncbi.nlm.nih.gov/9934563/,2026-09-30
10023483,The surgical significance of therapeutic touch.,10.1016/s0001-2092(06)62493-9,,Journal Article;Review,True,[],THERAPEUTIC_TOUCH,False,ELIGIBILITY_SCREENING_PENDING,https://pubmed.ncbi.nlm.nih.gov/10023483/,2026-09-30
10036457,Therapeutic touch: applying Newman's theoretic approach.,10.1177/089431849801100204,,Case Reports;Journal Article,False,[],THERAPEUTIC_TOUCH,False,ELIGIBILITY_SCREENING_PENDING,https://pubmed.ncbi.nlm.nih.gov/10036457/,2026-09-30
10076440,[Healing touch in nursing: sensitizing one's hands].,,,Journal Article,False,[],HEALING_TOUCH,False,ELIGIBILITY_SCREENING_PENDING,https://pubmed.ncbi.nlm.nih.gov/10076440/,2026-09-30
10158092,"Therapeutic touch: a healing intervention. Hospital uses complementary therapy to aid healing, relieve pain.",,,Journal Article,False,[],THERAPEUTIC_TOUCH,False,ELIGIBILITY_SCREENING_PENDING,https://pubmed.ncbi.nlm.nih.gov/10158092/,2026-09-30
10179936,Therapeutic touch is back.,,,Journal Article,True,[],THERAPEUTIC_TOUCH,False,ELIGIBILITY_SCREENING_PENDING,https://pubmed.ncbi.nlm.nih.gov/10179936/,2026-09-30
10213721,Mark twain on christian science.,,,Journal Article,False,[],CHRISTIAN_SCIENCE_HEALING,False,ELIGIBILITY_SCREENING_PENDING,https://pubmed.ncbi.nlm.nih.gov/10213721/,2026-09-30
10234323,Healing touch. An energetic approach.,,,Comment;Journal Article,False,"[{""type"": ""CommentOn"", ""pmid"": ""7755027""}]",HEALING_TOUCH,False,ELIGIBILITY_SCREENING_PENDING,https://pubmed.ncbi.nlm.nih.gov/10234323/,2026-09-30
10275132,Therapeutic touch improves residents' sleep.,,,Journal Article,False,[],THERAPEUTIC_TOUCH,False,ELIGIBILITY_SCREENING_PENDING,https://pubmed.ncbi.nlm.nih.gov/10275132/,2026-09-30
10312520,"Use of specialty hospitals by Medicare beneficiaries, 1985.",,PMC4192873,Comparative Study;Journal Article,True,[],CHRISTIAN_SCIENCE_HEALING,False,ELIGIBILITY_SCREENING_PENDING,https://pubmed.ncbi.nlm.nih.gov/10312520/,2026-09-30
10326848,Clinical short-term results of radiofrequency ablation in primary and secondary liver tumors.,10.1016/s0002-9610(99)00043-4,,Clinical Trial;Journal Article,True,"[{""type"": ""CommentIn"", ""pmid"": ""11041819""}]",RADIONICS,True,SEE_EARLIER_REGISTER,https://pubmed.ncbi.nlm.nih.gov/10326848/,2026-09-30
10328637,A study to test the effectiveness of placebo Reiki standardization procedures developed for a planned Reiki efficacy study.,10.1089/acm.1999.5.153,,Clinical Trial;Journal Article;Randomized Controlled Trial,True,"[{""type"": ""CommentIn"", ""pmid"": ""10381243""}]",REIKI,False,ELIGIBILITY_SCREENING_PENDING,https://pubmed.ncbi.nlm.nih.gov/10328637/,2026-09-30
10330795,Using Reiki to support surgical patients.,10.1097/00001786-199904000-00011,,Journal Article,False,[],REIKI,False,ELIGIBILITY_SCREENING_PENDING,https://pubmed.ncbi.nlm.nih.gov/10330795/,2026-09-30
10335554,Health care professionals' familiarity with non-pharmacological strategies for managing cancer pain.,10.1002/(SICI)1099-1611(199903/04)8:2<99::AID-PON340>3.0.CO;2-K,,"Journal Article;Research Support, Non-U.S. Gov't",True,[],THERAPEUTIC_TOUCH,False,ELIGIBILITY_SCREENING_PENDING,https://pubmed.ncbi.nlm.nih.gov/10335554/,2026-09-30
10347540,Therapeutic touch.,,,Case Reports;Journal Article,False,[],THERAPEUTIC_TOUCH,False,ELIGIBILITY_SCREENING_PENDING,https://pubmed.ncbi.nlm.nih.gov/10347540/,2026-09-30
10362943,Therapeutic touch in an acute care community hospital.,,,Journal Article,True,[],THERAPEUTIC_TOUCH,False,ELIGIBILITY_SCREENING_PENDING,https://pubmed.ncbi.nlm.nih.gov/10362943/,2026-09-30
10373831,Reiki therapy--a tool for wellness.,,,Journal Article;Review,False,[],REIKI,False,ELIGIBILITY_SCREENING_PENDING,https://pubmed.ncbi.nlm.nih.gov/10373831/,2026-09-30
10373832,Healing touch--an energy-based approach to healing.,,,Journal Article;Review,False,[],HEALING_TOUCH,False,ELIGIBILITY_SCREENING_PENDING,https://pubmed.ncbi.nlm.nih.gov/10373832/,2026-09-30
10377630,Should nurses practice therapeutic touch? Should nursing schools teach therapeutic touch?,10.1016/s8755-7223(99)80043-x,,Comment;Letter,False,"[{""type"": ""CommentOn"", ""pmid"": ""9682584""}]",THERAPEUTIC_TOUCH,False,ELIGIBILITY_SCREENING_PENDING,https://pubmed.ncbi.nlm.nih.gov/10377630/,2026-09-30
10377631,Should nurses practice therapeutic touch? Should nursing schools teach therapeutic touch?,10.1016/s8755-7223(99)80044-1,,Comment;Letter,False,"[{""type"": ""CommentOn"", ""pmid"": ""9682584""}]",THERAPEUTIC_TOUCH,False,ELIGIBILITY_SCREENING_PENDING,https://pubmed.ncbi.nlm.nih.gov/10377631/,2026-09-30
10379981,Surgical management of intraosseous skull base tumors with aid of Operating Arm System.,10.1002/(SICI)1097-0150(1998)3:6<312::AID-IGS5>3.0.CO;2-M,,"Case Reports;Journal Article;Research Support, Non-U.S. Gov't",True,[],RADIONICS,False,ELIGIBILITY_SCREENING_PENDING,https://pubmed.ncbi.nlm.nih.gov/10379981/,2026-09-30
10380448,Therapeutic touch. A viable link to midwifery practice.,10.1016/s0091-2182(99)00039-7,,Journal Article;Review,True,[],THERAPEUTIC_TOUCH,False,ELIGIBILITY_SCREENING_PENDING,https://pubmed.ncbi.nlm.nih.gov/10380448/,2026-09-30
10380449,Alternative healing in nurse-midwifery practice.,,,Directory,True,[],HEALING_TOUCH,False,ELIGIBILITY_SCREENING_PENDING,https://pubmed.ncbi.nlm.nih.gov/10380449/,2026-09-30
10394674,Gamma radiation fluctuations during alternative healing therapy.,,,Clinical Trial;Journal Article,True,[],POLARITY_THERAPY,True,SEE_EARLIER_REGISTER,https://pubmed.ncbi.nlm.nih.gov/10394674/,2026-09-30
10401297,Healing touch therapy makes a difference in surgery unit.,,,Journal Article,False,[],HEALING_TOUCH,False,ELIGIBILITY_SCREENING_PENDING,https://pubmed.ncbi.nlm.nih.gov/10401297/,2026-09-30
10411192,A close look at standards for therapeutic touch.,10.1001/jama.282.2.135,,Comment;Letter,False,"[{""type"": ""CommentOn"", ""pmid"": ""9851467""}]",THERAPEUTIC_TOUCH,False,ELIGIBILITY_SCREENING_PENDING,https://pubmed.ncbi.nlm.nih.gov/10411192/,2026-09-30
10418492,A survey of therapeutic touch practitioners.,10.7748/ns.13.30.33.s49,,Journal Article,True,[],THERAPEUTIC_TOUCH,False,ELIGIBILITY_SCREENING_PENDING,https://pubmed.ncbi.nlm.nih.gov/10418492/,2026-09-30
10471013,The use of DC electrodermal potential measurements and healer's felt sense to assess the energetic nature of qi.,10.1089/acm.1999.5.329,,Journal Article,True,[],EXTERNAL_QIGONG,False,ELIGIBILITY_SCREENING_PENDING,https://pubmed.ncbi.nlm.nih.gov/10471013/,2026-09-30
10471017,Effects of therapeutic touch on biochemical and mood indicators in women.,10.1089/acm.1999.5.367,,"Clinical Trial;Journal Article;Randomized Controlled Trial;Research Support, Non-U.S. Gov't",True,[],THERAPEUTIC_TOUCH,False,ELIGIBILITY_SCREENING_PENDING,https://pubmed.ncbi.nlm.nih.gov/10471017/,2026-09-30
10474340,Midwifery and the gift of healing touch.,,,Journal Article,False,[],HEALING_TOUCH,False,ELIGIBILITY_SCREENING_PENDING,https://pubmed.ncbi.nlm.nih.gov/10474340/,2026-09-30
10477028,A new tool for dose conformity evaluation of radiosurgery treatment plans.,10.1016/s0360-3016(99)00175-3,,Journal Article,True,[],RADIONICS,False,ELIGIBILITY_SCREENING_PENDING,https://pubmed.ncbi.nlm.nih.gov/10477028/,2026-09-30
10494139,Electrophysiological versus image-based targeting in the posteroventral pallidotomy.,10.1002/(SICI)1097-0150(1999)4:2<93::AID-IGS4>3.0.CO;2-S,,Comparative Study;Journal Article,True,[],RADIONICS,False,ELIGIBILITY_SCREENING_PENDING,https://pubmed.ncbi.nlm.nih.gov/10494139/,2026-09-30
10496509,"Self-reported health, and illness and the use of conventional and unconventional medicine and mind/body healing by Christian Scientists and others.",10.1097/00005053-199909000-00003,,"Journal Article;Research Support, Non-U.S. Gov't",True,[],CHRISTIAN_SCIENCE_HEALING,True,SEE_EARLIER_REGISTER,https://pubmed.ncbi.nlm.nih.gov/10496509/,2026-09-30
10512334,Assessing the impact of evidence-based continuing education on nonpharmacologic management of cancer pain.,10.1080/08858199909528609,,"Journal Article;Research Support, Non-U.S. Gov't",True,[],THERAPEUTIC_TOUCH,False,ELIGIBILITY_SCREENING_PENDING,https://pubmed.ncbi.nlm.nih.gov/10512334/,2026-09-30
10520096,Physical touch in nursing studies: a literature review.,10.1046/j.1365-2648.1999.01156.x,,Journal Article;Review,True,[],THERAPEUTIC_TOUCH,False,ELIGIBILITY_SCREENING_PENDING,https://pubmed.ncbi.nlm.nih.gov/10520096/,2026-09-30
10531869,Therapeutic touch.,,,Journal Article,False,[],THERAPEUTIC_TOUCH,False,ELIGIBILITY_SCREENING_PENDING,https://pubmed.ncbi.nlm.nih.gov/10531869/,2026-09-30
10533938,Development of collimator insert for linac based stereotactic irradiation.,10.1088/0031-9155/44/10/403,,Journal Article,True,[],RADIONICS,False,ELIGIBILITY_SCREENING_PENDING,https://pubmed.ncbi.nlm.nih.gov/10533938/,2026-09-30
10542580,Therapeutic touch--what is the controversy and why does controversy exist?,,,Journal Article;Review,False,[],THERAPEUTIC_TOUCH,False,ELIGIBILITY_SCREENING_PENDING,https://pubmed.ncbi.nlm.nih.gov/10542580/,2026-09-30
10549932,Evaluation of the spatial accuracy of magnetic resonance imaging-based stereotactic target localization for gamma knife radiosurgery of functional disorders.,10.1097/00006123-199911000-00028,,Journal Article,True,[],RADIONICS,False,ELIGIBILITY_SCREENING_PENDING,https://pubmed.ncbi.nlm.nih.gov/10549932/,2026-09-30
10550906,An integrative review and meta-analysis of therapeutic touch research.,,,Journal Article;Meta-Analysis,True,[],THERAPEUTIC_TOUCH,False,ELIGIBILITY_SCREENING_PENDING,https://pubmed.ncbi.nlm.nih.gov/10550906/,2026-09-30
10567098,Neuronavigation in intraoperative MRI.,10.1002/(SICI)1097-0150(1999)4:4<200::AID-IGS4>3.0.CO;2-Z,,Journal Article,True,[],RADIONICS,False,ELIGIBILITY_SCREENING_PENDING,https://pubmed.ncbi.nlm.nih.gov/10567098/,2026-09-30
10568918,"Healing for the new millennium, hypnosis and healing touch.",,,Journal Article,False,[],HEALING_TOUCH,False,ELIGIBILITY_SCREENING_PENDING,https://pubmed.ncbi.nlm.nih.gov/10568918/,2026-09-30
10594605,Elder care and the dermatologic surgeon.,10.1046/j.1524-4725.1999.99044.x,,Journal Article;Review,True,[],THERAPEUTIC_TOUCH,False,ELIGIBILITY_SCREENING_PENDING,https://pubmed.ncbi.nlm.nih.gov/10594605/,2026-09-30
10598710,Development of a unique phantom to assess the geometric accuracy of magnetic resonance imaging for stereotactic localization.,10.1097/00006123-199912000-00030,,"Journal Article;Research Support, Non-U.S. Gov't",True,[],RADIONICS,False,ELIGIBILITY_SCREENING_PENDING,https://pubmed.ncbi.nlm.nih.gov/10598710/,2026-09-30
10630352,Is the scientific publishing of complementary and alternative medicine objective?,10.1089/acm.1999.5.587,,Journal Article,True,[],THERAPEUTIC_TOUCH,False,ELIGIBILITY_SCREENING_PENDING,https://pubmed.ncbi.nlm.nih.gov/10630352/,2026-09-30
10640921,Treatment of symptomatic intracranial arachnoid cysts by stereotactic cyst-ventricular shunting.,10.1159/000029672,,Journal Article,True,[],RADIONICS,True,SEE_EARLIER_REGISTER,https://pubmed.ncbi.nlm.nih.gov/10640921/,2026-09-30
10667823,Frameless neuronavigation applied to endoscopic neurosurgery.,10.1055/s-2008-1053396,,Journal Article,True,[],RADIONICS,False,ELIGIBILITY_SCREENING_PENDING,https://pubmed.ncbi.nlm.nih.gov/10667823/,2026-09-30
10687617,Healing touch benefits patients. Interview by Anne Manchester.,,,Interview,False,[],HEALING_TOUCH,False,ELIGIBILITY_SCREENING_PENDING,https://pubmed.ncbi.nlm.nih.gov/10687617/,2026-09-30
10690027,Healing touch certificate program.,,,Journal Article,False,[],HEALING_TOUCH,False,ELIGIBILITY_SCREENING_PENDING,https://pubmed.ncbi.nlm.nih.gov/10690027/,2026-09-30
10690071,A collaborative research project on Therapeutic Touch.,10.1177/089801019901700306,,Journal Article,True,[],THERAPEUTIC_TOUCH,False,ELIGIBILITY_SCREENING_PENDING,https://pubmed.ncbi.nlm.nih.gov/10690071/,2026-09-30
10711214,Therapeutic touch. A retrospective on therapeutic touch.,,,Journal Article;Review,False,[],THERAPEUTIC_TOUCH,False,ELIGIBILITY_SCREENING_PENDING,https://pubmed.ncbi.nlm.nih.gov/10711214/,2026-09-30
10726950,Distant healing.,,,Comment;Letter,False,"[{""type"": ""CommentOn"", ""pmid"": ""10582628""}]",DISTANCE_HEALING,False,ELIGIBILITY_SCREENING_PENDING,https://pubmed.ncbi.nlm.nih.gov/10726950/,2026-09-30
10754826,Physiologic and psychodynamic responses to the administration of therapeutic touch in critical care.,10.1016/s1353-6117(99)80026-2,,Clinical Trial;Journal Article,True,[],THERAPEUTIC_TOUCH,False,ELIGIBILITY_SCREENING_PENDING,https://pubmed.ncbi.nlm.nih.gov/10754826/,2026-09-30
10754832,The Healing Touch programme: passion into action.,10.1016/s1353-6117(99)80008-0,,Journal Article,False,[],HEALING_TOUCH,False,ELIGIBILITY_SCREENING_PENDING,https://pubmed.ncbi.nlm.nih.gov/10754832/,2026-09-30
10768547,Phantom limb pain treated with therapeutic touch: a case report.,10.1053/mr.2000.1764,,Case Reports;Journal Article,True,[],THERAPEUTIC_TOUCH,False,ELIGIBILITY_SCREENING_PENDING,https://pubmed.ncbi.nlm.nih.gov/10768547/,2026-09-30
10781776,A randomized trial of distant healing for skin warts.,10.1016/s0002-9343(00)00342-9,,"Clinical Trial;Journal Article;Randomized Controlled Trial;Research Support, Non-U.S. Gov't",True,"[{""type"": ""CommentIn"", ""pmid"": ""10781788""}]",DISTANCE_HEALING,False,ELIGIBILITY_SCREENING_PENDING,https://pubmed.ncbi.nlm.nih.gov/10781776/,2026-09-30
10781788,Distant healing: an unlikely hypothesis.,10.1016/s0002-9343(00)00325-9,,Editorial;Comment,False,"[{""type"": ""CommentOn"", ""pmid"": ""10781776""}]",DISTANCE_HEALING,False,ELIGIBILITY_SCREENING_PENDING,https://pubmed.ncbi.nlm.nih.gov/10781788/,2026-09-30
10784273,Healing as a therapy for human disease: a systematic review.,10.1089/acm.2000.6.159,,Journal Article;Systematic Review,True,[],DISTANCE_HEALING,False,ELIGIBILITY_SCREENING_PENDING,https://pubmed.ncbi.nlm.nih.gov/10784273/,2026-09-30
10786501,[Therapeutic touch].,,,Clinical Trial;Controlled Clinical Trial;English Abstract;Journal Article,True,[],THERAPEUTIC_TOUCH,False,ELIGIBILITY_SCREENING_PENDING,https://pubmed.ncbi.nlm.nih.gov/10786501/,2026-09-30
10788773,Successful treatment of valgus deformity of the knee with an open supracondylar osteotomy using a coral wedge: a brief report of two cases.,10.1016/s0968-0160(00)00034-x,,Journal Article,True,[],SOUND_HEALING,True,SEE_EARLIER_REGISTER,https://pubmed.ncbi.nlm.nih.gov/10788773/,2026-09-30
10796803,Yoga for epilepsy.,10.1002/14651858.CD001524,,Journal Article;Systematic Review,True,"[{""type"": ""UpdateIn"", ""pmid"": ""10908505""}]",SAHAJA_YOGA,False,ELIGIBILITY_SCREENING_PENDING,https://pubmed.ncbi.nlm.nih.gov/10796803/,2026-09-30
10802955,Healing touch.,,,Journal Article;Review,False,[],HEALING_TOUCH,False,ELIGIBILITY_SCREENING_PENDING,https://pubmed.ncbi.nlm.nih.gov/10802955/,2026-09-30
10832506,Effect of Sahaja yoga meditation on auditory evoked potentials (AEP) and visual contrast sensitivity (VCS) in epileptics.,10.1023/a:1009523904786,,Clinical Trial;Journal Article;Randomized Controlled Trial,True,[],SAHAJA_YOGA,True,SEE_EARLIER_REGISTER,https://pubmed.ncbi.nlm.nih.gov/10832506/,2026-09-30
10833691,Use of complementary medicine by adult patients participating in cancer clinical trials.,,,Journal Article,True,"[{""type"": ""CommentIn"", ""pmid"": ""10920829""}]",HEALING_TOUCH,False,ELIGIBILITY_SCREENING_PENDING,https://pubmed.ncbi.nlm.nih.gov/10833691/,2026-09-30
10836918,"The efficacy of ""distant healing"": a systematic review of randomized trials.",10.7326/0003-4819-132-11-200006060-00009,,"Comment;Journal Article;Research Support, Non-U.S. Gov't;Research Support, U.S. Gov't, P.H.S.;Systematic Review",True,"[{""type"": ""CommentIn"", ""pmid"": null}, {""type"": ""CommentIn"", ""pmid"": ""11255535""}, {""type"": ""CommentIn"", ""pmid"": ""11255536""}, {""type"": ""CommentIn"", ""pmid"": ""11412058""}, {""type"": ""CommentIn"", ""pmid"": ""11747401""}, {""type"": ""CommentOn"", ""pmid"": ""12778773""}]",THERAPEUTIC_TOUCH;DISTANCE_HEALING,True,SEE_EARLIER_REGISTER,https://pubmed.ncbi.nlm.nih.gov/10836918/,2026-09-30
10853063,Frameless stereotactic neurosurgery: two steps towards the Holy Grail of surgical navigation.,10.1159/000029711,,Journal Article,True,[],RADIONICS,False,ELIGIBILITY_SCREENING_PENDING,https://pubmed.ncbi.nlm.nih.gov/10853063/,2026-09-30
10897714,The experience of therapeutic touch from a nursing perspective.,10.12968/bjon.1999.8.18.6488,,"Case Reports;Journal Article;Research Support, Non-U.S. Gov't",True,[],THERAPEUTIC_TOUCH,False,ELIGIBILITY_SCREENING_PENDING,https://pubmed.ncbi.nlm.nih.gov/10897714/,2026-09-30
10908505,Yoga for epilepsy.,10.1002/14651858.CD001524,,Journal Article;Systematic Review,True,"[{""type"": ""UpdateOf"", ""pmid"": ""10796803""}, {""type"": ""UpdateIn"", ""pmid"": ""25934967""}]",SAHAJA_YOGA,True,SEE_EARLIER_REGISTER,https://pubmed.ncbi.nlm.nih.gov/10908505/,2026-09-30
10979162,Massage therapy and therapeutic touch in children: state of the science.,,,Journal Article;Review,True,"[{""type"": ""CommentIn"", ""pmid"": ""11191036""}]",THERAPEUTIC_TOUCH,False,ELIGIBILITY_SCREENING_PENDING,https://pubmed.ncbi.nlm.nih.gov/10979162/,2026-09-30
10979163,Surgery and complementary therapies: a review.,,,Journal Article;Review,True,"[{""type"": ""CommentIn"", ""pmid"": ""11076440""}]",REIKI;THERAPEUTIC_TOUCH,False,ELIGIBILITY_SCREENING_PENDING,https://pubmed.ncbi.nlm.nih.gov/10979163/,2026-09-30
11010664,"Medicare and Medicaid programs; religious nonmedical health care institutions and advance directives. Health Care Financing Administration (HCFA), HHS. Interim final rule with comment period.",,,Journal Article,True,[],CHRISTIAN_SCIENCE_HEALING,False,ELIGIBILITY_SCREENING_PENDING,https://pubmed.ncbi.nlm.nih.gov/11010664/,2026-09-30
11040557,Healing touch: applications in the acute care setting.,10.1097/00044067-200002000-00012,,Journal Article;Review,True,[],HEALING_TOUCH,False,ELIGIBILITY_SCREENING_PENDING,https://pubmed.ncbi.nlm.nih.gov/11040557/,2026-09-30
11063180,Stereotactic brain biopsies in AIDS patients--early local experience.,,,Clinical Trial;Journal Article,True,[],RADIONICS,True,SEE_EARLIER_REGISTER,https://pubmed.ncbi.nlm.nih.gov/11063180/,2026-09-30
11107435,[Therapeutic touch as part of the care for the aged].,,,Journal Article,False,[],THERAPEUTIC_TOUCH,False,ELIGIBILITY_SCREENING_PENDING,https://pubmed.ncbi.nlm.nih.gov/11107435/,2026-09-30
11119183,Quality improvement for depression enhances long-term treatment knowledge for primary care clinicians.,10.1046/j.1525-1497.2000.91149.x,PMC1495711,"Clinical Trial;Journal Article;Multicenter Study;Randomized Controlled Trial;Research Support, U.S. Gov't, P.H.S.",True,"[{""type"": ""CommentIn"", ""pmid"": ""11119188""}]",EXTERNAL_QIGONG,False,ELIGIBILITY_SCREENING_PENDING,https://pubmed.ncbi.nlm.nih.gov/11119183/,2026-09-30
11153391,Using therapeutic touch in nursing practice.,10.1097/00006416-200019050-00013,,Case Reports;Journal Article;Review,True,[],THERAPEUTIC_TOUCH,False,ELIGIBILITY_SCREENING_PENDING,https://pubmed.ncbi.nlm.nih.gov/11153391/,2026-09-30
11155059,Telemetric assessment of intracranial pressure changes consequent to manipulations of the Codman-Medos programmable shunt valve.,10.1159/000055961,,Evaluation Study;Journal Article,True,[],RADIONICS,False,ELIGIBILITY_SCREENING_PENDING,https://pubmed.ncbi.nlm.nih.gov/11155059/,2026-09-30
11185834,Complementary medicine: health care trends for the new millennium.,,,Journal Article,True,[],THERAPEUTIC_TOUCH,False,ELIGIBILITY_SCREENING_PENDING,https://pubmed.ncbi.nlm.nih.gov/11185834/,2026-09-30
11195444,"[Scrutiny of alternative medicine. ""Distant healing""--a special kind of telemedicine].",,,Comparative Study;Journal Article;Review,False,[],DISTANCE_HEALING,False,ELIGIBILITY_SCREENING_PENDING,https://pubmed.ncbi.nlm.nih.gov/11195444/,2026-09-30
11240080,"Spiritual healing as a therapy for chronic pain: a randomized, clinical trial.",10.1016/s0304-3959(00)00421-8,,"Clinical Trial;Journal Article;Randomized Controlled Trial;Research Support, Non-U.S. Gov't",True,"[{""type"": ""CommentIn"", ""pmid"": ""11932081""}, {""type"": ""CommentIn"", ""pmid"": ""11973015""}]",DISTANCE_HEALING,True,SEE_EARLIER_REGISTER,https://pubmed.ncbi.nlm.nih.gov/11240080/,2026-09-30
11243556,Hand therapy: the healing touch with a touch of humor!,10.1016/s0894-1130(01)80018-1,,Address,False,[],HEALING_TOUCH,False,ELIGIBILITY_SCREENING_PENDING,https://pubmed.ncbi.nlm.nih.gov/11243556/,2026-09-30
11246935,Chronically ill patients treated by spiritual healing improve in quality of life: results of a randomized waiting-list controlled study.,10.1089/107555301300004529,,"Clinical Trial;Journal Article;Randomized Controlled Trial;Research Support, Non-U.S. Gov't",True,"[{""type"": ""CommentIn"", ""pmid"": ""11246936""}]",DISTANCE_HEALING,True,SEE_EARLIER_REGISTER,https://pubmed.ncbi.nlm.nih.gov/11246935/,2026-09-30
11246939,Emerging paradigms in mind-body medicine.,10.1089/107555301300004565,,Journal Article;Review,True,[],CHAKRA_AURA,False,ELIGIBILITY_SCREENING_PENDING,https://pubmed.ncbi.nlm.nih.gov/11246939/,2026-09-30
11251731,Biological correlates of Reiki Touch(sm) healing.,10.1046/j.1365-2648.2001.01691.x,,"Clinical Trial;Controlled Clinical Trial;Journal Article;Research Support, Non-U.S. Gov't",True,[],REIKI,False,ELIGIBILITY_SCREENING_PENDING,https://pubmed.ncbi.nlm.nih.gov/11251731/,2026-09-30
11253582,Critique of review of therapeutic touch.,,,Letter,False,[],THERAPEUTIC_TOUCH,False,ELIGIBILITY_SCREENING_PENDING,https://pubmed.ncbi.nlm.nih.gov/11253582/,2026-09-30
11253583,Critique of review of therapeutic touch.,,,Letter,False,[],THERAPEUTIC_TOUCH,False,ELIGIBILITY_SCREENING_PENDING,https://pubmed.ncbi.nlm.nih.gov/11253583/,2026-09-30
11255535,Distant healing.,10.7326/0003-4819-134-6-200103200-00024,,Comment;Letter,False,"[{""type"": ""CommentOn"", ""pmid"": ""10836918""}]",DISTANCE_HEALING,False,ELIGIBILITY_SCREENING_PENDING,https://pubmed.ncbi.nlm.nih.gov/11255535/,2026-09-30
11255536,Distant healing.,10.7326/0003-4819-134-6-200103200-00025,,Comment;Letter,False,"[{""type"": ""CommentOn"", ""pmid"": ""10836918""}]",DISTANCE_HEALING,False,ELIGIBILITY_SCREENING_PENDING,https://pubmed.ncbi.nlm.nih.gov/11255536/,2026-09-30
11270063,Prayer and distant healing: Sicher et al. (1998).,,,Biography;Historical Article;Journal Article,False,[],DISTANCE_HEALING,False,ELIGIBILITY_SCREENING_PENDING,https://pubmed.ncbi.nlm.nih.gov/11270063/,2026-09-30
11317722,A comparative statistical analysis of neuronavigation systems in a clinical setting.,,,Journal Article,True,[],RADIONICS,False,ELIGIBILITY_SCREENING_PENDING,https://pubmed.ncbi.nlm.nih.gov/11317722/,2026-09-30
11321475,Effects of emitted Qi on in vitro natural killer cell cytotoxic activity.,10.1142/S0192415X01000034,,Journal Article,True,[],EXTERNAL_QIGONG,False,ELIGIBILITY_SCREENING_PENDING,https://pubmed.ncbi.nlm.nih.gov/11321475/,2026-09-30
11324176,Reiki. A complementary therapy for nursing practice.,10.3928/0279-3695-20010401-13,,Journal Article;Review,True,[],REIKI,False,ELIGIBILITY_SCREENING_PENDING,https://pubmed.ncbi.nlm.nih.gov/11324176/,2026-09-30
11342408,Healing touch.,,,Journal Article;Review,True,[],HEALING_TOUCH,False,ELIGIBILITY_SCREENING_PENDING,https://pubmed.ncbi.nlm.nih.gov/11342408/,2026-09-30
11362356,Reiki as an alternative healing method.,,,Newspaper Article;Journal Article,False,[],REIKI,False,ELIGIBILITY_SCREENING_PENDING,https://pubmed.ncbi.nlm.nih.gov/11362356/,2026-09-30
11366862,A healing touch: massage therapy and HIV/AIDS.,,,Newspaper Article;Journal Article,False,[],HEALING_TOUCH,False,ELIGIBILITY_SCREENING_PENDING,https://pubmed.ncbi.nlm.nih.gov/11366862/,2026-09-30
11370483,Influences of a relaxation intervention on perceived stress and power spectral analysis of heart rate variability.,10.1111/j.0889-7204.2001.00581.x,,"Journal Article;Research Support, Non-U.S. Gov't",True,[],THERAPEUTIC_TOUCH,False,ELIGIBILITY_SCREENING_PENDING,https://pubmed.ncbi.nlm.nih.gov/11370483/,2026-09-30
11424357,[Minimally invasive stereotactic functional surgery using an intravenous anesthetic propofol and applying Image Fusion and AtlasPlan].,,,English Abstract;Journal Article,True,[],RADIONICS,False,ELIGIBILITY_SCREENING_PENDING,https://pubmed.ncbi.nlm.nih.gov/11424357/,2026-09-30
11436379,Have we lost the healing touch?,,,News,False,[],HEALING_TOUCH,False,ELIGIBILITY_SCREENING_PENDING,https://pubmed.ncbi.nlm.nih.gov/11436379/,2026-09-30
11448378,Long-term effectiveness of disseminating quality improvement for depression in primary care.,10.1001/archpsyc.58.7.696,,Clinical Trial;Journal Article;Randomized Controlled Trial,True,[],EXTERNAL_QIGONG,False,ELIGIBILITY_SCREENING_PENDING,https://pubmed.ncbi.nlm.nih.gov/11448378/,2026-09-30
11465982,The morphological effects of a radio frequency lesion adjacent to the dorsal root ganglion (RF-DRG)--an experimental study in the goat.,10.1053/eujp.2001.0228,,Journal Article,True,[],RADIONICS,False,ELIGIBILITY_SCREENING_PENDING,https://pubmed.ncbi.nlm.nih.gov/11465982/,2026-09-30
11474938,Phantom dosimetry for conformal stereotactic radiotherapy with a head and neck localizer frame.,10.1088/0031-9155/46/7/317,,"Journal Article;Research Support, Non-U.S. Gov't;Research Support, U.S. Gov't, P.H.S.",True,[],RADIONICS,False,ELIGIBILITY_SCREENING_PENDING,https://pubmed.ncbi.nlm.nih.gov/11474938/,2026-09-30
11478564,Nurses' perceptions of complementary and alternative medical therapies.,10.1023/a:1010369012151,,Journal Article,True,[],HEALING_TOUCH,False,ELIGIBILITY_SCREENING_PENDING,https://pubmed.ncbi.nlm.nih.gov/11478564/,2026-09-30
11482809,Stress management for patient and physician.,,,Journal Article,True,[],REIKI,False,ELIGIBILITY_SCREENING_PENDING,https://pubmed.ncbi.nlm.nih.gov/11482809/,2026-09-30
11517850,Exploring the management of bone metastasis according to the Roy Adaptation Model.,,,Journal Article;Review,True,[],THERAPEUTIC_TOUCH,False,ELIGIBILITY_SCREENING_PENDING,https://pubmed.ncbi.nlm.nih.gov/11517850/,2026-09-30
11525790,Complementary and alternative medicine for glaucoma.,10.1016/s0039-6257(01)00233-8,,Journal Article;Review,True,[],THERAPEUTIC_TOUCH,False,ELIGIBILITY_SCREENING_PENDING,https://pubmed.ncbi.nlm.nih.gov/11525790/,2026-09-30
11527067,Qi therapy as an intervention to reduce chronic pain and to enhance mood in elderly subjects: a pilot study.,10.1142/S0192415X01000277,,Clinical Trial;Journal Article;Randomized Controlled Trial,True,[],EXTERNAL_QIGONG,False,ELIGIBILITY_SCREENING_PENDING,https://pubmed.ncbi.nlm.nih.gov/11527067/,2026-09-30
11560537,Cost-effectiveness of practice-initiated quality improvement for depression: results of a randomized controlled trial.,10.1001/jama.286.11.1325,,"Clinical Trial;Journal Article;Multicenter Study;Randomized Controlled Trial;Research Support, Non-U.S. Gov't;Research Support, U.S. Gov't, P.H.S.",True,"[{""type"": ""CommentIn"", ""pmid"": ""11985457""}]",EXTERNAL_QIGONG,False,ELIGIBILITY_SCREENING_PENDING,https://pubmed.ncbi.nlm.nih.gov/11560537/,2026-09-30
11572538,Therapeutic touch in the treatment of carpal tunnel syndrome.,,,"Clinical Trial;Journal Article;Randomized Controlled Trial;Research Support, Non-U.S. Gov't;Research Support, U.S. Gov't, P.H.S.",True,[],THERAPEUTIC_TOUCH,True,SEE_EARLIER_REGISTER,https://pubmed.ncbi.nlm.nih.gov/11572538/,2026-09-30
11576031,Two-year effects of quality improvement programs on medication management for depression.,10.1001/archpsyc.58.10.935,,"Clinical Trial;Journal Article;Randomized Controlled Trial;Research Support, Non-U.S. Gov't;Research Support, U.S. Gov't, P.H.S.",True,[],EXTERNAL_QIGONG,False,ELIGIBILITY_SCREENING_PENDING,https://pubmed.ncbi.nlm.nih.gov/11576031/,2026-09-30
11586477,CAMPing in the PACU: using complementary and alternative medical practices in the PACU.,10.1053/jpan.2001.27622,,Case Reports;Journal Article,True,[],REIKI;THERAPEUTIC_TOUCH;HEALING_TOUCH,False,ELIGIBILITY_SCREENING_PENDING,https://pubmed.ncbi.nlm.nih.gov/11586477/,2026-09-30
11609843,Christian science and mind cure in America: a review article.,10.1002/1520-6696(197507)11:3<299::aid-jhbs2300110311>3.0.co;2-0,,Biography;Historical Article;Journal Article,False,[],CHRISTIAN_SCIENCE_HEALING,False,ELIGIBILITY_SCREENING_PENDING,https://pubmed.ncbi.nlm.nih.gov/11609843/,2026-09-30
11611908,Christian Scientists and the medical profession: a historical perspective.,,,Historical Article;Journal Article,False,[],CHRISTIAN_SCIENCE_HEALING,False,ELIGIBILITY_SCREENING_PENDING,https://pubmed.ncbi.nlm.nih.gov/11611908/,2026-09-30
11630626,"Mary Baker Eddy, founder of Christian Science; the sublime hysteric.",,,Biography;Historical Article;Journal Article,False,[],CHRISTIAN_SCIENCE_HEALING,False,ELIGIBILITY_SCREENING_PENDING,https://pubmed.ncbi.nlm.nih.gov/11630626/,2026-09-30
11644130,"When parents choose prayer over medicine, should courts step in?",,,Journal Article,False,[],CHRISTIAN_SCIENCE_HEALING,False,ELIGIBILITY_SCREENING_PENDING,https://pubmed.ncbi.nlm.nih.gov/11644130/,2026-09-30
11646775,Boston jury convicts 2 Christian Scientists in death of a son.,,,News;Newspaper Article,False,[],CHRISTIAN_SCIENCE_HEALING,False,ELIGIBILITY_SCREENING_PENDING,https://pubmed.ncbi.nlm.nih.gov/11646775/,2026-09-30
11646777,"Death and faith, law and Christian Science.",,,News;Newspaper Article,False,[],CHRISTIAN_SCIENCE_HEALING,False,ELIGIBILITY_SCREENING_PENDING,https://pubmed.ncbi.nlm.nih.gov/11646777/,2026-09-30
11647090,Christian Scientists rebuffed in ruling by Supreme Court.,,,News;Newspaper Article,False,[],CHRISTIAN_SCIENCE_HEALING,False,ELIGIBILITY_SCREENING_PENDING,https://pubmed.ncbi.nlm.nih.gov/11647090/,2026-09-30
11647946,Christian Scientists found liable in death.,,,News;Newspaper Article,False,[],CHRISTIAN_SCIENCE_HEALING,False,ELIGIBILITY_SCREENING_PENDING,https://pubmed.ncbi.nlm.nih.gov/11647946/,2026-09-30
11648245,In re Eric B.,,,Legal Case,False,[],CHRISTIAN_SCIENCE_HEALING,True,SEE_EARLIER_REGISTER,https://pubmed.ncbi.nlm.nih.gov/11648245/,2026-09-30
11648250,Newmark v. Williams.,,,Legal Case,False,[],CHRISTIAN_SCIENCE_HEALING,False,ELIGIBILITY_SCREENING_PENDING,https://pubmed.ncbi.nlm.nih.gov/11648250/,2026-09-30
11648709,Who should control genetic research?,,,Newspaper Article;Journal Article,False,[],,True,SEE_EARLIER_REGISTER,https://pubmed.ncbi.nlm.nih.gov/11648709/,2026-09-30
11648721,Human research: questions raised.,,,Newspaper Article;Journal Article,False,[],,True,SEE_EARLIER_REGISTER,https://pubmed.ncbi.nlm.nih.gov/11648721/,2026-09-30
11648931,DNA research: opposition fades.,,,Newspaper Article;Journal Article,False,[],,True,SEE_EARLIER_REGISTER,https://pubmed.ncbi.nlm.nih.gov/11648931/,2026-09-30
11651642,Christian Science and health care.,,,Journal Article,False,[],CHRISTIAN_SCIENCE_HEALING,False,ELIGIBILITY_SCREENING_PENDING,https://pubmed.ncbi.nlm.nih.gov/11651642/,2026-09-30
11676732,Student-patient communication during physiotherapy treatment.,10.1016/s0004-9514(14)60378-0,,Journal Article,True,[],THERAPEUTIC_TOUCH,False,ELIGIBILITY_SCREENING_PENDING,https://pubmed.ncbi.nlm.nih.gov/11676732/,2026-09-30
11694756,[Distant healing and clinical research].,10.1159/000057237,,English Abstract;Journal Article;Review,True,[],THERAPEUTIC_TOUCH;DISTANCE_HEALING,False,ELIGIBILITY_SCREENING_PENDING,https://pubmed.ncbi.nlm.nih.gov/11694756/,2026-09-30
11697072,Use of music therapy and other ITNIs in acute care.,10.3928/0279-3695-20011001-11,,Journal Article,True,[],THERAPEUTIC_TOUCH,False,ELIGIBILITY_SCREENING_PENDING,https://pubmed.ncbi.nlm.nih.gov/11697072/,2026-09-30
11704463,Immobilization in stereotactic radiotherapy: the head and neck localizer frame.,10.1016/s0958-3947(01)00074-7,,Evaluation Study;Journal Article,True,[],RADIONICS,False,ELIGIBILITY_SCREENING_PENDING,https://pubmed.ncbi.nlm.nih.gov/11704463/,2026-09-30
11707799,Percutaneous radiofrequency lesioning of sensory branches of the obturator and femoral nerves for the treatment of hip joint pain.,10.1053/rapm.2001.26679,,Case Reports;Journal Article,True,[],RADIONICS,False,ELIGIBILITY_SCREENING_PENDING,https://pubmed.ncbi.nlm.nih.gov/11707799/,2026-09-30
11707986,[Usefulness of CT-guided RFA for hepatocellular carcinoma].,,,English Abstract;Journal Article,True,[],RADIONICS,False,ELIGIBILITY_SCREENING_PENDING,https://pubmed.ncbi.nlm.nih.gov/11707986/,2026-09-30
11707988,[Comparison of microwave coagulation using a new type electrode with radiofrequency ablation in the liver of living animals].,,,Comparative Study;English Abstract;Journal Article,True,[],RADIONICS,False,ELIGIBILITY_SCREENING_PENDING,https://pubmed.ncbi.nlm.nih.gov/11707988/,2026-09-30
11759611,"""Unruffling"" the mystique of therapeutic touch.",10.1097/00006205-200111000-00001,,Comment;Editorial,False,"[{""type"": ""CommentOn"", ""pmid"": ""11759612""}, {""type"": ""CommentIn"", ""pmid"": ""11858593""}, {""type"": ""CommentIn"", ""pmid"": ""11858594""}, {""type"": ""CommentIn"", ""pmid"": ""11858595""}, {""type"": ""CommentIn"", ""pmid"": ""11858596""}, {""type"": ""CommentIn"", ""pmid"": ""11858597""}, {""type"": ""CommentIn"", ""pmid"": ""11858598""}, {""type"": ""CommentIn"", ""pmid"": ""11858599""}]",THERAPEUTIC_TOUCH,False,ELIGIBILITY_SCREENING_PENDING,https://pubmed.ncbi.nlm.nih.gov/11759611/,2026-09-30
11759612,Investigating therapeutic touch.,10.1097/00006205-200111000-00002,,Journal Article,False,"[{""type"": ""CommentIn"", ""pmid"": ""11759611""}]",THERAPEUTIC_TOUCH,False,ELIGIBILITY_SCREENING_PENDING,https://pubmed.ncbi.nlm.nih.gov/11759612/,2026-09-30
11795608,Distant healing revisited: time for a new epistemology.,,,Comment;Journal Article,True,"[{""type"": ""CommentOn"", ""pmid"": ""11795611""}]",DISTANCE_HEALING,False,ELIGIBILITY_SCREENING_PENDING,https://pubmed.ncbi.nlm.nih.gov/11795608/,2026-09-30
11795611,Two case reports of distant healing: new paradigms at work?,,,Case Reports;Journal Article,False,"[{""type"": ""CommentIn"", ""pmid"": ""11795608""}]",DISTANCE_HEALING,False,ELIGIBILITY_SCREENING_PENDING,https://pubmed.ncbi.nlm.nih.gov/11795611/,2026-09-30
11808403,The experience of Therapeutic Touch in the lives of five postpartum women.,10.1097/00005721-200201000-00014,,Journal Article,True,[],THERAPEUTIC_TOUCH,False,ELIGIBILITY_SCREENING_PENDING,https://pubmed.ncbi.nlm.nih.gov/11808403/,2026-09-30
11816777,Complementary and alternative medicine: what's it all about?,,,Journal Article;Review,True,[],REIKI,False,ELIGIBILITY_SCREENING_PENDING,https://pubmed.ncbi.nlm.nih.gov/11816777/,2026-09-30
11828038,Sahaja yoga in the management of moderate to severe asthma: a randomised controlled trial.,10.1136/thorax.57.2.110,PMC1746263,"Clinical Trial;Journal Article;Randomized Controlled Trial;Research Support, Non-U.S. Gov't",True,"[{""type"": ""CommentIn"", ""pmid"": ""12947151""}]",SAHAJA_YOGA,True,SEE_EARLIER_REGISTER,https://pubmed.ncbi.nlm.nih.gov/11828038/,2026-09-30
11837015,Woman wins claim for tax deductability of complementary/alternative medical expenses.,,,Legal Case;Newspaper Article,True,[],THERAPEUTIC_TOUCH,False,ELIGIBILITY_SCREENING_PENDING,https://pubmed.ncbi.nlm.nih.gov/11837015/,2026-09-30
11847652,The effectiveness of therapeutic touch: a meta-analytic review.,10.1177/08943189922106413,,Journal Article;Meta-Analysis,True,[],THERAPEUTIC_TOUCH,False,ELIGIBILITY_SCREENING_PENDING,https://pubmed.ncbi.nlm.nih.gov/11847652/,2026-09-30
11847715,Spirituality of healing touch participants.,10.1177/089801010101900107,,Journal Article,True,[],HEALING_TOUCH,False,ELIGIBILITY_SCREENING_PENDING,https://pubmed.ncbi.nlm.nih.gov/11847715/,2026-09-30
11855266,Therapeutic touch for a patient after a Whipple procedure.,,,Journal Article,True,[],THERAPEUTIC_TOUCH,False,ELIGIBILITY_SCREENING_PENDING,https://pubmed.ncbi.nlm.nih.gov/11855266/,2026-09-30
11855507,Shamanism as a healing paradigm for complementary therapy.,10.1054/ctnm.2001.0546,,Journal Article,True,[],,True,SEE_EARLIER_REGISTER,https://pubmed.ncbi.nlm.nih.gov/11855507/,2026-09-30
11855527,"The effects of Healing Touch on the coping ability, self esteem and general health of undergraduate nursing students.",10.1054/ctnm.2000.0518,,Clinical Trial;Comparative Study;Journal Article;Randomized Controlled Trial,True,"[{""type"": ""ErratumIn"", ""pmid"": null}]",HEALING_TOUCH,False,ELIGIBILITY_SCREENING_PENDING,https://pubmed.ncbi.nlm.nih.gov/11855527/,2026-09-30
11855528,Working with survivors of torture in Sarajevo with Reiki.,10.1054/ctnm.2000.0516,,Journal Article,True,[],REIKI,False,ELIGIBILITY_SCREENING_PENDING,https://pubmed.ncbi.nlm.nih.gov/11855528/,2026-09-30
11855800,Therapeutic caring: a learning disability experience.,10.1054/ctnm.2001.0563,,Case Reports;Journal Article,True,[],THERAPEUTIC_TOUCH,False,ELIGIBILITY_SCREENING_PENDING,https://pubmed.ncbi.nlm.nih.gov/11855800/,2026-09-30
11858593,Unruffling the mystique of therapeutic touch. TT: the voices for.,10.1097/00006205-200202000-00001,,Comment;Letter,False,"[{""type"": ""CommentOn"", ""pmid"": ""11759611""}]",THERAPEUTIC_TOUCH,False,ELIGIBILITY_SCREENING_PENDING,https://pubmed.ncbi.nlm.nih.gov/11858593/,2026-09-30
11858594,Unruffling the mystique of therapeutic touch. TT: the voices for.,10.1097/00006205-200202000-00002,,Comment;Letter,False,"[{""type"": ""CommentOn"", ""pmid"": ""11759611""}]",THERAPEUTIC_TOUCH,False,ELIGIBILITY_SCREENING_PENDING,https://pubmed.ncbi.nlm.nih.gov/11858594/,2026-09-30
11858595,Unruffling the mystique of therapeutic touch. TT: the voices against.,10.1097/00006205-200202000-00004,,Comment;Letter,False,"[{""type"": ""CommentOn"", ""pmid"": ""11759611""}]",THERAPEUTIC_TOUCH,False,ELIGIBILITY_SCREENING_PENDING,https://pubmed.ncbi.nlm.nih.gov/11858595/,2026-09-30
11858596,Unruffling the mystique of therapeutic touch. TT: the voices against.,10.1097/00006205-200202000-00005,,Comment;Letter,False,"[{""type"": ""CommentOn"", ""pmid"": ""11759611""}]",THERAPEUTIC_TOUCH,False,ELIGIBILITY_SCREENING_PENDING,https://pubmed.ncbi.nlm.nih.gov/11858596/,2026-09-30
11858597,Unruffling the mystique of therapeutic touch. TT: the voices against.,10.1097/00006205-200202000-00006,,Comment;Letter,False,"[{""type"": ""CommentOn"", ""pmid"": ""11759611""}]",THERAPEUTIC_TOUCH,False,ELIGIBILITY_SCREENING_PENDING,https://pubmed.ncbi.nlm.nih.gov/11858597/,2026-09-30
11858598,Unruffling the mystique of therapeutic touch. TT: the voices against.,10.1097/00006205-200202000-00007,,Comment;Letter,False,"[{""type"": ""CommentOn"", ""pmid"": ""11759611""}]",THERAPEUTIC_TOUCH,False,ELIGIBILITY_SCREENING_PENDING,https://pubmed.ncbi.nlm.nih.gov/11858598/,2026-09-30
11858599,Unruffling the mystique of therapeutic touch. TT: the voices against.,10.1097/00006205-200202000-00008,,Comment;Letter,False,"[{""type"": ""CommentOn"", ""pmid"": ""11759611""}]",THERAPEUTIC_TOUCH,False,ELIGIBILITY_SCREENING_PENDING,https://pubmed.ncbi.nlm.nih.gov/11858599/,2026-09-30
11866025,Healing pathways through energy work in the perianesthesia care setting.,,,Journal Article;Review,True,[],HEALING_TOUCH,False,ELIGIBILITY_SCREENING_PENDING,https://pubmed.ncbi.nlm.nih.gov/11866025/,2026-09-30
11873336,Nursing research on the health patterning modalities of therapeutic touch and imagery.,10.1177/08943180122108418,,Journal Article;Review,False,[],THERAPEUTIC_TOUCH,False,ELIGIBILITY_SCREENING_PENDING,https://pubmed.ncbi.nlm.nih.gov/11873336/,2026-09-30
11890385,Experience of a Reiki session.,,,"Clinical Trial;Journal Article;Randomized Controlled Trial;Research Support, Non-U.S. Gov't",True,[],REIKI,False,ELIGIBILITY_SCREENING_PENDING,https://pubmed.ncbi.nlm.nih.gov/11890385/,2026-09-30
11890432,The clinical effectiveness of healing touch.,10.1089/107555302753507168,,"Clinical Trial;Controlled Clinical Trial;Journal Article;Research Support, Non-U.S. Gov't",True,[],HEALING_TOUCH,False,ELIGIBILITY_SCREENING_PENDING,https://pubmed.ncbi.nlm.nih.gov/11890432/,2026-09-30
11893844,[Distant healing and diabetes mellitus. A pilot study].,10.1159/000058074,,"English Abstract;Journal Article;Research Support, Non-U.S. Gov't",True,[],DISTANCE_HEALING,False,ELIGIBILITY_SCREENING_PENDING,https://pubmed.ncbi.nlm.nih.gov/11893844/,2026-09-30
11894284,Patterns of use of complementary health services in the south-west of Western Australia.,10.1046/j.1440-1584.2000.00283.x,,Journal Article;Multicenter Study,True,[],REIKI,False,ELIGIBILITY_SCREENING_PENDING,https://pubmed.ncbi.nlm.nih.gov/11894284/,2026-09-30
11898191,My journey into the literature of Therapeutic Touch and Healing Touch: Part 1.,,,Journal Article;Review,True,"[{""type"": ""CommentIn"", ""pmid"": ""11898291""}]",THERAPEUTIC_TOUCH;HEALING_TOUCH,False,ELIGIBILITY_SCREENING_PENDING,https://pubmed.ncbi.nlm.nih.gov/11898191/,2026-09-30
11898291,My journey into the literature of Therapeutic Touch and Healing Touch: Part 2.,,,Comment;Journal Article;Review,True,"[{""type"": ""CommentOn"", ""pmid"": ""11898191""}]",THERAPEUTIC_TOUCH;HEALING_TOUCH,False,ELIGIBILITY_SCREENING_PENDING,https://pubmed.ncbi.nlm.nih.gov/11898291/,2026-09-30
11898589,Healing touch certificate program.,,,Journal Article,False,[],HEALING_TOUCH,False,ELIGIBILITY_SCREENING_PENDING,https://pubmed.ncbi.nlm.nih.gov/11898589/,2026-09-30
11898687,The effect of an educational intervention on willingness to receive therapeutic touch.,10.1177/089801010202000105,,Journal Article,True,[],THERAPEUTIC_TOUCH,False,ELIGIBILITY_SCREENING_PENDING,https://pubmed.ncbi.nlm.nih.gov/11898687/,2026-09-30
11898908,Research methodology for studies of prayer and distant healing.,10.1054/ctnm.2001.0597,,Journal Article;Review,True,[],DISTANCE_HEALING,False,ELIGIBILITY_SCREENING_PENDING,https://pubmed.ncbi.nlm.nih.gov/11898908/,2026-09-30
11926432,Which complementary and alternative therapies benefit which conditions? A survey of the opinions of 223 professional organizations.,10.1054/ctim.2001.0453,,Journal Article,True,[],REIKI,False,ELIGIBILITY_SCREENING_PENDING,https://pubmed.ncbi.nlm.nih.gov/11926432/,2026-09-30
11931339,Early newborn discharge: a tale of two hospitals.,10.1177/000992280204100205,,"Journal Article;Research Support, Non-U.S. Gov't",True,[],EXTERNAL_QIGONG,False,ELIGIBILITY_SCREENING_PENDING,https://pubmed.ncbi.nlm.nih.gov/11931339/,2026-09-30
11932818,Stereotactic biopsies guided by an optical navigation system: technique and clinical experience.,10.1055/s-2002-23576,,Journal Article,True,[],RADIONICS,False,ELIGIBILITY_SCREENING_PENDING,https://pubmed.ncbi.nlm.nih.gov/11932818/,2026-09-30
11934908,"Can homeopaths detect homeopathic medicines by dowsing? A randomized, double-blind, placebo-controlled trial.",10.1177/014107680209500406,PMC1279512,Clinical Trial;Journal Article;Randomized Controlled Trial,True,[],HEALING_DOWSING,True,SEE_EARLIER_REGISTER,https://pubmed.ncbi.nlm.nih.gov/11934908/,2026-09-30
11979292,Therapeutic effects of massage therapy and handling touch on caregivers of patients undergoing autologous hematopoietic stem cell transplant.,10.1188/02.ONF.E35-E44,,"Journal Article;Research Support, Non-U.S. Gov't",True,[],HEALING_TOUCH,False,ELIGIBILITY_SCREENING_PENDING,https://pubmed.ncbi.nlm.nih.gov/11979292/,2026-09-30
11984412,'Unruffling' the mystique of therapeutic touch. A voice for TT.,10.1097/00006205-200204000-00001,,Letter,False,[],THERAPEUTIC_TOUCH,False,ELIGIBILITY_SCREENING_PENDING,https://pubmed.ncbi.nlm.nih.gov/11984412/,2026-09-30
11984413,'Unruffling' the mystique of therapeutic touch. And voices against TT.,10.1097/00006205-200204000-00002,,Letter,False,[],THERAPEUTIC_TOUCH,False,ELIGIBILITY_SCREENING_PENDING,https://pubmed.ncbi.nlm.nih.gov/11984413/,2026-09-30
11993014,The healing power of intercessory prayer.,,,Journal Article,True,[],DISTANCE_HEALING,False,ELIGIBILITY_SCREENING_PENDING,https://pubmed.ncbi.nlm.nih.gov/11993014/,2026-09-30
12007267,'Unruffling' the mystique of therapeutic touch. And voices against TT.,10.1097/00006205-200204000-00003,,Letter,False,[],THERAPEUTIC_TOUCH,False,ELIGIBILITY_SCREENING_PENDING,https://pubmed.ncbi.nlm.nih.gov/12007267/,2026-09-30
12007268,Localisation of the subthalamic nucleus using Radionics Image Fusion and Stereoplan combined with field potential recording. A technical note.,10.1159/000056495,,"Journal Article;Research Support, Non-U.S. Gov't",True,[],RADIONICS,False,ELIGIBILITY_SCREENING_PENDING,https://pubmed.ncbi.nlm.nih.gov/12007268/,2026-09-30
12007278,Miniature multileaf collimator as an alternative to traditional circular collimators for stereotactic radiosurgery and stereotactic radiotherapy.,10.1159/000056494,,"Comparative Study;Journal Article;Research Support, Non-U.S. Gov't",True,[],RADIONICS,False,ELIGIBILITY_SCREENING_PENDING,https://pubmed.ncbi.nlm.nih.gov/12007278/,2026-09-30
12019805,Native Hawaiian traditional healing: culturally based interventions for social work practice.,10.1093/sw/47.2.183,,Journal Article,True,[],,True,SEE_EARLIER_REGISTER,https://pubmed.ncbi.nlm.nih.gov/12019805/,2026-09-30
12025798,First-line treatment for osteoarthritis. Part 2: Nonpharmacologic interventions and evaluation.,10.1097/00006416-200111000-00004,,Journal Article,True,[],THERAPEUTIC_TOUCH,False,ELIGIBILITY_SCREENING_PENDING,https://pubmed.ncbi.nlm.nih.gov/12025798/,2026-09-30
12041164,State v. McKown.,,,Legal Case,False,[],CHRISTIAN_SCIENCE_HEALING,False,ELIGIBILITY_SCREENING_PENDING,https://pubmed.ncbi.nlm.nih.gov/12041164/,2026-09-30
12041170,Lundman v. McKown.,,,Legal Case,False,[],CHRISTIAN_SCIENCE_HEALING,True,SEE_EARLIER_REGISTER,https://pubmed.ncbi.nlm.nih.gov/12041170/,2026-09-30
12041213,Commonwealth v. Twitchell.,,,Legal Case,False,[],CHRISTIAN_SCIENCE_HEALING,True,SEE_EARLIER_REGISTER,https://pubmed.ncbi.nlm.nih.gov/12041213/,2026-09-30
12042801,The healing touch of epidermal T cells.,10.1038/nm0602-560,,News,False,[],HEALING_TOUCH,False,ELIGIBILITY_SCREENING_PENDING,https://pubmed.ncbi.nlm.nih.gov/12042801/,2026-09-30
12046440,[Holistic nursing with healing touch. Experiences with an energy healing method].,,,Journal Article,False,[],HEALING_TOUCH,False,ELIGIBILITY_SCREENING_PENDING,https://pubmed.ncbi.nlm.nih.gov/12046440/,2026-09-30
12056313,Pranic healing: an energy-based healing practice for the contemporary nurse.,,,Journal Article;Review,True,[],PRANIC_HEALING,False,ELIGIBILITY_SCREENING_PENDING,https://pubmed.ncbi.nlm.nih.gov/12056313/,2026-09-30
12060945,Intentionality: applications within selected theories of nursing.,10.1097/00004650-200207000-00008,,Journal Article;Review,True,[],THERAPEUTIC_TOUCH,False,ELIGIBILITY_SCREENING_PENDING,https://pubmed.ncbi.nlm.nih.gov/12060945/,2026-09-30
12065105,"High-dose, high-precision treatment options for boosting cancer of the nasopharynx.",10.1016/s0167-8140(02)00008-7,,Comparative Study;Journal Article,True,[],RADIONICS,False,ELIGIBILITY_SCREENING_PENDING,https://pubmed.ncbi.nlm.nih.gov/12065105/,2026-09-30
12111485,Laboratory testing of hydrocephalus shunts -- conclusion of the U.K. Shunt evaluation programme.,10.1007/s00701-002-0922-9,,"Evaluation Study;Journal Article;Research Support, Non-U.S. Gov't",True,[],RADIONICS,False,ELIGIBILITY_SCREENING_PENDING,https://pubmed.ncbi.nlm.nih.gov/12111485/,2026-09-30
12113364,Water witching and dowsing.,10.1111/j.1745-6584.2002.tb02525.x,,Journal Article,False,[],HEALING_DOWSING,False,ELIGIBILITY_SCREENING_PENDING,https://pubmed.ncbi.nlm.nih.gov/12113364/,2026-09-30
12119513,Efficacy of distant healing--a proposal for a four-armed randomized study (EUHEALS).,10.1159/000064267,,Clinical Trial;Journal Article;Randomized Controlled Trial,True,[],DISTANCE_HEALING,False,ELIGIBILITY_SCREENING_PENDING,https://pubmed.ncbi.nlm.nih.gov/12119513/,2026-09-30
12119623,Therapeutic touch coming of age.,10.1097/00004650-200004000-00004,,Journal Article;Review,True,[],THERAPEUTIC_TOUCH,False,ELIGIBILITY_SCREENING_PENDING,https://pubmed.ncbi.nlm.nih.gov/12119623/,2026-09-30
12119624,Use of therapeutic touch in treatment of drug addictions.,10.1097/00004650-200004000-00005,,"Comparative Study;Journal Article;Research Support, Non-U.S. Gov't",True,[],THERAPEUTIC_TOUCH,False,ELIGIBILITY_SCREENING_PENDING,https://pubmed.ncbi.nlm.nih.gov/12119624/,2026-09-30
12119625,The empowering nature of Reiki as a complementary therapy.,10.1097/00004650-200004000-00006,,Journal Article;Review,True,[],REIKI,False,ELIGIBILITY_SCREENING_PENDING,https://pubmed.ncbi.nlm.nih.gov/12119625/,2026-09-30
12141244,Sound healing.,,,Newspaper Article;Journal Article,False,[],SOUND_HEALING,False,ELIGIBILITY_SCREENING_PENDING,https://pubmed.ncbi.nlm.nih.gov/12141244/,2026-09-30
12168323,Shunt testing in-vivo: a method based on the data from the UK shunt evaluation laboratory.,10.1007/978-3-7091-6738-0_7,,Journal Article,True,[],RADIONICS,False,ELIGIBILITY_SCREENING_PENDING,https://pubmed.ncbi.nlm.nih.gov/12168323/,2026-09-30
12180504,Sociocultural and community factors influencing the use of Native Hawaiian healers and healing practices among adolescents in Hawai'i.,,,"Comparative Study;Journal Article;Research Support, Non-U.S. Gov't;Research Support, U.S. Gov't, P.H.S.",True,[],,True,SEE_EARLIER_REGISTER,https://pubmed.ncbi.nlm.nih.gov/12180504/,2026-09-30
12180505,Hawaiian health practitioners in contemporary society.,,,"Journal Article;Research Support, Non-U.S. Gov't;Research Support, U.S. Gov't, P.H.S.",True,[],,True,SEE_EARLIER_REGISTER,https://pubmed.ncbi.nlm.nih.gov/12180505/,2026-09-30
12188157,Reiki.,10.1054/ctnm.2002.0608,,Letter,False,[],REIKI,False,ELIGIBILITY_SCREENING_PENDING,https://pubmed.ncbi.nlm.nih.gov/12188157/,2026-09-30
12201884,Psycho-affective disorder in intensive care units: a review.,10.1046/j.1365-2702.2002.00638.x,,Journal Article;Review,True,[],THERAPEUTIC_TOUCH,False,ELIGIBILITY_SCREENING_PENDING,https://pubmed.ncbi.nlm.nih.gov/12201884/,2026-09-30
12231432,Non-linear dynamic complexity of the human EEG during meditation.,10.1016/s0304-3940(02)00745-0,,Journal Article,True,[],SAHAJA_YOGA,False,ELIGIBILITY_SCREENING_PENDING,https://pubmed.ncbi.nlm.nih.gov/12231432/,2026-09-30
12233795,Jin Shin Jyutsu outcomes in a patient with multiple myeloma.,,,Case Reports;Journal Article,False,[],JIN_SHIN_JYUTSU,True,SEE_EARLIER_REGISTER,https://pubmed.ncbi.nlm.nih.gov/12233795/,2026-09-30
12269776,Assessing complementary therapy services in a hospice program.,10.1177/104990910201900506,,Journal Article,True,[],REIKI;THERAPEUTIC_TOUCH,False,ELIGIBILITY_SCREENING_PENDING,https://pubmed.ncbi.nlm.nih.gov/12269776/,2026-09-30
12271550,Therapeutic touch in dementia care.,,,Journal Article,False,[],THERAPEUTIC_TOUCH,False,ELIGIBILITY_SCREENING_PENDING,https://pubmed.ncbi.nlm.nih.gov/12271550/,2026-09-30
12356595,What we can learn from shamanic healing: brief psychotherapy with Latino immigrant clients.,10.2105/ajph.92.10.1576,PMC1447282,Comparative Study;Journal Article,True,[],,True,SEE_EARLIER_REGISTER,https://pubmed.ncbi.nlm.nih.gov/12356595/,2026-09-30
12375821,Conversion of measured percentage depth dose to tissue maximum ratio values in stereotactic radiotherapy.,10.1088/0031-9155/47/18/302,,Journal Article,True,[],RADIONICS,False,ELIGIBILITY_SCREENING_PENDING,https://pubmed.ncbi.nlm.nih.gov/12375821/,2026-09-30
12383365,Spinal cord mapping as an adjunct for resection of intramedullary tumors: surgical technique with case illustrations.,10.1097/00006123-200211000-00015,,Case Reports;Journal Article,True,[],RADIONICS,False,ELIGIBILITY_SCREENING_PENDING,https://pubmed.ncbi.nlm.nih.gov/12383365/,2026-09-30
12408216,The effect of therapeutic touch on agitated behavior and cortisol in persons with Alzheimer's disease.,10.1177/1099800402238331,,Clinical Trial;Controlled Clinical Trial;Journal Article,True,[],THERAPEUTIC_TOUCH,False,ELIGIBILITY_SCREENING_PENDING,https://pubmed.ncbi.nlm.nih.gov/12408216/,2026-09-30
12418375,[Treatment of malignant liver tumors with radio-frequency ablation (RFA)].,,,Journal Article,True,[],RADIONICS,False,ELIGIBILITY_SCREENING_PENDING,https://pubmed.ncbi.nlm.nih.gov/12418375/,2026-09-30
12420534,The energetic language of therapeutic touch. A holistic tool for nurse practitioners.,,,Journal Article;Review,False,[],THERAPEUTIC_TOUCH,False,ELIGIBILITY_SCREENING_PENDING,https://pubmed.ncbi.nlm.nih.gov/12420534/,2026-09-30
12435217,"Complementary and alternative medicine for menopausal symptoms: a review of randomized, controlled trials.",10.7326/0003-4819-137-10-200211190-00009,,"Journal Article;Research Support, U.S. Gov't, P.H.S.;Review",True,"[{""type"": ""CommentIn"", ""pmid"": ""12841725""}]",THERAPEUTIC_TOUCH,False,ELIGIBILITY_SCREENING_PENDING,https://pubmed.ncbi.nlm.nih.gov/12435217/,2026-09-30
12441926,Phase II trial of radio frequency ablation of renal cancer: evaluation of the kill zone.,10.1016/S0022-5347(05)64154-7,,"Clinical Trial;Clinical Trial, Phase II;Journal Article",True,"[{""type"": ""CommentIn"", ""pmid"": ""12441928""}]",RADIONICS,True,SEE_EARLIER_REGISTER,https://pubmed.ncbi.nlm.nih.gov/12441926/,2026-09-30
12454906,Neurodevelopmental care in the NICU.,10.1002/mrdd.10040,,Journal Article,True,[],THERAPEUTIC_TOUCH,False,ELIGIBILITY_SCREENING_PENDING,https://pubmed.ncbi.nlm.nih.gov/12454906/,2026-09-30
12462823,Evidence-based practice and reviews of therapeutic touch.,10.1111/j.1547-5069.2000.00279.x,,Journal Article;Review,True,[],THERAPEUTIC_TOUCH,False,ELIGIBILITY_SCREENING_PENDING,https://pubmed.ncbi.nlm.nih.gov/12462823/,2026-09-30
12462824,Biobehavioral effects of therapeutic touch.,10.1111/j.1547-5069.2000.00287.x,,"Clinical Trial;Controlled Clinical Trial;Journal Article;Research Support, Non-U.S. Gov't",True,[],THERAPEUTIC_TOUCH,False,ELIGIBILITY_SCREENING_PENDING,https://pubmed.ncbi.nlm.nih.gov/12462824/,2026-09-30
12470431,External qigong therapy for chronic orofacial pain.,10.1089/107555302320825011,,Letter,False,[],EXTERNAL_QIGONG,False,ELIGIBILITY_SCREENING_PENDING,https://pubmed.ncbi.nlm.nih.gov/12470431/,2026-09-30
12470443,A preliminary study of the effect of external qigong on lymphoma growth in mice.,10.1089/107555302320825138,,"Journal Article;Research Support, Non-U.S. Gov't;Research Support, U.S. Gov't, P.H.S.",True,[],EXTERNAL_QIGONG,False,ELIGIBILITY_SCREENING_PENDING,https://pubmed.ncbi.nlm.nih.gov/12470443/,2026-09-30
12484025,[Examination of percutaneous microwave coagulation and radiofrequency ablation therapy for metastatic liver cancer].,,,Comparative Study;English Abstract;Journal Article,True,[],RADIONICS,False,ELIGIBILITY_SCREENING_PENDING,https://pubmed.ncbi.nlm.nih.gov/12484025/,2026-09-30
12484105,Effects of integrating therapeutic touch into a cognitive behavioral pain treatment program. Report of a pilot clinical trial.,10.1177/089801002237593,,"Clinical Trial;Journal Article;Randomized Controlled Trial;Research Support, Non-U.S. Gov't",True,[],THERAPEUTIC_TOUCH,True,SEE_EARLIER_REGISTER,https://pubmed.ncbi.nlm.nih.gov/12484105/,2026-09-30
12484718,The healing touch.,10.7326/0003-4819-137-12-200212170-00016,,Case Reports;Journal Article,False,[],HEALING_TOUCH,False,ELIGIBILITY_SCREENING_PENDING,https://pubmed.ncbi.nlm.nih.gov/12484718/,2026-09-30
12492014,A therapeutic touch. An interview with Jelka Jonker. Interview by Fiona Kyck.,,,Interview;Newspaper Article,False,[],THERAPEUTIC_TOUCH,False,ELIGIBILITY_SCREENING_PENDING,https://pubmed.ncbi.nlm.nih.gov/12492014/,2026-09-30
12503455,Integration: a synergistic approach to health/wellness.,,,Journal Article;Review,True,[],REIKI;HEALING_TOUCH,False,ELIGIBILITY_SCREENING_PENDING,https://pubmed.ncbi.nlm.nih.gov/12503455/,2026-09-30
12510515,Strategies for innovative energy-based nursing practice: the Healing Touch program.,,,Journal Article;Review,True,[],HEALING_TOUCH,False,ELIGIBILITY_SCREENING_PENDING,https://pubmed.ncbi.nlm.nih.gov/12510515/,2026-09-30
12516804,Histologic evaluation and treatment outcome after sequential radiofrequency ablation and hepatic resection for primary and metastatic tumors.,,,Journal Article,True,"[{""type"": ""CommentIn"", ""pmid"": ""14509336""}]",RADIONICS,False,ELIGIBILITY_SCREENING_PENDING,https://pubmed.ncbi.nlm.nih.gov/12516804/,2026-09-30
12564348,Therapeutic touch: a nursing practice.,,,Journal Article;Review,False,[],THERAPEUTIC_TOUCH,False,ELIGIBILITY_SCREENING_PENDING,https://pubmed.ncbi.nlm.nih.gov/12564348/,2026-09-30
12564349,Therapeutic touch at the crossroads: observations on the Rosa study.,,,Journal Article,False,[],THERAPEUTIC_TOUCH,False,ELIGIBILITY_SCREENING_PENDING,https://pubmed.ncbi.nlm.nih.gov/12564349/,2026-09-30
12564350,Outcomes of touch therapies during bone marrow transplant.,,,Clinical Trial;Journal Article;Randomized Controlled Trial,True,[],THERAPEUTIC_TOUCH,False,ELIGIBILITY_SCREENING_PENDING,https://pubmed.ncbi.nlm.nih.gov/12564350/,2026-09-30
12564352,A nurse-statistician reanalyzes data from the Rosa therapeutic touch study.,,,Journal Article;Review,True,[],THERAPEUTIC_TOUCH,False,ELIGIBILITY_SCREENING_PENDING,https://pubmed.ncbi.nlm.nih.gov/12564352/,2026-09-30
12592974,Reiki: a gift and a skill anyone can learn.,,,Journal Article;Review,False,[],REIKI,False,ELIGIBILITY_SCREENING_PENDING,https://pubmed.ncbi.nlm.nih.gov/12592974/,2026-09-30
12594975,"Complementary and alternative groups contemplate the need for effectiveness, safety and cost-effectiveness research.",10.1016/s0965-2299(02)00076-6,,"Journal Article;Research Support, Non-U.S. Gov't",True,[],REIKI,False,ELIGIBILITY_SCREENING_PENDING,https://pubmed.ncbi.nlm.nih.gov/12594975/,2026-09-30
12614528,Effect of Reiki treatments on functional recovery in patients in poststroke rehabilitation: a pilot study.,10.1089/10755530260511766,,"Clinical Trial;Journal Article;Randomized Controlled Trial;Research Support, U.S. Gov't, P.H.S.",True,"[{""type"": ""CommentIn"", ""pmid"": ""12614520""}]",REIKI,False,ELIGIBILITY_SCREENING_PENDING,https://pubmed.ncbi.nlm.nih.gov/12614528/,2026-09-30
12620133,National Center for Complementary and Alternative Medicine perspectives for complementary and alternative medicine research in cardiovascular diseases.,10.1097/01.CRD.0000053452.60754.C5,,Journal Article,True,[],REIKI,False,ELIGIBILITY_SCREENING_PENDING,https://pubmed.ncbi.nlm.nih.gov/12620133/,2026-09-30
12629941,What are the distinctions between Reiki and therapeutic touch?,10.1188/03.CJON.89-91,,Comparative Study;Journal Article,False,[],REIKI;THERAPEUTIC_TOUCH,False,ELIGIBILITY_SCREENING_PENDING,https://pubmed.ncbi.nlm.nih.gov/12629941/,2026-09-30
12630139,Integrative care--Reiki.,,,Journal Article,False,"[{""type"": ""CommentIn"", ""pmid"": ""12741051""}]",REIKI,False,ELIGIBILITY_SCREENING_PENDING,https://pubmed.ncbi.nlm.nih.gov/12630139/,2026-09-30
12652880,Reiki: a starting point for integrative medicine.,,,Comment;Journal Article,False,"[{""type"": ""CommentOn"", ""pmid"": ""12652885""}]",REIKI,False,ELIGIBILITY_SCREENING_PENDING,https://pubmed.ncbi.nlm.nih.gov/12652880/,2026-09-30
12652881,Preliminary report on the use of Reiki HIV-related pain and anxiety.,,,Evaluation Study;Journal Article,False,[],REIKI,False,ELIGIBILITY_SCREENING_PENDING,https://pubmed.ncbi.nlm.nih.gov/12652881/,2026-09-30
12652885,"Reiki--review of a biofield therapy history, theory, practice, and research.",,,Journal Article;Review,True,"[{""type"": ""CommentIn"", ""pmid"": ""12652880""}]",REIKI,False,ELIGIBILITY_SCREENING_PENDING,https://pubmed.ncbi.nlm.nih.gov/12652885/,2026-09-30
12652892,Enhancing the treatment of HIV/AIDS with Reiki training and treatment.,,,Case Reports;Journal Article,False,[],REIKI,False,ELIGIBILITY_SCREENING_PENDING,https://pubmed.ncbi.nlm.nih.gov/12652892/,2026-09-30
12699715,Paranormal phenomena in the medical literature sufficient smoke to warrant a search for fire.,10.1016/s0306-9877(03)00066-5,,Journal Article,True,[],DISTANCE_HEALING,False,ELIGIBILITY_SCREENING_PENDING,https://pubmed.ncbi.nlm.nih.gov/12699715/,2026-09-30
12709165,The nature of touch therapy related to Ki: practitioners' perspective.,10.1046/j.1442-2018.2003.00141.x,,Journal Article,True,[],HEALING_TOUCH,False,ELIGIBILITY_SCREENING_PENDING,https://pubmed.ncbi.nlm.nih.gov/12709165/,2026-09-30
12721686,Heat distribution and heat transport in bone during radiofrequency catheter ablation.,10.1007/s00402-003-0478-z,,Journal Article,True,[],RADIONICS,False,ELIGIBILITY_SCREENING_PENDING,https://pubmed.ncbi.nlm.nih.gov/12721686/,2026-09-30
12738337,Commissioning and clinical results utilizing the Gildenberg-Laitinen Adapter Device for X-ray in fractionated stereotactic radiotherapy.,10.1016/s0360-3016(03)00119-6,,Evaluation Study;Journal Article,True,[],RADIONICS,False,ELIGIBILITY_SCREENING_PENDING,https://pubmed.ncbi.nlm.nih.gov/12738337/,2026-09-30
12776463,Distant healing intention: definitions and evolving guidelines for laboratory studies.,,,Journal Article,True,[],DISTANCE_HEALING,False,ELIGIBILITY_SCREENING_PENDING,https://pubmed.ncbi.nlm.nih.gov/12776463/,2026-09-30
12776468,A systematic review of the quality of research on hands-on and distance healing: clinical and laboratory studies.,,,"Journal Article;Research Support, Non-U.S. Gov't;Systematic Review",True,[],DISTANCE_HEALING,True,SEE_EARLIER_REGISTER,https://pubmed.ncbi.nlm.nih.gov/12776468/,2026-09-30
12778776,"Distant healing--an ""update"" of a systematic review.",10.1007/BF03040322,,Journal Article;Systematic Review,True,[],DISTANCE_HEALING,False,ELIGIBILITY_SCREENING_PENDING,https://pubmed.ncbi.nlm.nih.gov/12778776/,2026-09-30
12801074,Impact of a primary care quality improvement intervention on use of psychotherapy for depression.,10.1023/a:1023233612022,,Clinical Trial;Journal Article;Randomized Controlled Trial,True,[],EXTERNAL_QIGONG,False,ELIGIBILITY_SCREENING_PENDING,https://pubmed.ncbi.nlm.nih.gov/12801074/,2026-09-30
12806095,Policy considerations for using forests to mitigate carbon dioxide emissions.,10.1100/tsw.2001.60,PMC6084723,Editorial,True,[],CHRISTIAN_SCIENCE_HEALING,False,ELIGIBILITY_SCREENING_PENDING,https://pubmed.ncbi.nlm.nih.gov/12806095/,2026-09-30
12830105,"A close look at ""A close look at therapeutic touch"".",10.1016/s0029-6554(02)05462-3,,Journal Article;Review,False,[],THERAPEUTIC_TOUCH,False,ELIGIBILITY_SCREENING_PENDING,https://pubmed.ncbi.nlm.nih.gov/12830105/,2026-09-30
12847653,[Radiofrequency ablation ex vivo: comparison of the efficacy of impedance control mode versus manual control mode by using an internally cooled clustered electrode].,10.1055/s-2003-40436,,Comparative Study;Evaluation Study;Journal Article,True,[],RADIONICS,False,ELIGIBILITY_SCREENING_PENDING,https://pubmed.ncbi.nlm.nih.gov/12847653/,2026-09-30
12849607,Reflecting on paediatric oncology nursing practice using Benner's Helping Role as a framework to examine aspects of caring.,10.1054/ejon.2001.0160,,Journal Article,True,[],THERAPEUTIC_TOUCH,False,ELIGIBILITY_SCREENING_PENDING,https://pubmed.ncbi.nlm.nih.gov/12849607/,2026-09-30
12856872,Effects of Qigong on immune cells.,10.1142/S0192415X03001016,,"Clinical Trial;Journal Article;Randomized Controlled Trial;Research Support, Non-U.S. Gov't",True,[],EXTERNAL_QIGONG,False,ELIGIBILITY_SCREENING_PENDING,https://pubmed.ncbi.nlm.nih.gov/12856872/,2026-09-30
12868256,Pamela Miles. Reiki vibrational healing. Interview by Bonnie Horrigan.,,,Interview,False,"[{""type"": ""ReprintIn"", ""pmid"": ""20973269""}]",REIKI,False,ELIGIBILITY_SCREENING_PENDING,https://pubmed.ncbi.nlm.nih.gov/12868256/,2026-09-30
12889412,Introducing the Pranic Healing system to holistic nursing practice.,,,Journal Article;Review,False,[],PRANIC_HEALING,False,ELIGIBILITY_SCREENING_PENDING,https://pubmed.ncbi.nlm.nih.gov/12889412/,2026-09-30
12889546,Large clinical study shows value of therapeutic touch program.,10.1097/00004650-200307000-00005,,Journal Article,True,[],THERAPEUTIC_TOUCH,False,ELIGIBILITY_SCREENING_PENDING,https://pubmed.ncbi.nlm.nih.gov/12889546/,2026-09-30
12889549,Reiki therapy: the benefits to a nurse/Reiki practitioner.,10.1097/00004650-200307000-00008,,Journal Article,True,[],REIKI,False,ELIGIBILITY_SCREENING_PENDING,https://pubmed.ncbi.nlm.nih.gov/12889549/,2026-09-30
12892233,Safety of multiple stereotactic radiosurgery treatments for multiple brain lesions.,10.1023/a:1024251721818,,Case Reports;Journal Article,True,[],RADIONICS,False,ELIGIBILITY_SCREENING_PENDING,https://pubmed.ncbi.nlm.nih.gov/12892233/,2026-09-30
12894984,Comprehensive quality assurance for stereotactic radiosurgery treatments.,10.1088/0031-9155/48/14/402,,Comparative Study;Evaluation Study;Journal Article;Validation Study,True,[],RADIONICS,False,ELIGIBILITY_SCREENING_PENDING,https://pubmed.ncbi.nlm.nih.gov/12894984/,2026-09-30
12942277,Radio-frequency tissue ablation of the liver: in vivo and ex vivo experiments with four different systems.,10.1007/s00330-003-1970-0,,Comparative Study;Journal Article,True,[],RADIONICS,False,ELIGIBILITY_SCREENING_PENDING,https://pubmed.ncbi.nlm.nih.gov/12942277/,2026-09-30
12943139,Use of complementary and alternative therapies to promote sleep in critically ill patients.,10.1016/s0899-5885(02)00051-5,,Journal Article,True,[],THERAPEUTIC_TOUCH,False,ELIGIBILITY_SCREENING_PENDING,https://pubmed.ncbi.nlm.nih.gov/12943139/,2026-09-30
12943140,Cultural related complementary therapies: their use in critical care units.,10.1016/s0899-5885(02)00048-5,,Journal Article,True,[],HEALING_TOUCH,False,ELIGIBILITY_SCREENING_PENDING,https://pubmed.ncbi.nlm.nih.gov/12943140/,2026-09-30
12947151,Sahaja yoga in asthma.,10.1136/thorax.58.9.825-a,PMC1746791,Comment;Letter,False,"[{""type"": ""CommentOn"", ""pmid"": ""11828038""}]",SAHAJA_YOGA,False,ELIGIBILITY_SCREENING_PENDING,https://pubmed.ncbi.nlm.nih.gov/12947151/,2026-09-30
12956145,Should Christians use therapeutic touch?,10.1076/chbi.8.1.25.8756,,Journal Article,False,[],THERAPEUTIC_TOUCH,False,ELIGIBILITY_SCREENING_PENDING,https://pubmed.ncbi.nlm.nih.gov/12956145/,2026-09-30
12992054,Johan Georg Mezger and the healing touch.,,,Biography;Journal Article,False,[],HEALING_TOUCH,False,ELIGIBILITY_SCREENING_PENDING,https://pubmed.ncbi.nlm.nih.gov/12992054/,2026-09-30
13856721,RADIONICS and the black box. Action for fraud against Mr. de la Warr.,,PMC2096794,Journal Article,False,[],RADIONICS,False,ELIGIBILITY_SCREENING_PENDING,https://pubmed.ncbi.nlm.nih.gov/13856721/,2026-09-30
13856756,RADIONICS and the black box judgement for defendant.,,PMC2097485,Journal Article,False,[],RADIONICS,False,ELIGIBILITY_SCREENING_PENDING,https://pubmed.ncbi.nlm.nih.gov/13856756/,2026-09-30
13909419,"[""Christian Science"" as an example of autistic-alogic thought in medicine].",,,Journal Article,False,[],CHRISTIAN_SCIENCE_HEALING,False,ELIGIBILITY_SCREENING_PENDING,https://pubmed.ncbi.nlm.nih.gov/13909419/,2026-09-30
13962786,Animal magnetism and the mother of Christian science.,,,Journal Article,False,[],CHRISTIAN_SCIENCE_HEALING,False,ELIGIBILITY_SCREENING_PENDING,https://pubmed.ncbi.nlm.nih.gov/13962786/,2026-09-30
14494875,Claim cases by Christian Scientists.,,,Journal Article,False,[],CHRISTIAN_SCIENCE_HEALING,False,ELIGIBILITY_SCREENING_PENDING,https://pubmed.ncbi.nlm.nih.gov/14494875/,2026-09-30
14498972,"A response to ""A critical evaluation of the theory and practice of therapeutic touch"".",10.1046/j.1466-769x.2003.00119.x,,Letter,False,[],THERAPEUTIC_TOUCH,False,ELIGIBILITY_SCREENING_PENDING,https://pubmed.ncbi.nlm.nih.gov/14498972/,2026-09-30
14499022,A randomized controlled trial of spiritual healing in restricted neck movement.,10.1089/107555303322284758,,"Clinical Trial;Journal Article;Randomized Controlled Trial;Research Support, Non-U.S. Gov't",True,"[{""type"": ""CommentIn"", ""pmid"": ""14499017""}]",,True,SEE_EARLIER_REGISTER,https://pubmed.ncbi.nlm.nih.gov/14499022/,2026-09-30
14501488,In vivo efficiency of four commercial monopolar radiofrequency ablation systems: a comparative experimental study in pig liver.,10.1097/01.rli.0000077122.70885.94,,Comparative Study;Journal Article,True,[],RADIONICS,False,ELIGIBILITY_SCREENING_PENDING,https://pubmed.ncbi.nlm.nih.gov/14501488/,2026-09-30
14506571,Symptomatic cysts of the cavum septi pellucidi and cavum vergae: the role of endoscopic neurosurgery in the treatment of four consecutive cases.,10.1055/s-2003-42351,,Case Reports;Journal Article,True,[],RADIONICS,False,ELIGIBILITY_SCREENING_PENDING,https://pubmed.ncbi.nlm.nih.gov/14506571/,2026-09-30
14531177,Is there enough rationale in randomised controlled trials on distant healing?,10.1007/BF03040458,,Letter,False,[],DISTANCE_HEALING,False,ELIGIBILITY_SCREENING_PENDING,https://pubmed.ncbi.nlm.nih.gov/14531177/,2026-09-30
14551273,Influence of large peritumoral vessels on outcome of radiofrequency ablation of liver tumors.,10.1097/01.rvi.0000092666.72261.6b,,Journal Article,True,[],RADIONICS,False,ELIGIBILITY_SCREENING_PENDING,https://pubmed.ncbi.nlm.nih.gov/14551273/,2026-09-30
14571006,Changes in the isoprenoid pathway with transcendental meditation and Reiki healing practices in seizure disorder.,,,Journal Article,True,[],REIKI,False,ELIGIBILITY_SCREENING_PENDING,https://pubmed.ncbi.nlm.nih.gov/14571006/,2026-09-30
14581899,"Training community practitioners in a research intervention: practice examples at the intersection of cancer, Western science, and native Hawaiian healing.",10.1177/107327480301005s02,,"Journal Article;Research Support, U.S. Gov't, P.H.S.",True,[],,True,SEE_EARLIER_REGISTER,https://pubmed.ncbi.nlm.nih.gov/14581899/,2026-09-30
14583953,Therapeutic touch for healing acute wounds.,10.1002/14651858.CD002766,,Journal Article;Systematic Review,True,"[{""type"": ""UpdateIn"", ""pmid"": ""22696330""}]",THERAPEUTIC_TOUCH,True,SEE_EARLIER_REGISTER,https://pubmed.ncbi.nlm.nih.gov/14583953/,2026-09-30
14585550,A phase II trial of Reiki for the management of pain in advanced cancer patients.,10.1016/s0885-3924(03)00334-8,,"Clinical Trial;Clinical Trial, Phase II;Controlled Clinical Trial;Journal Article;Research Support, Non-U.S. Gov't",True,[],REIKI,False,ELIGIBILITY_SCREENING_PENDING,https://pubmed.ncbi.nlm.nih.gov/14585550/,2026-09-30
14587884,Effects of in vitro and in vivo Qi-therapy on neutrophil superoxide generation in healthy male subjects.,10.1142/S0192415X03001119,,"Journal Article;Research Support, Non-U.S. Gov't",True,[],EXTERNAL_QIGONG,False,ELIGIBILITY_SCREENING_PENDING,https://pubmed.ncbi.nlm.nih.gov/14587884/,2026-09-30
14604415,An integrated treatment delivery system for CSRS and CSRT and clinical applications.,10.1120/jacmp.v4i4.2496,PMC5724455,Comparative Study;Journal Article;Validation Study,True,[],RADIONICS,False,ELIGIBILITY_SCREENING_PENDING,https://pubmed.ncbi.nlm.nih.gov/14604415/,2026-09-30
14619473,[Radiofrequency ablation therapy combined with intrahepatic arterial infusion chemotherapy for liver metastasis of colorectal cancer].,,,English Abstract;Journal Article,True,[],RADIONICS,False,ELIGIBILITY_SCREENING_PENDING,https://pubmed.ncbi.nlm.nih.gov/14619473/,2026-09-30
14639775,Holistic nursing management of pain and suffering: a historical view with contemporary applications.,,,Historical Article;Journal Article,True,[],HEALING_TOUCH,False,ELIGIBILITY_SCREENING_PENDING,https://pubmed.ncbi.nlm.nih.gov/14639775/,2026-09-30
14639776,Reiki: a supportive therapy in nursing practice and self-care for nurses.,,,Journal Article;Review,True,[],REIKI,False,ELIGIBILITY_SCREENING_PENDING,https://pubmed.ncbi.nlm.nih.gov/14639776/,2026-09-30
14639779,The spirit of healing: how to develop a spiritually based personal and professional practice.,,,Journal Article,True,[],REIKI;THERAPEUTIC_TOUCH,False,ELIGIBILITY_SCREENING_PENDING,https://pubmed.ncbi.nlm.nih.gov/14639779/,2026-09-30
14659379,"Effects of Qi-therapy on blood pressure, pain and psychological symptoms in the elderly: a randomized controlled pilot trial.",10.1016/s0965-2299(03)00088-8,,Clinical Trial;Journal Article;Randomized Controlled Trial,True,[],EXTERNAL_QIGONG,False,ELIGIBILITY_SCREENING_PENDING,https://pubmed.ncbi.nlm.nih.gov/14659379/,2026-09-30
14689396,Complementary therapies and healing practices: faculty/student beliefs and attitudes and the implications for nursing education.,10.1016/s8755-7223(03)00133-9,,Comparative Study;Journal Article,True,[],HEALING_TOUCH,False,ELIGIBILITY_SCREENING_PENDING,https://pubmed.ncbi.nlm.nih.gov/14689396/,2026-09-30
14698357,The impact of self-hypnosis and Johrei on lymphocyte subpopulations at exam time: a controlled study.,10.1016/j.brainresbull.2003.09.014,,Clinical Trial;Journal Article;Randomized Controlled Trial,True,[],JOHREI,True,SEE_EARLIER_REGISTER,https://pubmed.ncbi.nlm.nih.gov/14698357/,2026-09-30
14713325,Therapeutic massage and healing touch improve symptoms in cancer.,10.1177/1534735403259064,,"Clinical Trial;Journal Article;Randomized Controlled Trial;Research Support, Non-U.S. Gov't",True,[],HEALING_TOUCH,True,SEE_EARLIER_REGISTER,https://pubmed.ncbi.nlm.nih.gov/14713325/,2026-09-30
14719103,Enlargement of thermal ablation zone by the combination of ethanol injection and radiofrequency ablation in excised bovine liver.,,,Journal Article,True,[],RADIONICS,False,ELIGIBILITY_SCREENING_PENDING,https://pubmed.ncbi.nlm.nih.gov/14719103/,2026-09-30
14734923,Dual-probe radiofrequency ablation: an in vitro experimental study in bovine liver.,10.1097/01.rli.0000105041.12347.4b,,Comparative Study;Journal Article,True,[],RADIONICS,True,SEE_EARLIER_REGISTER,https://pubmed.ncbi.nlm.nih.gov/14734923/,2026-09-30
14736354,Benefits of external qigong therapy on morphine-abstinent mice and rats.,10.1089/107555303771952172,,Journal Article,True,[],EXTERNAL_QIGONG,False,ELIGIBILITY_SCREENING_PENDING,https://pubmed.ncbi.nlm.nih.gov/14736354/,2026-09-30
14852248,Johan Georg Mezger and the healing touch.,,,Biography;Journal Article,False,[],HEALING_TOUCH,False,ELIGIBILITY_SCREENING_PENDING,https://pubmed.ncbi.nlm.nih.gov/14852248/,2026-09-30
14981955,Percutaneous ultrasound-guided radiofrequency thermal ablation of malignant osteolyses.,,,Journal Article,True,[],RADIONICS,False,ELIGIBILITY_SCREENING_PENDING,https://pubmed.ncbi.nlm.nih.gov/14981955/,2026-09-30
15010568,Clinical holistic medicine: classic art of healing or the therapeutic touch.,10.1100/tsw.2004.11,PMC5956431,"Journal Article;Research Support, Non-U.S. Gov't",True,[],THERAPEUTIC_TOUCH,False,ELIGIBILITY_SCREENING_PENDING,https://pubmed.ncbi.nlm.nih.gov/15010568/,2026-09-30
15010569,Clinical holistic medicine: holistic pelvic examination and holistic treatment of infertility.,10.1100/tsw.2004.14,PMC5956408,"Case Reports;Journal Article;Research Support, Non-U.S. Gov't",True,[],THERAPEUTIC_TOUCH,False,ELIGIBILITY_SCREENING_PENDING,https://pubmed.ncbi.nlm.nih.gov/15010569/,2026-09-30
15025889,A case study of simultaneous recovery from multiple physical symptoms with medical qigong therapy.,10.1089/107555304322849075,,Case Reports;Journal Article,True,"[{""type"": ""CommentIn"", ""pmid"": ""15025890""}, {""type"": ""CommentIn"", ""pmid"": ""15176378""}]",EXTERNAL_QIGONG,False,ELIGIBILITY_SCREENING_PENDING,https://pubmed.ncbi.nlm.nih.gov/15025889/,2026-09-30
15040779,Complementary and alternative medicine: the move into mainstream health care.,10.1111/j.1444-0938.2004.tb03158.x,,Journal Article,True,"[{""type"": ""CommentIn"", ""pmid"": ""15186213""}]",PRANIC_HEALING,False,ELIGIBILITY_SCREENING_PENDING,https://pubmed.ncbi.nlm.nih.gov/15040779/,2026-09-30
15049060,[Potentials of interventional radiology: percutaneous radiofrequency ablation].,,,Journal Article,True,[],RADIONICS,False,ELIGIBILITY_SCREENING_PENDING,https://pubmed.ncbi.nlm.nih.gov/15049060/,2026-09-30
15051523,Involvement of phosphatidylinositol 3-kinase and insulin-like growth factor-I in YXLST-mediated neuroprotection.,10.1016/j.brainres.2004.01.068,,"Comparative Study;Journal Article;Research Support, Non-U.S. Gov't;Research Support, U.S. Gov't, P.H.S.",True,"[{""type"": ""ErratumIn"", ""pmid"": null}]",EXTERNAL_QIGONG,False,ELIGIBILITY_SCREENING_PENDING,https://pubmed.ncbi.nlm.nih.gov/15051523/,2026-09-30
15066896,Five-year impact of quality improvement for depression: results of a group-level randomized controlled trial.,10.1001/archpsyc.61.4.378,,"Clinical Trial;Journal Article;Randomized Controlled Trial;Research Support, U.S. Gov't, P.H.S.",True,[],EXTERNAL_QIGONG,False,ELIGIBILITY_SCREENING_PENDING,https://pubmed.ncbi.nlm.nih.gov/15066896/,2026-09-30
15076283,Radio frequency ablation of small renal tumors:: intermediate results.,10.1097/01.ju.0000119905.72574.de,PMC2408954,Clinical Trial;Journal Article,True,[],RADIONICS,True,SEE_EARLIER_REGISTER,https://pubmed.ncbi.nlm.nih.gov/15076283/,2026-09-30
15101231,Treating children with therapeutic and healing touch.,10.3928/0090-4481-20040401-11,,"Journal Article;Research Support, U.S. Gov't, P.H.S.;Review",True,[],HEALING_TOUCH,False,ELIGIBILITY_SCREENING_PENDING,https://pubmed.ncbi.nlm.nih.gov/15101231/,2026-09-30
15102336,In vitro test of external Qigong.,10.1186/1472-6882-4-5,PMC387832,"Comparative Study;Journal Article;Research Support, Non-U.S. Gov't;Research Support, U.S. Gov't, P.H.S.;Validation Study",True,[],EXTERNAL_QIGONG,True,SEE_EARLIER_REGISTER,https://pubmed.ncbi.nlm.nih.gov/15102336/,2026-09-30
15127775,"Polarity addresses the ""whole"" in holistic.",10.1097/00004650-200403000-00003,,Journal Article;Review,True,[],POLARITY_THERAPY,False,ELIGIBILITY_SCREENING_PENDING,https://pubmed.ncbi.nlm.nih.gov/15127775/,2026-09-30
15139345,"""Therapeutic touch"" is not a Catholic hospital pastoral practice.",10.1080/20508549.2004.11877697,,Journal Article,False,[],THERAPEUTIC_TOUCH,False,ELIGIBILITY_SCREENING_PENDING,https://pubmed.ncbi.nlm.nih.gov/15139345/,2026-09-30
15146228,"Therapeutic touch, quiet time, and dialogue: perceptions of women with breast cancer.",10.1188/04.onf.625-631,,Clinical Trial;Controlled Clinical Trial;Journal Article,True,[],THERAPEUTIC_TOUCH,False,ELIGIBILITY_SCREENING_PENDING,https://pubmed.ncbi.nlm.nih.gov/15146228/,2026-09-30
15154151,Healing touch and quality of life in women receiving radiation treatment for cancer: a randomized controlled trial.,,,"Clinical Trial;Journal Article;Randomized Controlled Trial;Research Support, Non-U.S. Gov't",False,[],HEALING_TOUCH,False,ELIGIBILITY_SCREENING_PENDING,https://pubmed.ncbi.nlm.nih.gov/15154151/,2026-09-30
15154152,Long-term effects of energetic healing on symptoms of psychological depression and self-perceived stress.,,,Clinical Trial;Journal Article;Randomized Controlled Trial,True,"[{""type"": ""ErratumIn"", ""pmid"": null}, {""type"": ""CommentIn"", ""pmid"": ""15624343""}]",REIKI,False,ELIGIBILITY_SCREENING_PENDING,https://pubmed.ncbi.nlm.nih.gov/15154152/,2026-09-30
15156617,Preliminary assessment of utility of radiofrequency ablation technique in treatment of primary hepatocellular carcinoma (HCC) in patients with hepatic cirrhosis.,,,Journal Article,True,[],RADIONICS,False,ELIGIBILITY_SCREENING_PENDING,https://pubmed.ncbi.nlm.nih.gov/15156617/,2026-09-30
15159755,[Radio-frequency ablation appliance in resection of the liver].,,,English Abstract;Journal Article,True,[],RADIONICS,False,ELIGIBILITY_SCREENING_PENDING,https://pubmed.ncbi.nlm.nih.gov/15159755/,2026-09-30
15186894,Responses of established healthcare to the professionalization of complementary and alternative medicine in Ontario.,10.1016/j.socscimed.2003.12.017,,"Journal Article;Research Support, Non-U.S. Gov't",True,[],REIKI,False,ELIGIBILITY_SCREENING_PENDING,https://pubmed.ncbi.nlm.nih.gov/15186894/,2026-09-30
15208467,Cost-effectiveness of interventions for depressed Latinos.,,,"Comparative Study;Journal Article;Research Support, Non-U.S. Gov't;Research Support, U.S. Gov't, P.H.S.",True,[],EXTERNAL_QIGONG,False,ELIGIBILITY_SCREENING_PENDING,https://pubmed.ncbi.nlm.nih.gov/15208467/,2026-09-30
15222602,Touch the pain away: new research on therapeutic touch and persons with fibromyalgia syndrome.,10.1097/00004650-200405000-00006,,"Clinical Trial;Journal Article;Randomized Controlled Trial;Research Support, Non-U.S. Gov't",True,[],THERAPEUTIC_TOUCH,False,ELIGIBILITY_SCREENING_PENDING,https://pubmed.ncbi.nlm.nih.gov/15222602/,2026-09-30
15227762,Review of studies of healing touch.,10.1111/j.1547-5069.2004.04012.x,,Journal Article;Review,True,"[{""type"": ""CommentIn"", ""pmid"": ""15636404""}]",HEALING_TOUCH,False,ELIGIBILITY_SCREENING_PENDING,https://pubmed.ncbi.nlm.nih.gov/15227762/,2026-09-30
15235237,Saline-enhanced hepatic radiofrequency ablation using a perfused-cooled electrode: comparison of dual probe bipolar mode with monopolar and single probe bipolar modes.,10.3348/kjr.2004.5.2.121,PMC2698140,"Comparative Study;Journal Article;Research Support, Non-U.S. Gov't",True,[],RADIONICS,False,ELIGIBILITY_SCREENING_PENDING,https://pubmed.ncbi.nlm.nih.gov/15235237/,2026-09-30
15248081,Bipolar radiofrequency ablation in ex vivo bovine liver with the open-perfused system versus the cooled-wet system.,10.1007/s00330-004-2375-4,,"Comparative Study;Journal Article;Research Support, Non-U.S. Gov't",True,"[{""type"": ""CommentIn"", ""pmid"": ""15711844""}]",RADIONICS,False,ELIGIBILITY_SCREENING_PENDING,https://pubmed.ncbi.nlm.nih.gov/15248081/,2026-09-30
15253849,Effects of qi therapy (external qigong ) on premenstrual syndrome: a randomized placebo-controlled study.,10.1089/1075553041323902,,"Clinical Trial;Journal Article;Randomized Controlled Trial;Research Support, Non-U.S. Gov't",True,[],EXTERNAL_QIGONG,True,SEE_EARLIER_REGISTER,https://pubmed.ncbi.nlm.nih.gov/15253849/,2026-09-30
15255273,Overview of religions.,10.1016/s1098-3597(04)90002-6,,Journal Article,True,[],CHRISTIAN_SCIENCE_HEALING,False,ELIGIBILITY_SCREENING_PENDING,https://pubmed.ncbi.nlm.nih.gov/15255273/,2026-09-30
15266458,Non-invasive physical treatments for chronic/recurrent headache.,10.1002/14651858.CD001878.pub2,,Journal Article;Systematic Review,True,"[{""type"": ""UpdateIn"", ""pmid"": ""25157618""}]",THERAPEUTIC_TOUCH,False,ELIGIBILITY_SCREENING_PENDING,https://pubmed.ncbi.nlm.nih.gov/15266458/,2026-09-30
15279858,Development and evaluation of an inpatient [correction of impatient] holistic nursing care services department.,10.1016/j.ctnm.2004.01.003,,Case Reports;Journal Article,True,[],THERAPEUTIC_TOUCH,False,ELIGIBILITY_SCREENING_PENDING,https://pubmed.ncbi.nlm.nih.gov/15279858/,2026-09-30
15285273,An analytic review of studies on measuring effects of external QI in China.,,,Journal Article;Review,True,[],EXTERNAL_QIGONG,False,ELIGIBILITY_SCREENING_PENDING,https://pubmed.ncbi.nlm.nih.gov/15285273/,2026-09-30
15298087,"Physicians and complementary-alternative medicine: training, attitudes, and practices in Hawaii.",,,"Journal Article;Research Support, Non-U.S. Gov't",True,[],THERAPEUTIC_TOUCH;HEALING_TOUCH,False,ELIGIBILITY_SCREENING_PENDING,https://pubmed.ncbi.nlm.nih.gov/15298087/,2026-09-30
15335419,Fractionated stereotactic radiotherapy for the treatment of large arteriovenous malformations with or without previous partial embolization.,10.1227/01.neu.0000134285.41701.83,,Comparative Study;Journal Article,True,"[{""type"": ""ReprintIn"", ""pmid"": ""18596429""}]",RADIONICS,False,ELIGIBILITY_SCREENING_PENDING,https://pubmed.ncbi.nlm.nih.gov/15335419/,2026-09-30
15344429,External Qi therapy to treat symptoms of Agent Orange Sequelae in Korean combat veterans of the Vietnam War.,10.1142/S0192415X04002119,,Journal Article,True,[],EXTERNAL_QIGONG,False,ELIGIBILITY_SCREENING_PENDING,https://pubmed.ncbi.nlm.nih.gov/15344429/,2026-09-30
15353017,Surface electromyography apparatus as a measurement device for biofield research: results from a single case study.,10.1089/acm.2004.10.617,,Evaluation Study;Journal Article,True,[],HEALING_TOUCH,False,ELIGIBILITY_SCREENING_PENDING,https://pubmed.ncbi.nlm.nih.gov/15353017/,2026-09-30
15353105,Care of the Christian Science patient.,10.1089/jpm.2004.7.585,,Case Reports;Journal Article,False,[],CHRISTIAN_SCIENCE_HEALING,False,ELIGIBILITY_SCREENING_PENDING,https://pubmed.ncbi.nlm.nih.gov/15353105/,2026-09-30
15356954,Palliative care service at the NIH includes Reiki and other mind-body modalities.,,,News,False,[],REIKI,False,ELIGIBILITY_SCREENING_PENDING,https://pubmed.ncbi.nlm.nih.gov/15356954/,2026-09-30
15446337,[Therapeutic touch in pediatric and adolescent psychiatry: hands touching the soul].,,,Case Reports;Journal Article,False,[],THERAPEUTIC_TOUCH,False,ELIGIBILITY_SCREENING_PENDING,https://pubmed.ncbi.nlm.nih.gov/15446337/,2026-09-30
15453606,The healing touch.,,,Journal Article,False,[],HEALING_TOUCH,False,ELIGIBILITY_SCREENING_PENDING,https://pubmed.ncbi.nlm.nih.gov/15453606/,2026-09-30
15458751,"Tai Chi, Qi Gong and Reiki.",10.1016/j.pmr.2004.02.001,,Journal Article;Review,True,[],REIKI,False,ELIGIBILITY_SCREENING_PENDING,https://pubmed.ncbi.nlm.nih.gov/15458751/,2026-09-30
15467380,Frameless localization for functional neurosurgical procedures: a preliminary accuracy study.,10.1159/000081345,,Journal Article;Validation Study,True,[],RADIONICS,False,ELIGIBILITY_SCREENING_PENDING,https://pubmed.ncbi.nlm.nih.gov/15467380/,2026-09-30
15485355,Mammalian circadian biology: elucidating genome-wide levels of temporal organization.,10.1146/annurev.genom.5.061903.175925,PMC3770722,Journal Article;Review,True,[],,True,SEE_EARLIER_REGISTER,https://pubmed.ncbi.nlm.nih.gov/15485355/,2026-09-30
15486152,Efficacy of therapeutic touch in treating pregnant inpatients who have a chemical dependency.,10.1177/0898010104269242,,Clinical Trial;Journal Article;Randomized Controlled Trial,True,[],THERAPEUTIC_TOUCH,False,ELIGIBILITY_SCREENING_PENDING,https://pubmed.ncbi.nlm.nih.gov/15486152/,2026-09-30
15487871,Narratives of therapeutic touch.,10.7748/ns2004.09.19.1.33.c3692,,Journal Article,True,[],THERAPEUTIC_TOUCH,False,ELIGIBILITY_SCREENING_PENDING,https://pubmed.ncbi.nlm.nih.gov/15487871/,2026-09-30
15491893,No alternative? The regulation and professionalization of complementary and alternative medicine in the United Kingdom.,10.1016/j.healthplace.2004.08.001,,Journal Article,True,[],CRYSTAL_ENERGY;RADIONICS,True,SEE_EARLIER_REGISTER,https://pubmed.ncbi.nlm.nih.gov/15491893/,2026-09-30
15527198,Effects of Qi-therapy on premenstrual syndrome.,10.1080/00207450490450163,,"Clinical Trial;Comparative Study;Journal Article;Randomized Controlled Trial;Research Support, Non-U.S. Gov't",True,[],EXTERNAL_QIGONG,False,ELIGIBILITY_SCREENING_PENDING,https://pubmed.ncbi.nlm.nih.gov/15527198/,2026-09-30
15537189,Geometrical accuracy of the Novalis stereotactic radiosurgery system for trigeminal neuralgia.,,,Evaluation Study;Journal Article,True,[],RADIONICS,False,ELIGIBILITY_SCREENING_PENDING,https://pubmed.ncbi.nlm.nih.gov/15537189/,2026-09-30
15550798,Do the effects of quality improvement for depression care differ for men and women? Results of a group-level randomized controlled trial.,10.1097/00005650-200412000-00005,,"Clinical Trial;Comparative Study;Journal Article;Randomized Controlled Trial;Research Support, Non-U.S. Gov't;Research Support, U.S. Gov't, P.H.S.",True,[],EXTERNAL_QIGONG,False,ELIGIBILITY_SCREENING_PENDING,https://pubmed.ncbi.nlm.nih.gov/15550798/,2026-09-30
15561517,The role of the state in the social inclusion of complementary and alternative medical occupations.,10.1016/j.ctim.2004.09.002,,Journal Article,True,[],REIKI,False,ELIGIBILITY_SCREENING_PENDING,https://pubmed.ncbi.nlm.nih.gov/15561517/,2026-09-30
15624343,Reiki research.,,,Comment;Letter,False,"[{""type"": ""CommentOn"", ""pmid"": ""15154152""}]",REIKI,False,ELIGIBILITY_SCREENING_PENDING,https://pubmed.ncbi.nlm.nih.gov/15624343/,2026-09-30
15625453,A new spleen-preserving technique using radiofrequency ablation technology.,10.1097/01.ta.0000145072.31725.52,,Evaluation Study;Journal Article,True,[],RADIONICS,False,ELIGIBILITY_SCREENING_PENDING,https://pubmed.ncbi.nlm.nih.gov/15625453/,2026-09-30
15630798,Animal therapy over the ages: 13. The healing touch.,,,Historical Article;Journal Article,False,[],HEALING_TOUCH,False,ELIGIBILITY_SCREENING_PENDING,https://pubmed.ncbi.nlm.nih.gov/15630798/,2026-09-30
15636358,"Effects of external qi-therapy on emotions, electroencephalograms, and plasma cortisol.",10.1080/00207450490509113,,Clinical Trial;Comparative Study;Journal Article;Randomized Controlled Trial,True,[],EXTERNAL_QIGONG,False,ELIGIBILITY_SCREENING_PENDING,https://pubmed.ncbi.nlm.nih.gov/15636358/,2026-09-30
15636404,Healing touch is pseudoscience.,10.1111/j.1547-5069.2004.04052_2.x,,Comment;Letter,False,"[{""type"": ""CommentOn"", ""pmid"": ""15227762""}]",HEALING_TOUCH,False,ELIGIBILITY_SCREENING_PENDING,https://pubmed.ncbi.nlm.nih.gov/15636404/,2026-09-30
15655593,Radio-frequency ablation of hepatic metastases from colorectal cancer.,10.1007/s10151-004-0130-0,,Case Reports;Journal Article,True,[],RADIONICS,False,ELIGIBILITY_SCREENING_PENDING,https://pubmed.ncbi.nlm.nih.gov/15655593/,2026-09-30
15655616,Application of radionics on primary and metastatic tumours of the liver.,10.1007/s10151-004-0151-8,,Journal Article,True,[],RADIONICS,False,ELIGIBILITY_SCREENING_PENDING,https://pubmed.ncbi.nlm.nih.gov/15655616/,2026-09-30
15667653,"Time-lapse analysis of potential cellular responsiveness to Johrei, a Japanese healing technique.",10.1186/1472-6882-5-2,PMC548282,"Comparative Study;Journal Article;Research Support, Non-U.S. Gov't",True,[],JOHREI,True,SEE_EARLIER_REGISTER,https://pubmed.ncbi.nlm.nih.gov/15667653/,2026-09-30
15674004,Autonomic nervous system changes during Reiki treatment: a preliminary study.,10.1089/acm.2004.10.1077,,Clinical Trial;Journal Article;Randomized Controlled Trial,True,[],REIKI,False,ELIGIBILITY_SCREENING_PENDING,https://pubmed.ncbi.nlm.nih.gov/15674004/,2026-09-30
15674748,LINAC radiosurgery in skull base meningiomas.,10.1055/s-2004-830126,,Journal Article,True,[],RADIONICS,False,ELIGIBILITY_SCREENING_PENDING,https://pubmed.ncbi.nlm.nih.gov/15674748/,2026-09-30
15686081,Best practice guidelines: an invitation to reflect on Therapeutic Touch practice.,10.1097/00001786-200501000-00014,,Journal Article;Review,True,[],THERAPEUTIC_TOUCH,False,ELIGIBILITY_SCREENING_PENDING,https://pubmed.ncbi.nlm.nih.gov/15686081/,2026-09-30
15695472,Treatment of radiotherapy-induced fatigue through a nonpharmacological approach.,10.1177/1534735404273726,,Clinical Trial;Journal Article;Randomized Controlled Trial,True,[],POLARITY_THERAPY,True,SEE_EARLIER_REGISTER,https://pubmed.ncbi.nlm.nih.gov/15695472/,2026-09-30
15712768,The effect of therapeutic touch on behavioral symptoms of persons with dementia.,,,Clinical Trial;Journal Article;Randomized Controlled Trial,True,[],THERAPEUTIC_TOUCH,False,ELIGIBILITY_SCREENING_PENDING,https://pubmed.ncbi.nlm.nih.gov/15712768/,2026-09-30
15719539,The healing touch.,,,Journal Article,False,[],HEALING_TOUCH,False,ELIGIBILITY_SCREENING_PENDING,https://pubmed.ncbi.nlm.nih.gov/15719539/,2026-09-30
15726439,Linac radiosurgery as a tool in neurosurgery.,10.1007/s10143-005-0376-7,,Journal Article;Review,True,[],RADIONICS,False,ELIGIBILITY_SCREENING_PENDING,https://pubmed.ncbi.nlm.nih.gov/15726439/,2026-09-30
15738911,Stereotactic IMRT for prostate cancer: dosimetric impact of multileaf collimator leaf width in the treatment of prostate cancer with IMRT.,10.1120/jacmp.v5i2.1989,PMC5723465,Clinical Trial;Journal Article,True,[],RADIONICS,False,ELIGIBILITY_SCREENING_PENDING,https://pubmed.ncbi.nlm.nih.gov/15738911/,2026-09-30
15742722,Hydrocephalus shunts and waves of intracranial pressure.,10.1007/BF02345125,,Journal Article,True,[],RADIONICS,False,ELIGIBILITY_SCREENING_PENDING,https://pubmed.ncbi.nlm.nih.gov/15742722/,2026-09-30
15759082,Clinical holistic medicine: chronic pain in the locomotor system.,10.1100/tsw.2005.24,PMC5936527,"Case Reports;Journal Article;Research Support, Non-U.S. Gov't",True,[],THERAPEUTIC_TOUCH,False,ELIGIBILITY_SCREENING_PENDING,https://pubmed.ncbi.nlm.nih.gov/15759082/,2026-09-30
15759608,Biogeometry: applications of computational geometry to molecular structure.,,,"Journal Article;Research Support, U.S. Gov't, Non-P.H.S.",False,[],BIOGEOMETRY,True,SEE_EARLIER_REGISTER,https://pubmed.ncbi.nlm.nih.gov/15759608/,2026-09-30
15762835,Implications of technology in music therapy practice and research for music therapy education: a review of literature.,10.1093/jmt/41.4.282,,Journal Article;Review,True,[],SOUND_HEALING,False,ELIGIBILITY_SCREENING_PENDING,https://pubmed.ncbi.nlm.nih.gov/15762835/,2026-09-30
15782712,[Therapeutic touch for the healing of skin injuries in guinea pigs].,10.1590/s0034-71672004000300017,,English Abstract;Journal Article,True,[],THERAPEUTIC_TOUCH,False,ELIGIBILITY_SCREENING_PENDING,https://pubmed.ncbi.nlm.nih.gov/15782712/,2026-09-30
15798426,Geometry and temperature distribution during radiofrequency tissue ablation: an experimental ex vivo model.,10.1089/end.2005.19.242,,Journal Article,True,[],RADIONICS,False,ELIGIBILITY_SCREENING_PENDING,https://pubmed.ncbi.nlm.nih.gov/15798426/,2026-09-30
15835036,Ethical considerations in the use of nonerotic touch in psychotherapy with children.,10.1207/s15327019eb1402_3,,Journal Article,True,[],THERAPEUTIC_TOUCH,False,ELIGIBILITY_SCREENING_PENDING,https://pubmed.ncbi.nlm.nih.gov/15835036/,2026-09-30
15844841,Qi therapy (external qigong) for chronic fatigue syndrome: case studies.,10.1142/S0192415X05002734,,"Case Reports;Journal Article;Research Support, Non-U.S. Gov't",True,[],EXTERNAL_QIGONG,False,ELIGIBILITY_SCREENING_PENDING,https://pubmed.ncbi.nlm.nih.gov/15844841/,2026-09-30
15871589,Effective anxiety treatment prior to diagnostic cardiac catheterization.,10.1097/00004650-200503000-00007,,Journal Article;Review,True,[],THERAPEUTIC_TOUCH,False,ELIGIBILITY_SCREENING_PENDING,https://pubmed.ncbi.nlm.nih.gov/15871589/,2026-09-30
15871593,Chakra talk: exploring human energy systems.,10.1097/00004650-200503000-00012,,Journal Article,False,[],CHAKRA_AURA,False,ELIGIBILITY_SCREENING_PENDING,https://pubmed.ncbi.nlm.nih.gov/15871593/,2026-09-30
15895616,Précis of the illusion of conscious will.,10.1017/s0140525x04000159,,"Journal Article;Research Support, N.I.H., Extramural;Research Support, U.S. Gov't, P.H.S.;Review",True,[],HEALING_DOWSING,False,ELIGIBILITY_SCREENING_PENDING,https://pubmed.ncbi.nlm.nih.gov/15895616/,2026-09-30
15899344,Wet radio-frequency ablation using multiple electrodes: comparative study of bipolar versus monopolar modes in the bovine liver.,10.1016/j.ejrad.2004.06.004,,Journal Article,True,[],RADIONICS,False,ELIGIBILITY_SCREENING_PENDING,https://pubmed.ncbi.nlm.nih.gov/15899344/,2026-09-30
15909727,Percutaneous radiofrequency ablation of renal cell carcinoma.,10.1016/S1726-4901(09)70211-4,,Journal Article,True,[],RADIONICS,False,ELIGIBILITY_SCREENING_PENDING,https://pubmed.ncbi.nlm.nih.gov/15909727/,2026-09-30
15915291,"The life mission theory VII. Theory of existential (Antonovsky) coherence: a theory of quality of life, health, and ability for use in holistic medicine.",10.1100/tsw.2005.47,PMC5936573,Journal Article,True,[],CHAKRA_AURA,False,ELIGIBILITY_SCREENING_PENDING,https://pubmed.ncbi.nlm.nih.gov/15915291/,2026-09-30
15944500,The increasing use of reiki as a complementary therapy in specialist palliative care.,10.12968/ijpn.2005.11.5.248,,Journal Article;Review,True,[],REIKI,False,ELIGIBILITY_SCREENING_PENDING,https://pubmed.ncbi.nlm.nih.gov/15944500/,2026-09-30
15969772,Complementary therapies for the treatment of HIV: in search of the evidence.,10.1258/0956462054093962,,Journal Article;Systematic Review,True,[],THERAPEUTIC_TOUCH,False,ELIGIBILITY_SCREENING_PENDING,https://pubmed.ncbi.nlm.nih.gov/15969772/,2026-09-30
15981388,[The pendulum and the mortar. Some pharmacist deviners and particularly Gabriel Lesourd].,10.3406/pharm.2004.5713,,Biography;Historical Article;Journal Article;Portrait,True,[],HEALING_DOWSING,False,ELIGIBILITY_SCREENING_PENDING,https://pubmed.ncbi.nlm.nih.gov/15981388/,2026-09-30
15992229,Positive well-being changes associated with giving and receiving Johrei healing.,10.1089/acm.2005.11.455,,"Journal Article;Research Support, N.I.H., Extramural;Research Support, U.S. Gov't, P.H.S.",True,[],REIKI;THERAPEUTIC_TOUCH;JOHREI,False,ELIGIBILITY_SCREENING_PENDING,https://pubmed.ncbi.nlm.nih.gov/15992229/,2026-09-30
15992246,Integrating complementary therapies into community mental health practice: an exploration.,10.1089/acm.2005.11.569,,Journal Article,True,[],REIKI;HEALING_TOUCH,False,ELIGIBILITY_SCREENING_PENDING,https://pubmed.ncbi.nlm.nih.gov/15992246/,2026-09-30
16005520,"Gender patterns in cost effectiveness of quality improvement for depression: results of a randomized, controlled trial.",10.1016/j.jad.2005.03.018,,"Journal Article;Randomized Controlled Trial;Research Support, N.I.H., Extramural;Research Support, Non-U.S. Gov't;Research Support, U.S. Gov't, P.H.S.",True,[],EXTERNAL_QIGONG,False,ELIGIBILITY_SCREENING_PENDING,https://pubmed.ncbi.nlm.nih.gov/16005520/,2026-09-30
16005839,Two case reports of the acute effects of Qi therapy (external Qigong) on symptoms of cancer: short report.,10.1016/j.ctcp.2005.01.002,,Case Reports;Journal Article,True,[],EXTERNAL_QIGONG,False,ELIGIBILITY_SCREENING_PENDING,https://pubmed.ncbi.nlm.nih.gov/16005839/,2026-09-30
16019582,Impact of regular meditation practice on EEG activity at rest and during evoked negative emotions.,10.1080/00207450590897969,,Clinical Trial;Journal Article;Randomized Controlled Trial,True,[],SAHAJA_YOGA,False,ELIGIBILITY_SCREENING_PENDING,https://pubmed.ncbi.nlm.nih.gov/16019582/,2026-09-30
16048810,Effects of Qi-therapy (external Qigong) on cardiac autonomic tone: a randomized placebo controlled study.,10.1080/00207450590934543,,Clinical Trial;Journal Article;Randomized Controlled Trial,True,[],EXTERNAL_QIGONG,True,SEE_EARLIER_REGISTER,https://pubmed.ncbi.nlm.nih.gov/16048810/,2026-09-30
16051542,Efficacy of Qi-therapy (external Qigong) for elderly people with chronic pain.,10.1080/00207450590901378,,"Clinical Trial;Journal Article;Randomized Controlled Trial;Research Support, Non-U.S. Gov't",True,[],EXTERNAL_QIGONG,True,SEE_EARLIER_REGISTER,https://pubmed.ncbi.nlm.nih.gov/16051542/,2026-09-30
16056053,Treatment of pathologic femoral neck fractures with modified Pauwels' osteotomy.,10.1097/01.blo.0000164355.99795.79,,Comparative Study;Journal Article,True,[],SOUND_HEALING,False,ELIGIBILITY_SCREENING_PENDING,https://pubmed.ncbi.nlm.nih.gov/16056053/,2026-09-30
16056170,Energy healing: a complementary treatment for orthopaedic and other conditions.,10.1097/00006416-200507000-00006,,Journal Article;Review,True,[],REIKI,False,ELIGIBILITY_SCREENING_PENDING,https://pubmed.ncbi.nlm.nih.gov/16056170/,2026-09-30
16059134,Dowsing experiments.,10.1038/229163a0,,News,False,"[{""type"": ""CommentIn"", ""pmid"": ""16063455""}, {""type"": ""CommentIn"", ""pmid"": ""16063456""}]",HEALING_DOWSING,False,ELIGIBILITY_SCREENING_PENDING,https://pubmed.ncbi.nlm.nih.gov/16059134/,2026-09-30
16059362,Dowsing.,10.1038/229579b0,,Letter,False,[],HEALING_DOWSING,False,ELIGIBILITY_SCREENING_PENDING,https://pubmed.ncbi.nlm.nih.gov/16059362/,2026-09-30
16063455,More about dowsing.,10.1038/233501a0,,Comment;Journal Article,False,"[{""type"": ""CommentOn"", ""pmid"": ""16059134""}]",HEALING_DOWSING,False,ELIGIBILITY_SCREENING_PENDING,https://pubmed.ncbi.nlm.nih.gov/16063455/,2026-09-30
16063456,Dowsing experiments criticized.,10.1038/233502a0,,Comment;Journal Article,False,"[{""type"": ""CommentOn"", ""pmid"": ""16059134""}]",HEALING_DOWSING,False,ELIGIBILITY_SCREENING_PENDING,https://pubmed.ncbi.nlm.nih.gov/16063456/,2026-09-30
16094133,Limited use of complementary and alternative medicine in Israeli head and neck cancer patients.,10.1097/01.mlg.0000172205.31559.8d,,Comparative Study;Journal Article,True,"[{""type"": ""CommentIn"", ""pmid"": ""16540923""}]",REIKI,False,ELIGIBILITY_SCREENING_PENDING,https://pubmed.ncbi.nlm.nih.gov/16094133/,2026-09-30
16120258,"The 'physical prophet' and the powers of the imagination. Part II: a case-study on dowsing and the naturalisation of the moral, 1685-1710.",10.1016/j.shpsc.2004.12.008,,"Historical Article;Journal Article;Research Support, Non-U.S. Gov't",True,[],HEALING_DOWSING,False,ELIGIBILITY_SCREENING_PENDING,https://pubmed.ncbi.nlm.nih.gov/16120258/,2026-09-30
16121148,Scar prevention: the healing touch.,10.1038/4361079a,,News,False,[],HEALING_TOUCH,False,ELIGIBILITY_SCREENING_PENDING,https://pubmed.ncbi.nlm.nih.gov/16121148/,2026-09-30
16128173,[Investigation of the rhythmical embrocating according to Wegman/Hauschka].,10.1024/1012-5302.18.4.227,,English Abstract;Journal Article,True,[],THERAPEUTIC_TOUCH,False,ELIGIBILITY_SCREENING_PENDING,https://pubmed.ncbi.nlm.nih.gov/16128173/,2026-09-30
16145330,Jayne's story: healing touch as a complementary treatment for trauma recovery.,10.1097/00004650-200509000-00007,,Journal Article;Review,True,[],THERAPEUTIC_TOUCH;HEALING_TOUCH,False,ELIGIBILITY_SCREENING_PENDING,https://pubmed.ncbi.nlm.nih.gov/16145330/,2026-09-30
16158343,[Efficacy of pulsed mode radiofrequency lesioning of the suprascapular nerve in chronic shoulder pain secondary to rotator cuff rupture].,,,Evaluation Study;Journal Article,True,[],RADIONICS,True,SEE_EARLIER_REGISTER,https://pubmed.ncbi.nlm.nih.gov/16158343/,2026-09-30
16173532,Nonlinear analysis of heart rate variability during Qi therapy (external Qigong).,10.1142/S0192415X05003181,,"Clinical Trial;Controlled Clinical Trial;Journal Article;Research Support, Non-U.S. Gov't",True,[],EXTERNAL_QIGONG,True,SEE_EARLIER_REGISTER,https://pubmed.ncbi.nlm.nih.gov/16173532/,2026-09-30
16187149,Radiofrequency ablation with a new perfused-cooled electrode using a single pump: an experimental study in ex vivo bovine liver.,10.1007/s00270-005-0047-7,,"Comparative Study;Evaluation Study;Journal Article;Research Support, Non-U.S. Gov't",True,[],RADIONICS,True,SEE_EARLIER_REGISTER,https://pubmed.ncbi.nlm.nih.gov/16187149/,2026-09-30
16244795,LINAC radiosurgery as single treatment in cerebral metastases.,10.1007/s11060-005-3669-3,,Clinical Trial;Journal Article,True,[],RADIONICS,False,ELIGIBILITY_SCREENING_PENDING,https://pubmed.ncbi.nlm.nih.gov/16244795/,2026-09-30
16251489,"Efficacy of frequent mantram repetition on stress, quality of life, and spiritual well-being in veterans: a pilot study.",10.1177/0898010105278929,,Journal Article,True,[],MANTRA_PRACTICES,False,ELIGIBILITY_SCREENING_PENDING,https://pubmed.ncbi.nlm.nih.gov/16251489/,2026-09-30
16260314,Joint mobilization.,10.1016/j.cvsm.2005.07.003,,Journal Article;Review,True,[],THERAPEUTIC_TOUCH,False,ELIGIBILITY_SCREENING_PENDING,https://pubmed.ncbi.nlm.nih.gov/16260314/,2026-09-30
16274468,Effects of Qi therapy (external Qigong) on symptoms of advanced cancer: a single case study.,10.1111/j.1365-2354.2005.00599.x,,Case Reports;Journal Article,True,[],EXTERNAL_QIGONG,False,ELIGIBILITY_SCREENING_PENDING,https://pubmed.ncbi.nlm.nih.gov/16274468/,2026-09-30
16294665,Healing touch: hands-on help for the heart? Touch therapies are reaching growing numbers of patients.,,,Journal Article,False,[],HEALING_TOUCH,False,ELIGIBILITY_SCREENING_PENDING,https://pubmed.ncbi.nlm.nih.gov/16294665/,2026-09-30
16296928,"""Spooky actions at a distance"": physics, psi, and distant healing.",10.1089/acm.2005.11.923,,"Journal Article;Research Support, Non-U.S. Gov't;Review",True,[],DISTANCE_HEALING,False,ELIGIBILITY_SCREENING_PENDING,https://pubmed.ncbi.nlm.nih.gov/16296928/,2026-09-30
16297024,The use of Reiki in psychotherapy.,10.1111/j.1744-6163.2005.00035.x,,Case Reports;Journal Article,False,[],REIKI,False,ELIGIBILITY_SCREENING_PENDING,https://pubmed.ncbi.nlm.nih.gov/16297024/,2026-09-30
16315902,[Experience of radiofrequency ablation therapy for hepatocellular carcinoma].,,,Comparative Study;English Abstract;Journal Article,True,[],RADIONICS,False,ELIGIBILITY_SCREENING_PENDING,https://pubmed.ncbi.nlm.nih.gov/16315902/,2026-09-30
16373889,"Association between complementary and alternative medicine use, preventive care practices, and use of conventional medical services among adults with diabetes.",10.2337/diacare.29.01.06.dc05-1448,,Comparative Study;Journal Article;Multicenter Study,True,[],REIKI,False,ELIGIBILITY_SCREENING_PENDING,https://pubmed.ncbi.nlm.nih.gov/16373889/,2026-09-30
16398588,Toward general experimentation and discovery in conditioned laboratory spaces: part IV. Macroscopic information entanglement between sites approximately 6000 miles apart.,10.1089/acm.2005.11.973,,"Comparative Study;Journal Article;Research Support, Non-U.S. Gov't",True,[],DISTANCE_HEALING,False,ELIGIBILITY_SCREENING_PENDING,https://pubmed.ncbi.nlm.nih.gov/16398588/,2026-09-30
16437862,"Therapeutic touch in Sophokles' ""Philoktetes"".",,,Biography;Historical Article;Journal Article,False,[],THERAPEUTIC_TOUCH,False,ELIGIBILITY_SCREENING_PENDING,https://pubmed.ncbi.nlm.nih.gov/16437862/,2026-09-30
16449745,Effects of therapeutic touch on blood hemoglobin and hematocrit level.,10.1177/0898010105282527,,Journal Article;Randomized Controlled Trial,True,"[{""type"": ""CommentIn"", ""pmid"": ""16449746""}]",THERAPEUTIC_TOUCH,False,ELIGIBILITY_SCREENING_PENDING,https://pubmed.ncbi.nlm.nih.gov/16449745/,2026-09-30
16449746,"Commentary on ""effects of therapeutic touch on blood hemoglobin and hematocrit level"".",10.1177/0898010105284533,,Comment;Journal Article,False,"[{""type"": ""CommentOn"", ""pmid"": ""16449745""}]",THERAPEUTIC_TOUCH,False,ELIGIBILITY_SCREENING_PENDING,https://pubmed.ncbi.nlm.nih.gov/16449746/,2026-09-30
16463715,Finding Reiki: applications for your nursing practice.,,,Journal Article,False,[],REIKI,False,ELIGIBILITY_SCREENING_PENDING,https://pubmed.ncbi.nlm.nih.gov/16463715/,2026-09-30
16483898,Pilot study to test the effectiveness of Healing Touch on agitation in people with dementia.,10.1016/j.gerinurse.2005.09.014,,Controlled Clinical Trial;Journal Article,True,[],HEALING_TOUCH,False,ELIGIBILITY_SCREENING_PENDING,https://pubmed.ncbi.nlm.nih.gov/16483898/,2026-09-30
16489676,Computed tomography-guided transpulmonary radiofrequency ablation for hepatocellular carcinoma located in hepatic dome.,10.3748/wjg.v12.i4.608,PMC4066095,"Journal Article;Research Support, Non-U.S. Gov't",True,[],RADIONICS,False,ELIGIBILITY_SCREENING_PENDING,https://pubmed.ncbi.nlm.nih.gov/16489676/,2026-09-30
16494563,In vitro effect of Reiki treatment on bacterial cultures: Role of experimental context and practitioner well-being.,10.1089/acm.2006.12.7,,"Journal Article;Research Support, N.I.H., Extramural",True,[],REIKI,False,ELIGIBILITY_SCREENING_PENDING,https://pubmed.ncbi.nlm.nih.gov/16494563/,2026-09-30
16494564,Personal interaction with a Reiki practitioner decreases noise-induced microvascular damage in an animal model.,10.1089/acm.2006.12.15,,"Journal Article;Research Support, N.I.H., Extramural",True,[],REIKI,False,ELIGIBILITY_SCREENING_PENDING,https://pubmed.ncbi.nlm.nih.gov/16494564/,2026-09-30
16499671,Mantram repetition for stress management in veterans and employees: a critical incident study.,10.1111/j.1365-2648.2006.03752.x,,"Journal Article;Research Support, N.I.H., Extramural;Research Support, Non-U.S. Gov't;Research Support, U.S. Gov't, Non-P.H.S.",True,[],MANTRA_PRACTICES,False,ELIGIBILITY_SCREENING_PENDING,https://pubmed.ncbi.nlm.nih.gov/16499671/,2026-09-30
16502914,Therapeutic touch: its application for residents in aged care.,,,Clinical Trial;Journal Article,False,[],THERAPEUTIC_TOUCH,False,ELIGIBILITY_SCREENING_PENDING,https://pubmed.ncbi.nlm.nih.gov/16502914/,2026-09-30
16518156,A pilot study: Reiki for self-care of nurses and healthcare providers.,10.1097/00004650-200603000-00010,,Journal Article,True,[],REIKI,False,ELIGIBILITY_SCREENING_PENDING,https://pubmed.ncbi.nlm.nih.gov/16518156/,2026-09-30
16518314,Commissioning and quality assurance of a commercial stereotactic treatment-planning system for extracranial IMRT.,10.1120/jacmp.v7i1.2125,PMC5722476,Journal Article,True,[],RADIONICS,False,ELIGIBILITY_SCREENING_PENDING,https://pubmed.ncbi.nlm.nih.gov/16518314/,2026-09-30
16549690,Safety limit of large-volume hepatic radiofrequency ablation in a rat model.,10.1001/archsurg.141.3.252,,"Journal Article;Research Support, Non-U.S. Gov't",True,[],RADIONICS,False,ELIGIBILITY_SCREENING_PENDING,https://pubmed.ncbi.nlm.nih.gov/16549690/,2026-09-30
16566349,[Therapeutic touch of well-being].,,,Journal Article,False,[],THERAPEUTIC_TOUCH,False,ELIGIBILITY_SCREENING_PENDING,https://pubmed.ncbi.nlm.nih.gov/16566349/,2026-09-30
16582768,Patient safety in the office-based setting.,10.1097/01.prs.0000204796.65812.68,,Journal Article,True,"[{""type"": ""CommentIn"", ""pmid"": ""17312543""}]",HEALING_TOUCH,False,ELIGIBILITY_SCREENING_PENDING,https://pubmed.ncbi.nlm.nih.gov/16582768/,2026-09-30
16599085,Bringing the 'healing touch of human sympathy' into aged care.,,,Journal Article,False,[],HEALING_TOUCH,False,ELIGIBILITY_SCREENING_PENDING,https://pubmed.ncbi.nlm.nih.gov/16599085/,2026-09-30
16669984,Self-healing: a concept analysis.,10.1111/j.1744-6198.2006.00040.x,,Case Reports;Journal Article;Review,True,[],REIKI,False,ELIGIBILITY_SCREENING_PENDING,https://pubmed.ncbi.nlm.nih.gov/16669984/,2026-09-30
16672812,Development of the healing touch comfort questionnaire.,10.1097/00004650-200605000-00006,,Journal Article;Validation Study,True,[],HEALING_TOUCH,False,ELIGIBILITY_SCREENING_PENDING,https://pubmed.ncbi.nlm.nih.gov/16672812/,2026-09-30
16703974,A comparison of pulsed radiofrequency and continuous radiofrequency on thermocoagulation of egg white in vitro.,,,"Evaluation Study;Journal Article;Research Support, Non-U.S. Gov't",True,[],RADIONICS,False,ELIGIBILITY_SCREENING_PENDING,https://pubmed.ncbi.nlm.nih.gov/16703974/,2026-09-30
16762126,"A pragmatic, three-arm randomised controlled trial of spiritual healing for asthma in primary care.",,PMC1839019,"Journal Article;Randomized Controlled Trial;Research Support, Non-U.S. Gov't",True,[],,True,SEE_EARLIER_REGISTER,https://pubmed.ncbi.nlm.nih.gov/16762126/,2026-09-30
16765851,The influence of 10 min of the Johrei healing method on laboratory stress.,10.1016/j.ctim.2005.07.001,,Journal Article;Randomized Controlled Trial,True,[],JOHREI,True,SEE_EARLIER_REGISTER,https://pubmed.ncbi.nlm.nih.gov/16765851/,2026-09-30
16781519,The integration of healing touch with conventional care at the Scripps Center for Integrative Medicine.,10.1016/j.explore.2005.01.005,,Journal Article,False,[],HEALING_TOUCH,False,ELIGIBILITY_SCREENING_PENDING,https://pubmed.ncbi.nlm.nih.gov/16781519/,2026-09-30
16781550,The blind protocol and its place in consciousness research.,10.1016/j.explore.2005.04.013,,Historical Article;Journal Article,True,[],HEALING_DOWSING,False,ELIGIBILITY_SCREENING_PENDING,https://pubmed.ncbi.nlm.nih.gov/16781550/,2026-09-30
16781577,If there is any significant experience with using Reiki in the hospital or ER setting and if there is any literature to support this use?,10.1016/j.explore.2005.07.002,,Journal Article,False,[],REIKI,False,ELIGIBILITY_SCREENING_PENDING,https://pubmed.ncbi.nlm.nih.gov/16781577/,2026-09-30
16781590,Electives in complementary medicine: are we preaching to the choir?,10.1016/j.explore.2005.08.011,,Journal Article,True,[],THERAPEUTIC_TOUCH;HEALING_TOUCH,False,ELIGIBILITY_SCREENING_PENDING,https://pubmed.ncbi.nlm.nih.gov/16781590/,2026-09-30
16782862,Radionics and repeatability.,10.1136/vr.158.24.839-c,,Comment;Letter,False,"[{""type"": ""CommentOn"", ""pmid"": ""16731705""}]",RADIONICS,False,ELIGIBILITY_SCREENING_PENDING,https://pubmed.ncbi.nlm.nih.gov/16782862/,2026-09-30
16822357,Use of complementary and alternative medicine in epilepsy.,10.1007/s11910-006-0029-4,,Journal Article;Review,True,[],REIKI,False,ELIGIBILITY_SCREENING_PENDING,https://pubmed.ncbi.nlm.nih.gov/16822357/,2026-09-30
16825921,The use of selected energy touch modalities as supportive nursing interventions: are we there yet?,10.1097/00004650-200607000-00007,,Journal Article;Review,True,[],REIKI;THERAPEUTIC_TOUCH,False,ELIGIBILITY_SCREENING_PENDING,https://pubmed.ncbi.nlm.nih.gov/16825921/,2026-09-30
16847590,Effects of spiritual mantram repetition on HIV outcomes: a randomized controlled trial.,10.1007/s10865-006-9063-6,,"Journal Article;Randomized Controlled Trial;Research Support, N.I.H., Extramural;Research Support, Non-U.S. Gov't;Research Support, U.S. Gov't, Non-P.H.S.",True,"[{""type"": ""ErratumIn"", ""pmid"": null}]",MANTRA_PRACTICES,False,ELIGIBILITY_SCREENING_PENDING,https://pubmed.ncbi.nlm.nih.gov/16847590/,2026-09-30
16861168,Is there any difference in the effects of Qi therapy (external Qigong) with and without touching? A pilot study.,10.1080/00207450600575474,,"Comparative Study;Journal Article;Randomized Controlled Trial;Research Support, Non-U.S. Gov't",True,[],EXTERNAL_QIGONG,True,SEE_EARLIER_REGISTER,https://pubmed.ncbi.nlm.nih.gov/16861168/,2026-09-30
16871294,Radiofrequency stimulation of intervertebral discs.,,,Journal Article,True,[],RADIONICS,False,ELIGIBILITY_SCREENING_PENDING,https://pubmed.ncbi.nlm.nih.gov/16871294/,2026-09-30
16886029,The efficacy of a two needle electrode technique in percutaneous radiofrequency rhizotomy:An investigational laboratory study in an animal model.,,,Journal Article,True,[],RADIONICS,False,ELIGIBILITY_SCREENING_PENDING,https://pubmed.ncbi.nlm.nih.gov/16886029/,2026-09-30
16893670,External Qi of Yan Xin Qigong differentially regulates the Akt and extracellular signal-regulated kinase pathways and is cytotoxic to cancer cells but not to normal cells.,10.1016/j.biocel.2006.06.002,,"Journal Article;Research Support, Non-U.S. Gov't",True,[],EXTERNAL_QIGONG,False,ELIGIBILITY_SCREENING_PENDING,https://pubmed.ncbi.nlm.nih.gov/16893670/,2026-09-30
16925002,Complementary and alternative therapies: the nurse's role.,10.1097/01376517-200608000-00009,,Case Reports;Journal Article;Review,True,[],REIKI,False,ELIGIBILITY_SCREENING_PENDING,https://pubmed.ncbi.nlm.nih.gov/16925002/,2026-09-30
16932660,Complementary or alternative therapies for osteoarthritis.,10.1038/ncprheum0093,,Journal Article;Review,True,[],THERAPEUTIC_TOUCH,False,ELIGIBILITY_SCREENING_PENDING,https://pubmed.ncbi.nlm.nih.gov/16932660/,2026-09-30
16970532,The effect of Johrei healing on substance abuse recovery: a pilot study.,10.1089/acm.2006.12.625,,"Journal Article;Randomized Controlled Trial;Research Support, N.I.H., Extramural",True,[],JOHREI,True,SEE_EARLIER_REGISTER,https://pubmed.ncbi.nlm.nih.gov/16970532/,2026-09-30
17004395,Relationship of frequent mantram repetition to emotional and spiritual well-being in healthcare workers.,10.3928/00220124-20060901-02,,"Evaluation Study;Journal Article;Research Support, N.I.H., Extramural;Research Support, Non-U.S. Gov't;Research Support, U.S. Gov't, Non-P.H.S.",True,[],MANTRA_PRACTICES,False,ELIGIBILITY_SCREENING_PENDING,https://pubmed.ncbi.nlm.nih.gov/17004395/,2026-09-30
17019255,Management of pain after burn injury.,10.1097/00001503-200210000-00015,,Journal Article,True,[],THERAPEUTIC_TOUCH,False,ELIGIBILITY_SCREENING_PENDING,https://pubmed.ncbi.nlm.nih.gov/17019255/,2026-09-30
17022926,"Lifestyle, biomechanical, and bioenergetic complementary therapies in pediatric oncology.",10.2310/7200.2006.018,,Journal Article;Review,True,[],REIKI;THERAPEUTIC_TOUCH,False,ELIGIBILITY_SCREENING_PENDING,https://pubmed.ncbi.nlm.nih.gov/17022926/,2026-09-30
17034678,Complementary medicine in palliative care and cancer symptom management.,10.1097/00130404-200609000-00011,,Journal Article;Review,True,[],THERAPEUTIC_TOUCH,False,ELIGIBILITY_SCREENING_PENDING,https://pubmed.ncbi.nlm.nih.gov/17034678/,2026-09-30
17041488,A pilot trial of external Qigong therapy for arthritis.,10.1097/01.rhu.0000089966.48691.7f,,Letter,False,[],EXTERNAL_QIGONG,False,ELIGIBILITY_SCREENING_PENDING,https://pubmed.ncbi.nlm.nih.gov/17041488/,2026-09-30
17057576,Radio frequency ablation (RFA)-assisted pericystectomy for hepatic echinococcosis: an alternative technique.,10.1097/01.sle.0000213702.56569.3f,,Case Reports;Journal Article,True,[],RADIONICS,False,ELIGIBILITY_SCREENING_PENDING,https://pubmed.ncbi.nlm.nih.gov/17057576/,2026-09-30
17098874,A pilot study of healing touch and progressive relaxation for chronic neuropathic pain in persons with spinal cord injury.,10.1177/0898010106289840,,"Controlled Clinical Trial;Journal Article;Randomized Controlled Trial;Research Support, Non-U.S. Gov't",True,[],HEALING_TOUCH,False,ELIGIBILITY_SCREENING_PENDING,https://pubmed.ncbi.nlm.nih.gov/17098874/,2026-09-30
17099413,The effect of Reiki on pain and anxiety in women with abdominal hysterectomies: a quasi-experimental pilot study.,,,"Comparative Study;Journal Article;Research Support, Non-U.S. Gov't",True,[],REIKI,False,ELIGIBILITY_SCREENING_PENDING,https://pubmed.ncbi.nlm.nih.gov/17099413/,2026-09-30
17109575,A pilot study of external qigong therapy for patients with fibromyalgia.,10.1089/acm.2006.12.851,,Clinical Trial;Journal Article,True,[],EXTERNAL_QIGONG,False,ELIGIBILITY_SCREENING_PENDING,https://pubmed.ncbi.nlm.nih.gov/17109575/,2026-09-30
17109581,National patterns and correlates of complementary and alternative medicine use in adults with diabetes.,10.1089/acm.2006.12.895,,Comparative Study;Journal Article,True,[],REIKI,False,ELIGIBILITY_SCREENING_PENDING,https://pubmed.ncbi.nlm.nih.gov/17109581/,2026-09-30
17109583,Using Reiki to decrease memory and behavior problems in mild cognitive impairment and mild Alzheimer's disease.,10.1089/acm.2006.12.911,,Journal Article,True,[],REIKI,False,ELIGIBILITY_SCREENING_PENDING,https://pubmed.ncbi.nlm.nih.gov/17109583/,2026-09-30
17131980,The efficacy of distant healing for human immunodeficiency virus--results of a randomized trial.,,,"Journal Article;Randomized Controlled Trial;Research Support, N.I.H., Extramural",True,[],DISTANCE_HEALING,False,ELIGIBILITY_SCREENING_PENDING,https://pubmed.ncbi.nlm.nih.gov/17131980/,2026-09-30
17135649,Efficacy of complementary and alternative medicine therapies in relieving cancer pain: a systematic review.,10.1200/JCO.2006.08.3725,,Journal Article;Systematic Review,True,"[{""type"": ""CommentIn"", ""pmid"": ""17596389""}]",HEALING_TOUCH,False,ELIGIBILITY_SCREENING_PENDING,https://pubmed.ncbi.nlm.nih.gov/17135649/,2026-09-30
17144199,[Reiki--Japanese art of curing and its position in schemes of holistic therapeutics in Poland].,,,English Abstract;Journal Article,True,[],REIKI,False,ELIGIBILITY_SCREENING_PENDING,https://pubmed.ncbi.nlm.nih.gov/17144199/,2026-09-30
17173118,Johrei family healing: a pilot study.,10.1093/ecam/nel043,PMC1697735,Journal Article,True,[],JOHREI,True,SEE_EARLIER_REGISTER,https://pubmed.ncbi.nlm.nih.gov/17173118/,2026-09-30
17179840,Healing Touch: a low-tech intervention in high-tech settings.,10.1097/00003465-200701000-00004,,Journal Article;Review,True,[],HEALING_TOUCH,False,ELIGIBILITY_SCREENING_PENDING,https://pubmed.ncbi.nlm.nih.gov/17179840/,2026-09-30
17260598,Therapeutic touch and dementia care: an ongoing journey.,10.7748/nop.18.11.27.s23,,Journal Article,True,[],THERAPEUTIC_TOUCH,False,ELIGIBILITY_SCREENING_PENDING,https://pubmed.ncbi.nlm.nih.gov/17260598/,2026-09-30
17309379,Cortical dynamics as a therapeutic mechanism for touch healing.,10.1089/acm.2006.5245,,"Journal Article;Research Support, N.I.H., Extramural;Research Support, Non-U.S. Gov't;Review",True,"[{""type"": ""ErratumIn"", ""pmid"": null}]",REIKI;THERAPEUTIC_TOUCH,False,ELIGIBILITY_SCREENING_PENDING,https://pubmed.ncbi.nlm.nih.gov/17309379/,2026-09-30
17351022,A critical review of complementary therapies for cancer-related fatigue.,10.1177/1534735406298143,,Journal Article;Review,True,[],HEALING_TOUCH;POLARITY_THERAPY,True,SEE_EARLIER_REGISTER,https://pubmed.ncbi.nlm.nih.gov/17351022/,2026-09-30
17351024,Pilot crossover trial of Reiki versus rest for treating cancer-related fatigue.,10.1177/1534735406298986,,"Clinical Trial;Comparative Study;Journal Article;Research Support, Non-U.S. Gov't",True,[],REIKI,False,ELIGIBILITY_SCREENING_PENDING,https://pubmed.ncbi.nlm.nih.gov/17351024/,2026-09-30
17352009,Current role of bloodless liver resection.,10.3748/wjg.v13.i6.826,PMC4065915,Journal Article;Review,True,[],RADIONICS,False,ELIGIBILITY_SCREENING_PENDING,https://pubmed.ncbi.nlm.nih.gov/17352009/,2026-09-30
17369995,Clinical holistic medicine: the case story of Anna. I. Long-term effect of childhood sexual abuse and incest with a treatment approach.,10.1100/tsw.2006.329,PMC5917176,"Case Reports;Journal Article;Research Support, Non-U.S. Gov't;Review",True,[],THERAPEUTIC_TOUCH,False,ELIGIBILITY_SCREENING_PENDING,https://pubmed.ncbi.nlm.nih.gov/17369995/,2026-09-30
17370014,From healing the whole person: an argument for therapeutic touch as a complement to traditional medical practice.,10.1100/tsw.2006.348,PMC5917284,Journal Article;Review,True,[],THERAPEUTIC_TOUCH,False,ELIGIBILITY_SCREENING_PENDING,https://pubmed.ncbi.nlm.nih.gov/17370014/,2026-09-30
17456101,Appearance of chemical burns resulting from the washing of a deceased body with bleach.,10.1111/j.1556-4029.2007.00410.x,,Case Reports;Journal Article,True,[],HEALING_DOWSING,False,ELIGIBILITY_SCREENING_PENDING,https://pubmed.ncbi.nlm.nih.gov/17456101/,2026-09-30
17489872,The Northwick Park tragedy--protecting healthy volunteers in future first-in-man trials.,10.1111/j.1365-2710.2007.00808.x,,Journal Article,True,[],,True,SEE_EARLIER_REGISTER,https://pubmed.ncbi.nlm.nih.gov/17489872/,2026-09-30
17508495,Management of cancer pain with complementary therapies.,,,Journal Article;Review,True,[],REIKI,False,ELIGIBILITY_SCREENING_PENDING,https://pubmed.ncbi.nlm.nih.gov/17508495/,2026-09-30
17518033,Self-monitoring of a stress reduction technique using wrist-worn counters.,10.1111/j.1945-1474.2007.tb00175.x,,"Journal Article;Research Support, N.I.H., Extramural;Research Support, Non-U.S. Gov't",True,[],MANTRA_PRACTICES,False,ELIGIBILITY_SCREENING_PENDING,https://pubmed.ncbi.nlm.nih.gov/17518033/,2026-09-30
17533322,Fractionated stereotactic radiotherapy for pediatric patients with retinoblastoma.,10.1120/jacmp.v7i2.2161,PMC5722448,Comparative Study;Journal Article,True,[],RADIONICS,False,ELIGIBILITY_SCREENING_PENDING,https://pubmed.ncbi.nlm.nih.gov/17533322/,2026-09-30
17535025,Fractionated stereotactic radiotherapy for pituitary adenomas following microsurgical resection: safety and efficacy.,10.1177/153303460700600304,,Journal Article,True,[],RADIONICS,False,ELIGIBILITY_SCREENING_PENDING,https://pubmed.ncbi.nlm.nih.gov/17535025/,2026-09-30
17544681,Energy-based modalities.,10.1016/j.cnur.2007.02.004,,Journal Article;Review,True,[],REIKI;THERAPEUTIC_TOUCH;HEALING_TOUCH,False,ELIGIBILITY_SCREENING_PENDING,https://pubmed.ncbi.nlm.nih.gov/17544681/,2026-09-30
17549235,Radiation response of cultured human cells is unaffected by Johrei.,10.1093/ecam/nel078,PMC1876615,Journal Article,True,[],JOHREI,True,SEE_EARLIER_REGISTER,https://pubmed.ncbi.nlm.nih.gov/17549235/,2026-09-30
17573275,The use of biofield therapies in cancer care.,10.1188/07.CJON.253-258,,Journal Article;Review,True,[],REIKI;THERAPEUTIC_TOUCH;HEALING_TOUCH;POLARITY_THERAPY,True,SEE_EARLIER_REGISTER,https://pubmed.ncbi.nlm.nih.gov/17573275/,2026-09-30
17609994,Twenty years of therapeutic touch in a Canadian cancer agency: lessons learned from a case study of integrative oncology practice.,10.1007/s00520-007-0288-x,,Journal Article,True,[],THERAPEUTIC_TOUCH,False,ELIGIBILITY_SCREENING_PENDING,https://pubmed.ncbi.nlm.nih.gov/17609994/,2026-09-30
17609996,The status of complementary therapy services in Canadian palliative care settings.,10.1007/s00520-007-0284-1,,Journal Article,True,[],THERAPEUTIC_TOUCH,False,ELIGIBILITY_SCREENING_PENDING,https://pubmed.ncbi.nlm.nih.gov/17609996/,2026-09-30
17619753,Alternative therapeutic intervention for individuals with Rett syndrome.,10.1100/tsw.2007.4,PMC5901307,Journal Article;Review,True,[],REIKI,False,ELIGIBILITY_SCREENING_PENDING,https://pubmed.ncbi.nlm.nih.gov/17619753/,2026-09-30
17622486,Safety and efficacy of fractionated stereotactic radiotherapy for acoustic neuromas.,10.1007/s11060-007-9456-6,,Clinical Trial;Journal Article,True,[],RADIONICS,False,ELIGIBILITY_SCREENING_PENDING,https://pubmed.ncbi.nlm.nih.gov/17622486/,2026-09-30
17627194,An integrative review of Reiki touch therapy research.,10.1097/01.HNP.0000280927.83506.f6,,Journal Article;Review,True,[],REIKI,False,ELIGIBILITY_SCREENING_PENDING,https://pubmed.ncbi.nlm.nih.gov/17627194/,2026-09-30
17627198,"Comparison of a healing touch, coaching, and a combined intervention on comfort and stress in younger college students.",10.1097/01.HNP.0000280931.75883.ae,,Comparative Study;Journal Article;Randomized Controlled Trial,True,[],HEALING_TOUCH,False,ELIGIBILITY_SCREENING_PENDING,https://pubmed.ncbi.nlm.nih.gov/17627198/,2026-09-30
17629076,A simplified technique of RFA (radiofrequency assisted) hepatectomy.,,,Evaluation Study;Journal Article,True,[],RADIONICS,False,ELIGIBILITY_SCREENING_PENDING,https://pubmed.ncbi.nlm.nih.gov/17629076/,2026-09-30
17636838,Therapeutic touch for anxiety disorders.,10.1002/14651858.CD006240.pub2,PMC6956493,Journal Article;Systematic Review,True,"[{""type"": ""UpdateOf"", ""pmid"": null}]",THERAPEUTIC_TOUCH,False,ELIGIBILITY_SCREENING_PENDING,https://pubmed.ncbi.nlm.nih.gov/17636838/,2026-09-30
17661855,Does therapeutic touch ease the discomfort or distress of patients undergoing stereotactic core breast biopsy? A randomized clinical trial.,10.1111/j.1526-4637.2006.00256.x,,"Journal Article;Randomized Controlled Trial;Research Support, Non-U.S. Gov't",True,[],THERAPEUTIC_TOUCH,True,SEE_EARLIER_REGISTER,https://pubmed.ncbi.nlm.nih.gov/17661855/,2026-09-30
17679222,[Consciousness of the body in the healing touch].,,,Journal Article,False,[],HEALING_TOUCH,False,ELIGIBILITY_SCREENING_PENDING,https://pubmed.ncbi.nlm.nih.gov/17679222/,2026-09-30
17690012,External qigong for pain conditions: a systematic review of randomized clinical trials.,10.1016/j.jpain.2007.05.016,,"Journal Article;Research Support, Non-U.S. Gov't;Systematic Review",True,[],EXTERNAL_QIGONG,True,SEE_EARLIER_REGISTER,https://pubmed.ncbi.nlm.nih.gov/17690012/,2026-09-30
17714796,Use of complementary and alternative medicine in pediatric otolaryngology patients attending a tertiary hospital in the UK.,10.1016/j.ijporl.2007.07.009,,Journal Article,True,[],REIKI,False,ELIGIBILITY_SCREENING_PENDING,https://pubmed.ncbi.nlm.nih.gov/17714796/,2026-09-30
17764203,Meditation practices for health: state of the research.,,PMC4780968,Journal Article;Review,True,[],MANTRA_PRACTICES,False,ELIGIBILITY_SCREENING_PENDING,https://pubmed.ncbi.nlm.nih.gov/17764203/,2026-09-30
17773810,RADIONICS.,10.1126/science.97.2529.554,,Journal Article,False,[],RADIONICS,False,ELIGIBILITY_SCREENING_PENDING,https://pubmed.ncbi.nlm.nih.gov/17773810/,2026-09-30
17786889,[The efficacy of Slow Stroke Massage in depression].,10.1055/s-2007-970988,,English Abstract;Journal Article;Randomized Controlled Trial,True,[],THERAPEUTIC_TOUCH,False,ELIGIBILITY_SCREENING_PENDING,https://pubmed.ncbi.nlm.nih.gov/17786889/,2026-09-30
17816433,'CHRISTIAN SCIENCE.'.,10.1126/science.7.173.565,,Journal Article,False,[],CHRISTIAN_SCIENCE_HEALING,False,ELIGIBILITY_SCREENING_PENDING,https://pubmed.ncbi.nlm.nih.gov/17816433/,2026-09-30
17848766,Efficacy of reiki on patients undergoing coronary artery bypass graft surgery.,,,Journal Article,True,[],REIKI,False,ELIGIBILITY_SCREENING_PENDING,https://pubmed.ncbi.nlm.nih.gov/17848766/,2026-09-30
17956966,The fascination of complementary and alternative medicine (CAM).,10.1177/1359105307082448,,Journal Article;Comment,True,"[{""type"": ""CommentOn"", ""pmid"": ""17956965""}]",CRYSTAL_ENERGY,True,SEE_EARLIER_REGISTER,https://pubmed.ncbi.nlm.nih.gov/17956966/,2026-09-30
17957554,"The effectiveness of Tai Chi, yoga, meditation, and Reiki healing sessions in promoting health and enhancing problem solving abilities of registered nurses.",10.1080/01612840701581255,,"Journal Article;Research Support, N.I.H., Extramural",True,[],REIKI,False,ELIGIBILITY_SCREENING_PENDING,https://pubmed.ncbi.nlm.nih.gov/17957554/,2026-09-30
17985064,Silent and invisible; nursing home residents with advanced dementia.,,,Journal Article;Review,True,[],THERAPEUTIC_TOUCH,False,ELIGIBILITY_SCREENING_PENDING,https://pubmed.ncbi.nlm.nih.gov/17985064/,2026-09-30
17985808,Feasibility and short-term outcomes of a shamanic treatment for temporomandibular joint disorders.,,,"Controlled Clinical Trial;Journal Article;Randomized Controlled Trial;Research Support, N.I.H., Extramural",True,[],,True,SEE_EARLIER_REGISTER,https://pubmed.ncbi.nlm.nih.gov/17985808/,2026-09-30
18021160,An analysis of the demarcation problem in science and its application to therapeutic touch theory.,10.1111/j.1440-172X.2007.00646.x,,Journal Article,True,[],THERAPEUTIC_TOUCH,False,ELIGIBILITY_SCREENING_PENDING,https://pubmed.ncbi.nlm.nih.gov/18021160/,2026-09-30
18027050,Radiofrequency-assisted partial splenectomy: Histopathological and immunological assessment of the splenic remnant in a porcine model.,10.1007/s00464-007-9617-x,,"Journal Article;Research Support, Non-U.S. Gov't",True,[],RADIONICS,False,ELIGIBILITY_SCREENING_PENDING,https://pubmed.ncbi.nlm.nih.gov/18027050/,2026-09-30
18029960,Pandimensional field pattern changes in healers and healees: experiencing therapeutic touch.,10.1177/0898010106297571,,"Clinical Trial;Journal Article;Research Support, Non-U.S. Gov't",True,[],THERAPEUTIC_TOUCH,False,ELIGIBILITY_SCREENING_PENDING,https://pubmed.ncbi.nlm.nih.gov/18029960/,2026-09-30
18029964,Breast biopsy and distress: feasibility of testing a Reiki intervention.,10.1177/0898010107301618,,"Controlled Clinical Trial;Journal Article;Randomized Controlled Trial;Research Support, N.I.H., Extramural;Research Support, Non-U.S. Gov't;Research Support, U.S. Gov't, Non-P.H.S.",True,[],REIKI,False,ELIGIBILITY_SCREENING_PENDING,https://pubmed.ncbi.nlm.nih.gov/18029964/,2026-09-30
18049345,"The cumulative effects of quality improvement for depression on outcome disparities over 9 years: results from a randomized, controlled group-level trial.",10.1097/MLR.0b013e31813797e5,,"Journal Article;Multicenter Study;Randomized Controlled Trial;Research Support, N.I.H., Extramural",True,[],EXTERNAL_QIGONG,False,ELIGIBILITY_SCREENING_PENDING,https://pubmed.ncbi.nlm.nih.gov/18049345/,2026-09-30
18051981,Using healing touch for end of life care.,,,Journal Article,False,[],HEALING_TOUCH,False,ELIGIBILITY_SCREENING_PENDING,https://pubmed.ncbi.nlm.nih.gov/18051981/,2026-09-30
18060768,Radiofrequency-assisted liver resection.,10.1016/j.suronc.2007.10.046,,Journal Article,True,[],RADIONICS,False,ELIGIBILITY_SCREENING_PENDING,https://pubmed.ncbi.nlm.nih.gov/18060768/,2026-09-30
18072370,Self identity through Ho'oponopono as adjunctive therapy for hypertension management.,,,"Clinical Trial;Journal Article;Research Support, N.I.H., Extramural",True,"[{""type"": ""SummaryForPatientsIn"", ""pmid"": ""18072392""}]",,True,SEE_EARLIER_REGISTER,https://pubmed.ncbi.nlm.nih.gov/18072370/,2026-09-30
18080802,External Qi of Yan Xin Qigong induces G2/M arrest and apoptosis of androgen-independent prostate cancer cells by inhibiting Akt and NF-kappa B pathways.,10.1007/s11010-007-9684-2,,"Journal Article;Research Support, Non-U.S. Gov't;Retracted Publication",True,"[{""type"": ""RetractionIn"", ""pmid"": ""33895982""}]",EXTERNAL_QIGONG,False,ELIGIBILITY_SCREENING_PENDING,https://pubmed.ncbi.nlm.nih.gov/18080802/,2026-09-30
18096986,The relation of meditation to power and well-being.,10.1177/0894318407310777,,Journal Article,True,[],CHAKRA_AURA,False,ELIGIBILITY_SCREENING_PENDING,https://pubmed.ncbi.nlm.nih.gov/18096986/,2026-09-30
18162859,How a therapy-based quality improvement intervention for depression affected life events and psychological well-being over time: a 9-year longitudinal analysis.,10.1097/MLR.0b013e318148478d,,"Journal Article;Multicenter Study;Randomized Controlled Trial;Research Support, N.I.H., Extramural;Research Support, Non-U.S. Gov't;Research Support, U.S. Gov't, P.H.S.",True,[],EXTERNAL_QIGONG,False,ELIGIBILITY_SCREENING_PENDING,https://pubmed.ncbi.nlm.nih.gov/18162859/,2026-09-30
18193585,Each moment of touch.,10.1097/00006216-200104000-00004,,Journal Article;Review,True,[],REIKI,False,ELIGIBILITY_SCREENING_PENDING,https://pubmed.ncbi.nlm.nih.gov/18193585/,2026-09-30
18251321,Six pillars of energy medicine: clinical strengths of a complementary paradigm.,,,Journal Article;Review,True,[],DISTANCE_HEALING,False,ELIGIBILITY_SCREENING_PENDING,https://pubmed.ncbi.nlm.nih.gov/18251321/,2026-09-30
18258581,Does therapeutic touch help reduce pain and anxiety in patients with cancer?,10.1188/08.CJON.113-120,,Journal Article;Review,True,[],THERAPEUTIC_TOUCH,False,ELIGIBILITY_SCREENING_PENDING,https://pubmed.ncbi.nlm.nih.gov/18258581/,2026-09-30
18272750,Therapeutic touch and agitation in individuals with Alzheimer's disease.,10.1177/0193945907305126,,"Comparative Study;Journal Article;Randomized Controlled Trial;Research Support, Non-U.S. Gov't",True,[],THERAPEUTIC_TOUCH,False,ELIGIBILITY_SCREENING_PENDING,https://pubmed.ncbi.nlm.nih.gov/18272750/,2026-09-30
18277062,Effectiveness of distant healing for patients with chronic fatigue syndrome: a randomised controlled partially blinded trial (EUHEALS).,10.1159/000116609,,"Journal Article;Randomized Controlled Trial;Research Support, Non-U.S. Gov't",True,"[{""type"": ""CommentIn"", ""pmid"": ""19297799""}]",DISTANCE_HEALING,True,SEE_EARLIER_REGISTER,https://pubmed.ncbi.nlm.nih.gov/18277062/,2026-09-30
18317289,Effect of Healing Touch on stress perception and biological correlates.,10.1097/01.HNP.0000312659.21513.f9,,Clinical Trial;Journal Article,True,[],HEALING_TOUCH,False,ELIGIBILITY_SCREENING_PENDING,https://pubmed.ncbi.nlm.nih.gov/18317289/,2026-09-30
18324479,"Improving quality of life using compound mind-body therapies: evaluation of a course intervention with body movement and breath therapy, guided imagery, chakra experiencing and mindfulness meditation.",10.1007/s11136-008-9321-x,,"Evaluation Study;Journal Article;Research Support, Non-U.S. Gov't",True,[],CHAKRA_AURA,False,ELIGIBILITY_SCREENING_PENDING,https://pubmed.ncbi.nlm.nih.gov/18324479/,2026-09-30
18332355,The internal process of therapeutic touch.,10.1177/0898010107306691,,Journal Article,True,"[{""type"": ""CommentIn"", ""pmid"": ""18332356""}]",THERAPEUTIC_TOUCH,False,ELIGIBILITY_SCREENING_PENDING,https://pubmed.ncbi.nlm.nih.gov/18332355/,2026-09-30
18332356,"Commentary on ""The internal process of therapeutic touch"".",10.1177/0898010108315191,,Comment;Journal Article,False,"[{""type"": ""CommentOn"", ""pmid"": ""18332355""}]",THERAPEUTIC_TOUCH,False,ELIGIBILITY_SCREENING_PENDING,https://pubmed.ncbi.nlm.nih.gov/18332356/,2026-09-30
18340837,"A Letter ""Explaining the Difference between Christian Science and Some Other Systems"".",,PMC1692182,Journal Article,False,[],CHRISTIAN_SCIENCE_HEALING,False,ELIGIBILITY_SCREENING_PENDING,https://pubmed.ncbi.nlm.nih.gov/18340837/,2026-09-30
18356284,A spiritually based group intervention for combat veterans with posttraumatic stress disorder: feasibility study.,10.1177/0898010107311276,PMC4083747,"Journal Article;Randomized Controlled Trial;Research Support, U.S. Gov't, Non-P.H.S.",True,"[{""type"": ""CommentIn"", ""pmid"": ""18539878""}]",MANTRA_PRACTICES,False,ELIGIBILITY_SCREENING_PENDING,https://pubmed.ncbi.nlm.nih.gov/18356284/,2026-09-30
18370579,Therapeutic touch stimulates the proliferation of human cells in culture.,10.1089/acm.2007.7163,,"Clinical Trial;Journal Article;Research Support, N.I.H., Extramural",True,[],THERAPEUTIC_TOUCH,False,ELIGIBILITY_SCREENING_PENDING,https://pubmed.ncbi.nlm.nih.gov/18370579/,2026-09-30
18410352,Effects of reiki in clinical practice: a systematic review of randomised clinical trials.,10.1111/j.1742-1241.2008.01729.x,,Evaluation Study;Journal Article;Systematic Review,True,[],REIKI,True,SEE_EARLIER_REGISTER,https://pubmed.ncbi.nlm.nih.gov/18410352/,2026-09-30
18417896,Radiofrequency ablation of hepatic metastasis: results of treatment in forty patients.,10.4103/0973-1482.39599,,Journal Article,True,"[{""type"": ""CommentIn"", ""pmid"": ""18923210""}]",RADIONICS,False,ELIGIBILITY_SCREENING_PENDING,https://pubmed.ncbi.nlm.nih.gov/18417896/,2026-09-30
18435597,Reiki improves heart rate homeostasis in laboratory rats.,10.1089/acm.2007.0753,,"Journal Article;Research Support, N.I.H., Extramural;Research Support, Non-U.S. Gov't",True,[],REIKI,False,ELIGIBILITY_SCREENING_PENDING,https://pubmed.ncbi.nlm.nih.gov/18435597/,2026-09-30
18442414,Motivations for consulting complementary and alternative medicine practitioners: a comparison of consumers from 1997-8 and 2005.,10.1186/1472-6882-8-16,PMC2390516,"Comparative Study;Journal Article;Research Support, Non-U.S. Gov't",True,[],THERAPEUTIC_TOUCH,False,ELIGIBILITY_SCREENING_PENDING,https://pubmed.ncbi.nlm.nih.gov/18442414/,2026-09-30
18466849,Study descriptions of healing touch with veterans experiencing chronic neuropathic pain from spinal cord injury.,10.1016/j.explore.2008.02.003,,"Case Reports;Journal Article;Research Support, U.S. Gov't, Non-P.H.S.",True,[],HEALING_TOUCH,False,ELIGIBILITY_SCREENING_PENDING,https://pubmed.ncbi.nlm.nih.gov/18466849/,2026-09-30
18509480,Reconstruction of a severe open distal humerus fracture with complete loss of medial column by using a free fibular osteocutaneous graft.,,PMC2374498,Journal Article,True,[],SOUND_HEALING,False,ELIGIBILITY_SCREENING_PENDING,https://pubmed.ncbi.nlm.nih.gov/18509480/,2026-09-30
18515247,Reiki as a clinical intervention in oncology nursing practice.,10.1188/08.CJON.489-494,,Journal Article;Review,True,[],REIKI,False,ELIGIBILITY_SCREENING_PENDING,https://pubmed.ncbi.nlm.nih.gov/18515247/,2026-09-30
18522664,"The effects of quality improvement for depression in primary care at nine years: results from a randomized, controlled group-level trial.",10.1111/j.1475-6773.2008.00871.x,PMC2614007,"Journal Article;Randomized Controlled Trial;Research Support, N.I.H., Extramural",True,[],EXTERNAL_QIGONG,False,ELIGIBILITY_SCREENING_PENDING,https://pubmed.ncbi.nlm.nih.gov/18522664/,2026-09-30
18524012,Therapeutic touch affects DNA synthesis and mineralization of human osteoblasts in culture.,10.1002/jor.20688,,"Journal Article;Research Support, N.I.H., Extramural",True,[],THERAPEUTIC_TOUCH,False,ELIGIBILITY_SCREENING_PENDING,https://pubmed.ncbi.nlm.nih.gov/18524012/,2026-09-30
18564948,Distant healing of small-sized tumors.,10.1089/acm.2008.0100,,"Letter;Research Support, Non-U.S. Gov't",False,[],DISTANCE_HEALING,False,ELIGIBILITY_SCREENING_PENDING,https://pubmed.ncbi.nlm.nih.gov/18564948/,2026-09-30
18574414,Radiofrequency ablation with hand-assisted laparoscopic surgery for the treatment of hepatocellular carcinoma in the caudate lobe.,10.1097/SLE.0b013e31816a24bf,,Journal Article,True,[],RADIONICS,False,ELIGIBILITY_SCREENING_PENDING,https://pubmed.ncbi.nlm.nih.gov/18574414/,2026-09-30
18596429,Fractionated stereotactic radiotherapy for the treatment of large arteriovenous malformations with or without previous partial embolization.,10.1227/01.neu.0000316280.99500.99,,Journal Article,True,"[{""type"": ""ReprintOf"", ""pmid"": ""15335419""}]",RADIONICS,False,ELIGIBILITY_SCREENING_PENDING,https://pubmed.ncbi.nlm.nih.gov/18596429/,2026-09-30
18602618,Therapeutic touch with preterm infants: composing a treatment.,10.1016/j.explore.2008.04.003,,"Journal Article;Research Support, Non-U.S. Gov't",True,[],THERAPEUTIC_TOUCH,False,ELIGIBILITY_SCREENING_PENDING,https://pubmed.ncbi.nlm.nih.gov/18602618/,2026-09-30
18616066,The efficacy of healing touch in coronary artery bypass surgery recovery: a randomized clinical trial.,,,Journal Article;Randomized Controlled Trial,True,[],HEALING_TOUCH,True,SEE_EARLIER_REGISTER,https://pubmed.ncbi.nlm.nih.gov/18616066/,2026-09-30
18644283,Use of the Radionics Image Fusiontrade mark and Stereoplantrade mark programs for target localization in functional neurosurgery.,10.1016/s0967-5868(98)90197-7,,Journal Article,True,[],RADIONICS,False,ELIGIBILITY_SCREENING_PENDING,https://pubmed.ncbi.nlm.nih.gov/18644283/,2026-09-30
18644286,Computer-assisted and frameless stereotaxy: the initial Australian experience.,10.1016/s0967-5868(98)90200-4,,Journal Article,True,[],RADIONICS,False,ELIGIBILITY_SCREENING_PENDING,https://pubmed.ncbi.nlm.nih.gov/18644286/,2026-09-30
18654733,Effects of external qigong therapy on osteoarthritis of the knee. A randomized controlled trial.,10.1007/s10067-008-0955-4,PMC2582590,"Journal Article;Randomized Controlled Trial;Research Support, N.I.H., Extramural",True,[],EXTERNAL_QIGONG,True,SEE_EARLIER_REGISTER,https://pubmed.ncbi.nlm.nih.gov/18654733/,2026-09-30
18736970,"SLOW POISONING BY ""CHRISTIAN SCIENCE."": Report of Caesarian Section on a subject of Myxaedema of fourteen years' duration with living mother and child which was born a Cretin.",,PMC1642204,Journal Article,False,[],CHRISTIAN_SCIENCE_HEALING,False,ELIGIBILITY_SCREENING_PENDING,https://pubmed.ncbi.nlm.nih.gov/18736970/,2026-09-30
18737447,CONCERNING CHRISTIAN SCIENCE.,,PMC1593215,Journal Article,False,[],CHRISTIAN_SCIENCE_HEALING,False,ELIGIBILITY_SCREENING_PENDING,https://pubmed.ncbi.nlm.nih.gov/18737447/,2026-09-30
18738248,CHRISTIAN SCIENCE HEALERS EXEMPT FROM LICENSE TAX.,,PMC1592730,Journal Article,False,[],CHRISTIAN_SCIENCE_HEALING,False,ELIGIBILITY_SCREENING_PENDING,https://pubmed.ncbi.nlm.nih.gov/18738248/,2026-09-30
18739311,"GOING ""CHRISTIAN SCIENCE"" ONE BETTER.",,PMC1654421,Journal Article,False,[],CHRISTIAN_SCIENCE_HEALING,False,ELIGIBILITY_SCREENING_PENDING,https://pubmed.ncbi.nlm.nih.gov/18739311/,2026-09-30
18750996,The healing touch.,,PMC1022786,Journal Article,False,[],HEALING_TOUCH,False,ELIGIBILITY_SCREENING_PENDING,https://pubmed.ncbi.nlm.nih.gov/18750996/,2026-09-30
18755877,A pilot study of the experience of participating in a Therapeutic Touch practice group.,10.1177/0898010108316883,,"Journal Article;Research Support, Non-U.S. Gov't",True,[],THERAPEUTIC_TOUCH,False,ELIGIBILITY_SCREENING_PENDING,https://pubmed.ncbi.nlm.nih.gov/18755877/,2026-09-30
18780590,"Massages, reiki, oh my! Make patients feel at home.",,,Journal Article,False,[],REIKI,False,ELIGIBILITY_SCREENING_PENDING,https://pubmed.ncbi.nlm.nih.gov/18780590/,2026-09-30
18843720,Touch therapies for pain relief in adults.,10.1002/14651858.CD006535.pub2,,Journal Article;Meta-Analysis;Systematic Review,True,"[{""type"": ""UpdateIn"", ""pmid"": ""24271739""}]",REIKI;THERAPEUTIC_TOUCH;HEALING_TOUCH,False,ELIGIBILITY_SCREENING_PENDING,https://pubmed.ncbi.nlm.nih.gov/18843720/,2026-09-30
18899179,CHRISTIAN Scientist goes to the doctor.,,,Journal Article,False,[],CHRISTIAN_SCIENCE_HEALING,True,SEE_EARLIER_REGISTER,https://pubmed.ncbi.nlm.nih.gov/18899179/,2026-09-30
18914466,[A Scientific Investigation Of So-Called Medical Dowsing].,,,Journal Article,False,[],HEALING_DOWSING,False,ELIGIBILITY_SCREENING_PENDING,https://pubmed.ncbi.nlm.nih.gov/18914466/,2026-09-30
18945261,Clinical trial: the effect of Johrei on symptoms of patients with functional chest pain.,10.1111/j.1365-2036.2008.03859.x,,"Journal Article;Randomized Controlled Trial;Research Support, Non-U.S. Gov't",True,[],JOHREI,True,SEE_EARLIER_REGISTER,https://pubmed.ncbi.nlm.nih.gov/18945261/,2026-09-30
18955312,A comparison of chinese and american Indian (chumash) medicine.,10.1093/ecam/nem188,PMC2862936,Journal Article,True,[],HEALING_TOUCH,False,ELIGIBILITY_SCREENING_PENDING,https://pubmed.ncbi.nlm.nih.gov/18955312/,2026-09-30
18955319,The effect of therapeutic touch on pain and fatigue of cancer patients undergoing chemotherapy.,10.1093/ecam/nen006,PMC2887328,Journal Article,True,[],THERAPEUTIC_TOUCH,False,ELIGIBILITY_SCREENING_PENDING,https://pubmed.ncbi.nlm.nih.gov/18955319/,2026-09-30
18987475,The fat content of small primary breast cancer interferes with radiofrequency-induced thermal ablation.,10.1159/000168318,,Journal Article,True,[],RADIONICS,False,ELIGIBILITY_SCREENING_PENDING,https://pubmed.ncbi.nlm.nih.gov/18987475/,2026-09-30
18991519,Reiki for the treatment of fibromyalgia: a randomized controlled trial.,10.1089/acm.2008.0068,PMC3116531,"Journal Article;Randomized Controlled Trial;Research Support, N.I.H., Extramural",True,[],REIKI,True,SEE_EARLIER_REGISTER,https://pubmed.ncbi.nlm.nih.gov/18991519/,2026-09-30
19024236,Reiki as a rehabilitative nursing intervention for pain management: a case study.,10.1002/j.2048-7940.2008.tb00233.x,,"Case Reports;Journal Article;Research Support, Non-U.S. Gov't;Review",False,[],REIKI,False,ELIGIBILITY_SCREENING_PENDING,https://pubmed.ncbi.nlm.nih.gov/19024236/,2026-09-30
19060577,A double-blind randomized controlled pilot trial examining the safety and efficacy of therapeutic touch in premature infants.,10.1097/01.ANC.0000342764.71864.28,,"Journal Article;Randomized Controlled Trial;Research Support, Non-U.S. Gov't",True,[],THERAPEUTIC_TOUCH,False,ELIGIBILITY_SCREENING_PENDING,https://pubmed.ncbi.nlm.nih.gov/19060577/,2026-09-30
19087765,Healing touch as a supportive intervention for adult acute leukemia patients: a pilot investigation of effects on distress and symptoms.,,PMC3891375,"Journal Article;Research Support, Non-U.S. Gov't",True,[],HEALING_TOUCH,False,ELIGIBILITY_SCREENING_PENDING,https://pubmed.ncbi.nlm.nih.gov/19087765/,2026-09-30
19090556,Psychosocial interventions and quality of life in gynaecological cancer patients: a systematic review.,10.1002/pon.1443,,Comparative Study;Journal Article;Systematic Review,True,[],HEALING_TOUCH,False,ELIGIBILITY_SCREENING_PENDING,https://pubmed.ncbi.nlm.nih.gov/19090556/,2026-09-30
19123875,Clinical trials of meditation practices in health care: characteristics and quality.,10.1089/acm.2008.0307,,"Journal Article;Research Support, U.S. Gov't, P.H.S.;Systematic Review",True,[],MANTRA_PRACTICES,True,SEE_EARLIER_REGISTER,https://pubmed.ncbi.nlm.nih.gov/19123875/,2026-09-30
19127438,Increases in positive reappraisal coping during a group-based mantram intervention mediate sustained reductions in anger in HIV-positive persons.,10.1007/s12529-008-9007-3,PMC2739878,"Journal Article;Multicenter Study;Randomized Controlled Trial;Research Support, N.I.H., Extramural;Research Support, Non-U.S. Gov't;Research Support, U.S. Gov't, Non-P.H.S.",True,[],MANTRA_PRACTICES,False,ELIGIBILITY_SCREENING_PENDING,https://pubmed.ncbi.nlm.nih.gov/19127438/,2026-09-30
19142390,[Gradual effects of therapeutic touch in reducing anxiety in university students].,10.1590/s0034-71672008000600008,,Controlled Clinical Trial;English Abstract;Journal Article,True,[],THERAPEUTIC_TOUCH,False,ELIGIBILITY_SCREENING_PENDING,https://pubmed.ncbi.nlm.nih.gov/19142390/,2026-09-30
19154859,Effects of faith/assurance on cortisol levels are enhanced by a spiritual mantram intervention in adults with HIV: a randomized trial.,10.1016/j.jpsychores.2008.09.017,PMC2760973,"Journal Article;Randomized Controlled Trial;Research Support, N.I.H., Extramural;Research Support, Non-U.S. Gov't",True,[],MANTRA_PRACTICES,False,ELIGIBILITY_SCREENING_PENDING,https://pubmed.ncbi.nlm.nih.gov/19154859/,2026-09-30
19175256,Pranic healing.,,,Journal Article;Review,True,[],PRANIC_HEALING,False,ELIGIBILITY_SCREENING_PENDING,https://pubmed.ncbi.nlm.nih.gov/19175256/,2026-09-30
19175275,Therapeutic touch: the conventional versus the alternative.,,,Journal Article;Review,True,[],THERAPEUTIC_TOUCH,False,ELIGIBILITY_SCREENING_PENDING,https://pubmed.ncbi.nlm.nih.gov/19175275/,2026-09-30
19176423,How quality improvement interventions for depression affect stigma concerns over time: a nine-year follow-up study.,10.1176/ps.2009.60.2.258,PMC3668788,"Journal Article;Randomized Controlled Trial;Research Support, N.I.H., Extramural",True,[],EXTERNAL_QIGONG,False,ELIGIBILITY_SCREENING_PENDING,https://pubmed.ncbi.nlm.nih.gov/19176423/,2026-09-30
19176854,"Intentionality, consciousness, and creating community.",10.1177/0894318408329155,,Comment;Journal Article,True,"[{""type"": ""CommentOn"", ""pmid"": ""19176855""}]",THERAPEUTIC_TOUCH,False,ELIGIBILITY_SCREENING_PENDING,https://pubmed.ncbi.nlm.nih.gov/19176854/,2026-09-30
19222055,Using non-contact therapeutic touch to manage post-surgical pain in the elderly.,10.1002/oti.264,,Journal Article;Randomized Controlled Trial,True,[],THERAPEUTIC_TOUCH,False,ELIGIBILITY_SCREENING_PENDING,https://pubmed.ncbi.nlm.nih.gov/19222055/,2026-09-30
19233016,"[Effectiveness of the application of therapeutic touch on weight, complications, and length of hospital stay in preterm newborns attended in a neonatal unit].",10.1016/j.enfcli.2008.07.001,,"English Abstract;Journal Article;Randomized Controlled Trial;Research Support, Non-U.S. Gov't",True,[],THERAPEUTIC_TOUCH,False,ELIGIBILITY_SCREENING_PENDING,https://pubmed.ncbi.nlm.nih.gov/19233016/,2026-09-30
19235371,"Intermediate energy photons (1 MV) to improve dose gradient, conformality, and homogeneity: potential benefits for small field intracranial radiosurgery.",10.1118/1.3026588,,"Journal Article;Research Support, Non-U.S. Gov't",True,[],RADIONICS,False,ELIGIBILITY_SCREENING_PENDING,https://pubmed.ncbi.nlm.nih.gov/19235371/,2026-09-30
19244711,Alchemy and mining: metallogenesis and prospecting in early mining books.,10.1179/174582308X358105,,Historical Article;Journal Article,True,[],HEALING_DOWSING,False,ELIGIBILITY_SCREENING_PENDING,https://pubmed.ncbi.nlm.nih.gov/19244711/,2026-09-30
19245175,[Evidence about the power of intention].,,,Journal Article,True,[],DISTANCE_HEALING,False,ELIGIBILITY_SCREENING_PENDING,https://pubmed.ncbi.nlm.nih.gov/19245175/,2026-09-30
19297799,"[Distant healing: expectations, relationships and solutions].",,,Journal Article;Comment,False,"[{""type"": ""CommentOn"", ""pmid"": ""18277062""}]",DISTANCE_HEALING,False,ELIGIBILITY_SCREENING_PENDING,https://pubmed.ncbi.nlm.nih.gov/19297799/,2026-09-30
19299529,The effects of therapeutic touch on pain.,10.1177/0898010108327213,,Journal Article;Review,True,[],THERAPEUTIC_TOUCH,False,ELIGIBILITY_SCREENING_PENDING,https://pubmed.ncbi.nlm.nih.gov/19299529/,2026-09-30
19377083,A randomized trial of a CAM therapy for stress reduction in American Indian and Alaskan Native family caregivers.,10.1093/geront/gnp032,PMC2682170,"Journal Article;Randomized Controlled Trial;Research Support, N.I.H., Extramural;Research Support, Non-U.S. Gov't",True,[],POLARITY_THERAPY,True,SEE_EARLIER_REGISTER,https://pubmed.ncbi.nlm.nih.gov/19377083/,2026-09-30
19411991,Nurses' lived experience of Reiki for self-care.,10.1097/01.HNP.0000351369.99166.75,,Journal Article,True,[],REIKI,False,ELIGIBILITY_SCREENING_PENDING,https://pubmed.ncbi.nlm.nih.gov/19411991/,2026-09-30
19422284,Trends in the use of complementary and alternative medicine in Pakistan: a population-based survey.,10.1089/acm.2008.0232,,Journal Article,True,[],REIKI,False,ELIGIBILITY_SCREENING_PENDING,https://pubmed.ncbi.nlm.nih.gov/19422284/,2026-09-30
19425820,Effects of external qi of qigong with opposing intentions on proliferation of Escherichia coli.,10.1089/acm.2008.0408,,Journal Article,True,[],EXTERNAL_QIGONG,False,ELIGIBILITY_SCREENING_PENDING,https://pubmed.ncbi.nlm.nih.gov/19425820/,2026-09-30
19464974,Adaptation of the Hall-Findlay technique for simultaneous contralateral reduction in delayed breast reconstruction with extended latissimus dorsi flap.,10.1016/j.bjps.2009.03.016,,Journal Article,True,[],SOUND_HEALING,False,ELIGIBILITY_SCREENING_PENDING,https://pubmed.ncbi.nlm.nih.gov/19464974/,2026-09-30
19472862,The effects of distant healing performed by a spiritual healer on chronic pain: a randomized controlled trial.,,,Journal Article;Randomized Controlled Trial,True,[],DISTANCE_HEALING,False,ELIGIBILITY_SCREENING_PENDING,https://pubmed.ncbi.nlm.nih.gov/19472862/,2026-09-30
19476730,Impact of healing touch on pediatric oncology outpatients: pilot study.,,,"Journal Article;Research Support, N.I.H., Extramural;Research Support, Non-U.S. Gov't",True,[],HEALING_TOUCH,False,ELIGIBILITY_SCREENING_PENDING,https://pubmed.ncbi.nlm.nih.gov/19476730/,2026-09-30
19487318,Witchcraft and reiki: voodoo economics and voodoo healing.,10.1096/fj.09-0601ufm,,Editorial,False,"[{""type"": ""ErratumIn"", ""pmid"": null}]",REIKI,False,ELIGIBILITY_SCREENING_PENDING,https://pubmed.ncbi.nlm.nih.gov/19487318/,2026-09-30
19496197,Major complications after radiofrequency ablation for liver tumors: analysis of 255 patients.,10.3748/wjg.15.2651,PMC2691498,Journal Article,True,[],RADIONICS,False,ELIGIBILITY_SCREENING_PENDING,https://pubmed.ncbi.nlm.nih.gov/19496197/,2026-09-30
19515284,Alternative approaches to epilepsy treatment.,10.1007/s11910-009-0047-0,,Journal Article;Review,True,[],REIKI,False,ELIGIBILITY_SCREENING_PENDING,https://pubmed.ncbi.nlm.nih.gov/19515284/,2026-09-30
19531072,Facilitating comfort for hospitalized patients using non-pharmacological measures: preliminary development of clinical practice guidelines.,10.1111/j.1440-172X.2009.01739.x,,"Journal Article;Research Support, Non-U.S. Gov't;Review",True,[],REIKI,False,ELIGIBILITY_SCREENING_PENDING,https://pubmed.ncbi.nlm.nih.gov/19531072/,2026-09-30
19567731,Reiki and changes in pattern manifestations.,10.1177/0894318409337014,,Journal Article,True,[],REIKI,False,ELIGIBILITY_SCREENING_PENDING,https://pubmed.ncbi.nlm.nih.gov/19567731/,2026-09-30
19606506,An analytical review of the Chinese literature on Qigong therapy for diabetes mellitus.,10.1142/S0192415X09006965,,"Journal Article;Research Support, Non-U.S. Gov't;Review",True,[],EXTERNAL_QIGONG,False,ELIGIBILITY_SCREENING_PENDING,https://pubmed.ncbi.nlm.nih.gov/19606506/,2026-09-30
19606689,[The effect of alternative therapies on symptoms of patients with functional chest pain--pilot study with Johrei healing technique].,,,English Abstract;Journal Article;Randomized Controlled Trial,True,[],JOHREI,True,SEE_EARLIER_REGISTER,https://pubmed.ncbi.nlm.nih.gov/19606689/,2026-09-30
19623833,Effects of Reiki on pain and anxiety in the elderly diagnosed with dementia: a series of case reports.,,,Case Reports;Journal Article,False,[],REIKI,False,ELIGIBILITY_SCREENING_PENDING,https://pubmed.ncbi.nlm.nih.gov/19623833/,2026-09-30
19642480,[Assessment strategies of the impact of healing touch in nursing care].,,,English Abstract;Journal Article,True,[],HEALING_TOUCH,True,SEE_EARLIER_REGISTER,https://pubmed.ncbi.nlm.nih.gov/19642480/,2026-09-30
19657203,The effect of therapeutic touch on behavioral symptoms and cortisol in persons with dementia.,10.1159/000220479,,"Journal Article;Multicenter Study;Randomized Controlled Trial;Research Support, Non-U.S. Gov't",True,[],THERAPEUTIC_TOUCH,False,ELIGIBILITY_SCREENING_PENDING,https://pubmed.ncbi.nlm.nih.gov/19657203/,2026-09-30
19678772,An HMO-based prospective pilot study of energy medicine for chronic headaches: whole-person outcomes point to the need for new instrumentation.,10.1089/acm.2008.0592,PMC3191377,"Clinical Trial;Journal Article;Research Support, N.I.H., Extramural",True,[],HEALING_TOUCH,False,ELIGIBILITY_SCREENING_PENDING,https://pubmed.ncbi.nlm.nih.gov/19678772/,2026-09-30
19735313,Radiofrequency ablation for renal tumors: our experience.,10.1111/j.1442-2042.2009.02378.x,,Journal Article,True,[],RADIONICS,False,ELIGIBILITY_SCREENING_PENDING,https://pubmed.ncbi.nlm.nih.gov/19735313/,2026-09-30
19752637,A spiritually based caregiver intervention with telephone delivery for family caregivers of veterans with dementia.,10.1097/FCH.0b013e3181b91fd6,,"Journal Article;Research Support, U.S. Gov't, Non-P.H.S.",True,[],MANTRA_PRACTICES,False,ELIGIBILITY_SCREENING_PENDING,https://pubmed.ncbi.nlm.nih.gov/19752637/,2026-09-30
19819311,A randomised controlled single-blind trial of the effects of Reiki and positive imagery on well-being and salivary cortisol.,10.1016/j.brainresbull.2009.10.002,,Journal Article;Randomized Controlled Trial,True,[],REIKI,False,ELIGIBILITY_SCREENING_PENDING,https://pubmed.ncbi.nlm.nih.gov/19819311/,2026-09-30
19856109,Biofield therapies: helpful or full of hype? A best evidence synthesis.,10.1007/s12529-009-9062-4,PMC2816237,Journal Article;Systematic Review,True,"[{""type"": ""ErratumIn"", ""pmid"": null}]",REIKI;THERAPEUTIC_TOUCH;HEALING_TOUCH,False,ELIGIBILITY_SCREENING_PENDING,https://pubmed.ncbi.nlm.nih.gov/19856109/,2026-09-30
19922247,A systematic review of the therapeutic effects of Reiki.,10.1089/acm.2009.0036,,Journal Article;Systematic Review,True,[],REIKI,True,SEE_EARLIER_REGISTER,https://pubmed.ncbi.nlm.nih.gov/19922247/,2026-09-30
20009019,Reflection of a 7-year patient care program: implementing and sustaining an integrative hospital program.,10.1177/0898010109339526,,Journal Article,True,[],REIKI;HEALING_TOUCH,False,ELIGIBILITY_SCREENING_PENDING,https://pubmed.ncbi.nlm.nih.gov/20009019/,2026-09-30
20020296,Fusion technique for liver transection with Kelly-clysis and harmonic technology.,10.1007/s00268-009-0282-1,,Journal Article,True,[],RADIONICS,False,ELIGIBILITY_SCREENING_PENDING,https://pubmed.ncbi.nlm.nih.gov/20020296/,2026-09-30
20037342,[Radio-frequency ablation (RFA) for post-chemotherapeutic metastatic germ cell tumors as minimally invasive salvage therapy].,,,English Abstract;Journal Article,True,[],RADIONICS,False,ELIGIBILITY_SCREENING_PENDING,https://pubmed.ncbi.nlm.nih.gov/20037342/,2026-09-30
20037425,[A case of hemobilia developing after radiofrequency ablation (RFA) for hepatocellular carcinoma].,,,Case Reports;English Abstract;Journal Article,True,[],RADIONICS,False,ELIGIBILITY_SCREENING_PENDING,https://pubmed.ncbi.nlm.nih.gov/20037425/,2026-09-30
20092137,Reiki: the energy doula.,,,Journal Article,False,[],REIKI,False,ELIGIBILITY_SCREENING_PENDING,https://pubmed.ncbi.nlm.nih.gov/20092137/,2026-09-30
20110687,External Qi of Yan Xin Qigong Induces apoptosis and inhibits migration and invasion of estrogen-independent breast cancer cells through suppression of Akt/NF-kB signaling.,10.1159/000276560,,"Journal Article;Research Support, Non-U.S. Gov't",True,[],EXTERNAL_QIGONG,False,ELIGIBILITY_SCREENING_PENDING,https://pubmed.ncbi.nlm.nih.gov/20110687/,2026-09-30
20145447,Endoscopic procedure with a modified Reiki intervention: a pilot study.,10.1097/SGA.0b013e3181ca03b9,,Journal Article;Randomized Controlled Trial,True,[],REIKI,False,ELIGIBILITY_SCREENING_PENDING,https://pubmed.ncbi.nlm.nih.gov/20145447/,2026-09-30
20179472,Breast reduction with a superomedial pedicle and a vertical scar (Hall-Findlay's technique): experience with 210 consecutive patients.,10.1097/SAP.0b013e3181b0a611,,Journal Article,True,[],SOUND_HEALING,True,SEE_EARLIER_REGISTER,https://pubmed.ncbi.nlm.nih.gov/20179472/,2026-09-30
20186018,Energy healing and pain: a review of the literature.,10.1097/HNP.0b013e3181d39718,,Journal Article;Review,True,[],REIKI;THERAPEUTIC_TOUCH;HEALING_TOUCH,False,ELIGIBILITY_SCREENING_PENDING,https://pubmed.ncbi.nlm.nih.gov/20186018/,2026-09-30
20189724,"Multifunctional Merkel cells: their roles in electromagnetic reception, finger-print formation, Reiki, epigenetic inheritance and hair form.",10.1016/j.mehy.2010.02.011,,Journal Article;Review,True,"[{""type"": ""CommentIn"", ""pmid"": ""20400231""}]",REIKI;THERAPEUTIC_TOUCH,False,ELIGIBILITY_SCREENING_PENDING,https://pubmed.ncbi.nlm.nih.gov/20189724/,2026-09-30
20317109,Christian Science and the Doctor.,,PMC1710105,Journal Article,False,[],CHRISTIAN_SCIENCE_HEALING,False,ELIGIBILITY_SCREENING_PENDING,https://pubmed.ncbi.nlm.nih.gov/20317109/,2026-09-30
20346014,The impact of a regular erythrocytapheresis programme on the acute and chronic complications of sickle cell disease in adults.,10.1111/j.1365-2141.2010.08150.x,,Evaluation Study;Journal Article,True,"[{""type"": ""CommentIn"", ""pmid"": ""21517812""}]",,True,SEE_EARLIER_REGISTER,https://pubmed.ncbi.nlm.nih.gov/20346014/,2026-09-30
20355265,Factors that influence practitioners' interpretations of evidence from alternative medicine trials: a factorial vignette experiment embedded in a national survey.,10.1097/mlr.0b013e3181ca3ee2,PMC2962778,"Journal Article;Research Support, N.I.H., Extramural",True,[],REIKI,False,ELIGIBILITY_SCREENING_PENDING,https://pubmed.ncbi.nlm.nih.gov/20355265/,2026-09-30
20404620,"Knowledge, attitudes, and use of complementary and alternative therapies among clinical nurse specialists in an academic medical center.",10.1097/NUR.0b013e3181d86cd1,,Journal Article,True,[],HEALING_TOUCH,False,ELIGIBILITY_SCREENING_PENDING,https://pubmed.ncbi.nlm.nih.gov/20404620/,2026-09-30
20495256,Ethics of responsibility in a multicultural context.,10.1353/pbm.0.0150,,Case Reports;Journal Article,True,[],CHRISTIAN_SCIENCE_HEALING,False,ELIGIBILITY_SCREENING_PENDING,https://pubmed.ncbi.nlm.nih.gov/20495256/,2026-09-30
20556767,Meditation therapies for attention-deficit/hyperactivity disorder (ADHD).,10.1002/14651858.CD006507.pub2,PMC6823216,Journal Article;Meta-Analysis;Systematic Review,True,"[{""type"": ""UpdateOf"", ""pmid"": null}]",MANTRA_PRACTICES,False,ELIGIBILITY_SCREENING_PENDING,https://pubmed.ncbi.nlm.nih.gov/20556767/,2026-09-30
20583411,Recurrence incidence of small HCC in cirrhosis patients by ablation versus injection.,,,Comparative Study;Journal Article,True,[],RADIONICS,False,ELIGIBILITY_SCREENING_PENDING,https://pubmed.ncbi.nlm.nih.gov/20583411/,2026-09-30
20585101,The effect of therapeutic touch on postoperative patients.,10.1177/0898010110368861,,"Journal Article;Research Support, N.I.H., Extramural;Research Support, Non-U.S. Gov't",True,[],THERAPEUTIC_TOUCH,False,ELIGIBILITY_SCREENING_PENDING,https://pubmed.ncbi.nlm.nih.gov/20585101/,2026-09-30
20585102,A study of the feasibility of introducing therapeutic touch into the operative environment with patients undergoing cerebral angiography.,10.1177/0898010110369173,,Journal Article;Randomized Controlled Trial,True,[],THERAPEUTIC_TOUCH,False,ELIGIBILITY_SCREENING_PENDING,https://pubmed.ncbi.nlm.nih.gov/20585102/,2026-09-30
20600809,Preservation of immune function in cervical cancer patients during chemoradiation using a novel integrative approach.,10.1016/j.bbi.2010.06.014,PMC3010350,"Journal Article;Randomized Controlled Trial;Research Support, N.I.H., Extramural",True,"[{""type"": ""CommentIn"", ""pmid"": ""20656011""}]",HEALING_TOUCH,True,SEE_EARLIER_REGISTER,https://pubmed.ncbi.nlm.nih.gov/20600809/,2026-09-30
20618097,Using enzyme folding to explore the mechanism of therapeutic touch: a feasibility study.,10.1089/acm.2009.0474,,Evaluation Study;Journal Article,True,[],THERAPEUTIC_TOUCH,False,ELIGIBILITY_SCREENING_PENDING,https://pubmed.ncbi.nlm.nih.gov/20618097/,2026-09-30
20621272,Emerging from depression: the experiential process of Healing Touch explored through grounded theory and case study.,10.1016/j.ctcp.2009.11.001,,Journal Article,True,[],HEALING_TOUCH,False,ELIGIBILITY_SCREENING_PENDING,https://pubmed.ncbi.nlm.nih.gov/20621272/,2026-09-30
20624103,Improving the well-being of nursing leaders through healing touch training.,10.1089/acm.2009.0558,,"Journal Article;Research Support, Non-U.S. Gov't",True,[],HEALING_TOUCH,False,ELIGIBILITY_SCREENING_PENDING,https://pubmed.ncbi.nlm.nih.gov/20624103/,2026-09-30
20626055,External qigong for chronic pain.,10.1142/S0192415X10008160,,Journal Article;Randomized Controlled Trial,True,[],EXTERNAL_QIGONG,True,SEE_EARLIER_REGISTER,https://pubmed.ncbi.nlm.nih.gov/20626055/,2026-09-30
20630360,The use of complementary and alternative medicines among a sample of Canadian menopausal-aged women.,10.1016/j.jmwh.2009.10.015,,"Journal Article;Research Support, Non-U.S. Gov't",True,[],REIKI;THERAPEUTIC_TOUCH,False,ELIGIBILITY_SCREENING_PENDING,https://pubmed.ncbi.nlm.nih.gov/20630360/,2026-09-30
20635803,"Effects of Reiki on anxiety, depression, pain, and physiological factors in community-dwelling older adults.",10.3928/19404921-20100601-01,,"Journal Article;Randomized Controlled Trial;Research Support, Non-U.S. Gov't",True,[],REIKI,False,ELIGIBILITY_SCREENING_PENDING,https://pubmed.ncbi.nlm.nih.gov/20635803/,2026-09-30
20640288,[Use of complementary therapies by mothers in their children: study at an university hospital].,10.1590/s1413-81232010000700038,,Journal Article,True,[],REIKI,False,ELIGIBILITY_SCREENING_PENDING,https://pubmed.ncbi.nlm.nih.gov/20640288/,2026-09-30
20664124,"Reiki for mind, body, and spirit support of cancer patients.",,,Journal Article,False,[],REIKI,False,ELIGIBILITY_SCREENING_PENDING,https://pubmed.ncbi.nlm.nih.gov/20664124/,2026-09-30
20679749,[Resistance of the main bronchial stump to pressure after manual suture].,,,Comparative Study;English Abstract;Journal Article,True,[],SOUND_HEALING,True,SEE_EARLIER_REGISTER,https://pubmed.ncbi.nlm.nih.gov/20679749/,2026-09-30
20699431,The effect of Reiki on work-related stress of the registered nurse.,10.1177/0898010110377294,,"Journal Article;Research Support, Non-U.S. Gov't",True,[],REIKI,False,ELIGIBILITY_SCREENING_PENDING,https://pubmed.ncbi.nlm.nih.gov/20699431/,2026-09-30
20706088,The Touchstone Process: an ongoing critical evaluation of reiki in the scientific literature.,10.1097/HNP.0b013e3181f1adef,,Evaluation Study;Journal Article,True,[],REIKI,False,ELIGIBILITY_SCREENING_PENDING,https://pubmed.ncbi.nlm.nih.gov/20706088/,2026-09-30
20712393,Relationship between quality improvement processes and clinical performance.,,,"Journal Article;Research Support, Non-U.S. Gov't",True,[],EXTERNAL_QIGONG,False,ELIGIBILITY_SCREENING_PENDING,https://pubmed.ncbi.nlm.nih.gov/20712393/,2026-09-30
20733345,The development and validation of an outcome measure for spiritual healing: a mixed methods study.,10.1159/000320120,,"Journal Article;Research Support, Non-U.S. Gov't;Validation Study",True,[],REIKI;SOUND_HEALING,False,ELIGIBILITY_SCREENING_PENDING,https://pubmed.ncbi.nlm.nih.gov/20733345/,2026-09-30
20758147,Christian Science: What it is.,,PMC2434631,Journal Article,False,[],CHRISTIAN_SCIENCE_HEALING,False,ELIGIBILITY_SCREENING_PENDING,https://pubmed.ncbi.nlm.nih.gov/20758147/,2026-09-30
20760141,A VERDICT ON CHRISTIAN SCIENCE.,,PMC2511562,Journal Article,False,[],CHRISTIAN_SCIENCE_HEALING,False,ELIGIBILITY_SCREENING_PENDING,https://pubmed.ncbi.nlm.nih.gov/20760141/,2026-09-30
20803609,Effects of complementary therapies on clinical outcomes in patients being treated with radiation therapy for prostate cancer.,10.1002/cncr.25291,,"Journal Article;Randomized Controlled Trial;Research Support, Non-U.S. Gov't",True,[],REIKI,False,ELIGIBILITY_SCREENING_PENDING,https://pubmed.ncbi.nlm.nih.gov/20803609/,2026-09-30
20813333,Use of complementary and alternative medicine for treatment among African-Americans: a multivariate analysis.,10.1016/j.sapharm.2009.08.001,PMC2933406,"Journal Article;Research Support, N.I.H., Extramural",True,[],REIKI,False,ELIGIBILITY_SCREENING_PENDING,https://pubmed.ncbi.nlm.nih.gov/20813333/,2026-09-30
20828654,Effects of Reiki on autonomic activity early after acute coronary syndrome.,10.1016/j.jacc.2010.03.082,,Letter;Randomized Controlled Trial,False,[],REIKI,False,ELIGIBILITY_SCREENING_PENDING,https://pubmed.ncbi.nlm.nih.gov/20828654/,2026-09-30
20832764,"Johrei, a Japanese healing technique, enhances the growth of sucrose crystals.",10.1016/j.explore.2010.06.003,,Journal Article,True,[],JOHREI,False,ELIGIBILITY_SCREENING_PENDING,https://pubmed.ncbi.nlm.nih.gov/20832764/,2026-09-30
20920808,The integration of healing into conventional cancer care in the UK.,10.1016/j.ctcp.2010.03.001,,"Journal Article;Research Support, Non-U.S. Gov't",True,[],REIKI;THERAPEUTIC_TOUCH;HEALING_TOUCH,False,ELIGIBILITY_SCREENING_PENDING,https://pubmed.ncbi.nlm.nih.gov/20920808/,2026-09-30
20923076,Self-awareness training associated with personality traits and sex: a pilot study.,10.2466/02.09.PR0.107.4.318-320,,Journal Article,True,[],REIKI,False,ELIGIBILITY_SCREENING_PENDING,https://pubmed.ncbi.nlm.nih.gov/20923076/,2026-09-30
20942309,[Energy training and therapeutic touch].,,,Case Reports;Journal Article,False,[],THERAPEUTIC_TOUCH,False,ELIGIBILITY_SCREENING_PENDING,https://pubmed.ncbi.nlm.nih.gov/20942309/,2026-09-30
20973269,Pamela Miles: Reiki vibrational healing. Interview by Bonnie Horrigan.,,,Interview,False,"[{""type"": ""ReprintOf"", ""pmid"": ""12868256""}]",REIKI,False,ELIGIBILITY_SCREENING_PENDING,https://pubmed.ncbi.nlm.nih.gov/20973269/,2026-09-30
20974063,Satisfaction and use of a spiritually based mantram intervention for childbirth-related fears in couples.,10.1016/j.apnr.2009.06.002,,Journal Article,True,[],MANTRA_PRACTICES,False,ELIGIBILITY_SCREENING_PENDING,https://pubmed.ncbi.nlm.nih.gov/20974063/,2026-09-30
21035991,"Medial meniscus root tear refixation: comparison of clinical, radiologic, and arthroscopic findings with medial meniscectomy.",10.1016/j.arthro.2010.08.005,,Comparative Study;Journal Article,True,[],SOUND_HEALING,True,SEE_EARLIER_REGISTER,https://pubmed.ncbi.nlm.nih.gov/21035991/,2026-09-30
21040886,Journey into healing: the transformative experience of shamanic healing on women with temporomandibular joint disorders.,10.1016/j.explore.2010.08.005,PMC13023138,"Clinical Trial, Phase I;Journal Article;Research Support, N.I.H., Extramural",True,[],,True,SEE_EARLIER_REGISTER,https://pubmed.ncbi.nlm.nih.gov/21040886/,2026-09-30
21106615,External qigong therapy for women with breast cancer prior to surgery.,10.1177/1534735410387424,,Clinical Trial;Journal Article,True,[],EXTERNAL_QIGONG,False,ELIGIBILITY_SCREENING_PENDING,https://pubmed.ncbi.nlm.nih.gov/21106615/,2026-09-30
21138386,Functional magnetic resonance imaging of hippocampal activation during silent mantra meditation.,10.1089/acm.2009.0706,,"Clinical Trial;Journal Article;Research Support, Non-U.S. Gov't",True,[],MANTRA_PRACTICES,False,ELIGIBILITY_SCREENING_PENDING,https://pubmed.ncbi.nlm.nih.gov/21138386/,2026-09-30
21140870,Reconnecting to nursing through Reiki.,10.1891/1078-4535.16.4.171,,Journal Article,True,[],REIKI,False,ELIGIBILITY_SCREENING_PENDING,https://pubmed.ncbi.nlm.nih.gov/21140870/,2026-09-30
21194672,New insights on therapeutic touch: a discussion of experimental methodology and design that resulted in significant effects on normal human cells and osteosarcoma.,10.1016/j.explore.2010.10.001,,"Journal Article;Research Support, N.I.H., Extramural",True,[],THERAPEUTIC_TOUCH,False,ELIGIBILITY_SCREENING_PENDING,https://pubmed.ncbi.nlm.nih.gov/21194672/,2026-09-30
21217914,Dosimetric comparison of linear accelerator-based stereotactic radiosurgery systems.,10.4103/0971-6203.31145,PMC3003883,Journal Article,True,[],RADIONICS,False,ELIGIBILITY_SCREENING_PENDING,https://pubmed.ncbi.nlm.nih.gov/21217914/,2026-09-30
21220082,Effectiveness of CAM therapy: understanding the evidence.,10.1016/j.rdc.2010.11.009,,Journal Article;Review,True,[],REIKI;THERAPEUTIC_TOUCH,False,ELIGIBILITY_SCREENING_PENDING,https://pubmed.ncbi.nlm.nih.gov/21220082/,2026-09-30
21228402,Effects of healing touch in clinical practice: a systematic review of randomized clinical trials.,10.1177/0898010110393353,,"Journal Article;Research Support, N.I.H., Extramural;Systematic Review",True,[],HEALING_TOUCH,True,SEE_EARLIER_REGISTER,https://pubmed.ncbi.nlm.nih.gov/21228402/,2026-09-30
21292347,Holistic approach to treatment of intractable central neuropathic itch.,10.1016/j.jaad.2010.02.023,,Case Reports;Journal Article,True,[],HEALING_TOUCH,False,ELIGIBILITY_SCREENING_PENDING,https://pubmed.ncbi.nlm.nih.gov/21292347/,2026-09-30
21337796,"[The effectiveness of therapeutic touch on pain, depression and sleep in patients with chronic pain: clinical trial].",10.1590/s0080-62342010000400035,,English Abstract;Journal Article;Randomized Controlled Trial,True,[],THERAPEUTIC_TOUCH,False,ELIGIBILITY_SCREENING_PENDING,https://pubmed.ncbi.nlm.nih.gov/21337796/,2026-09-30
21360035,Integrative oncology research in the Middle East: weaving traditional and complementary medicine in supportive care.,10.1007/s00520-011-1121-0,,Journal Article;Review,True,[],THERAPEUTIC_TOUCH,False,ELIGIBILITY_SCREENING_PENDING,https://pubmed.ncbi.nlm.nih.gov/21360035/,2026-09-30
21382958,Polarity Therapy for cancer-related fatigue in patients with breast cancer receiving radiation therapy: a randomized controlled pilot study.,10.1177/1534735410397044,PMC3085180,"Journal Article;Randomized Controlled Trial;Research Support, N.I.H., Extramural",True,[],POLARITY_THERAPY,True,SEE_EARLIER_REGISTER,https://pubmed.ncbi.nlm.nih.gov/21382958/,2026-09-30
21481259,"Nurses' experiences, expectations, and preferences for mind-body practices to reduce stress.",10.1186/1472-6882-11-26,PMC3084171,Journal Article,True,[],THERAPEUTIC_TOUCH,False,ELIGIBILITY_SCREENING_PENDING,https://pubmed.ncbi.nlm.nih.gov/21481259/,2026-09-30
21482920,"Evidence-based guideline: Treatment of painful diabetic neuropathy [RETIRED]: report of the American Academy of Neurology, the American Association of Neuromuscular and Electrodiagnostic Medicine, and the American Academy of Physical Medicine and Rehabilitation.",10.1212/WNL.0b013e3182166ebe,PMC3100130,Guideline;Journal Article;Systematic Review,True,"[{""type"": ""ErratumIn"", ""pmid"": null}, {""type"": ""CommentIn"", ""pmid"": ""22084355""}]",REIKI,False,ELIGIBILITY_SCREENING_PENDING,https://pubmed.ncbi.nlm.nih.gov/21482920/,2026-09-30
21484835,"Evidence-based guideline: treatment of painful diabetic neuropathy--report of the American Association of Neuromuscular and Electrodiagnostic Medicine, the American Academy of Neurology, and the American Academy of Physical Medicine & Rehabilitation.",10.1002/mus.22092,,"Journal Article;Practice Guideline;Research Support, N.I.H., Extramural;Research Support, U.S. Gov't, Non-P.H.S.",True,[],REIKI,False,ELIGIBILITY_SCREENING_PENDING,https://pubmed.ncbi.nlm.nih.gov/21484835/,2026-09-30
21497321,"Evidence-based guideline: Treatment of painful diabetic neuropathy: report of the American Academy of Neurology, the American Association of Neuromuscular and Electrodiagnostic Medicine, and the American Academy of Physical Medicine and Rehabilitation.",10.1016/j.pmrj.2011.03.008,,Journal Article;Systematic Review,True,[],REIKI,False,ELIGIBILITY_SCREENING_PENDING,https://pubmed.ncbi.nlm.nih.gov/21497321/,2026-09-30
21531671,Investigation of standard care versus sham Reiki placebo versus actual Reiki therapy to enhance comfort and well-being in a chemotherapy infusion center.,10.1188/11.ONF.E212-E220,,"Journal Article;Randomized Controlled Trial;Research Support, Non-U.S. Gov't",True,[],REIKI,False,ELIGIBILITY_SCREENING_PENDING,https://pubmed.ncbi.nlm.nih.gov/21531671/,2026-09-30
21543407,"The A to Z of the wellbeing industry: from Angelic Reiki to patient centred care. Wellbeing is big business, but how much of it works?",10.1136/bmj.d2711,,Journal Article,False,[],REIKI,True,SEE_EARLIER_REGISTER,https://pubmed.ncbi.nlm.nih.gov/21543407/,2026-09-30
21584234,A randomised controlled single-blind trial of the efficacy of reiki at benefitting mood and well-being.,10.1155/2011/381862,PMC3092553,Journal Article,True,[],REIKI,True,SEE_EARLIER_REGISTER,https://pubmed.ncbi.nlm.nih.gov/21584234/,2026-09-30
21589748,Effects of therapeutic touch on the vital signs of patients before coronary artery bypass graft surgery.,,PMC3093033,Journal Article,True,[],THERAPEUTIC_TOUCH,False,ELIGIBILITY_SCREENING_PENDING,https://pubmed.ncbi.nlm.nih.gov/21589748/,2026-09-30
21624872,Nursing's healing touch.,10.1188/11.CJON.337-338,,Case Reports;Journal Article,False,[],HEALING_TOUCH,False,ELIGIBILITY_SCREENING_PENDING,https://pubmed.ncbi.nlm.nih.gov/21624872/,2026-09-30
21670620,Reiki therapy: a nursing intervention for critical care.,10.1097/CNQ.0b013e31821c684d,,Journal Article,True,"[{""type"": ""CommentIn"", ""pmid"": ""21921709""}]",REIKI,False,ELIGIBILITY_SCREENING_PENDING,https://pubmed.ncbi.nlm.nih.gov/21670620/,2026-09-30
21681598,Medicine and spiritual healing within a region of Canada: preliminary findings concerning Christian Scientists' healthcare practices.,10.1007/s10943-011-9504-6,,Journal Article,True,[],CHRISTIAN_SCIENCE_HEALING,False,ELIGIBILITY_SCREENING_PENDING,https://pubmed.ncbi.nlm.nih.gov/21681598/,2026-09-30
21697661,Biofield therapies in cardiovascular disease management: a brief review.,10.1097/HNP.0b013e3182227185,,"Journal Article;Research Support, N.I.H., Extramural;Review",True,[],REIKI;THERAPEUTIC_TOUCH;HEALING_TOUCH,False,ELIGIBILITY_SCREENING_PENDING,https://pubmed.ncbi.nlm.nih.gov/21697661/,2026-09-30
21701183,Energy healing for cancer: a critical review.,10.1159/000329316,,"Journal Article;Research Support, Non-U.S. Gov't;Review",True,[],REIKI;THERAPEUTIC_TOUCH;HEALING_TOUCH,False,ELIGIBILITY_SCREENING_PENDING,https://pubmed.ncbi.nlm.nih.gov/21701183/,2026-09-30
21716708,"A randomized, controlled trial of meditation for work stress, anxiety and depressed mood in full-time workers.",10.1155/2011/960583,PMC3118731,Journal Article,True,[],SAHAJA_YOGA,True,SEE_EARLIER_REGISTER,https://pubmed.ncbi.nlm.nih.gov/21716708/,2026-09-30
21732134,"The First Church of Christ, Pragmatist: Christian Science and responsible optimism.",10.1007/s10943-011-9508-2,,Journal Article,True,[],CHRISTIAN_SCIENCE_HEALING,False,ELIGIBILITY_SCREENING_PENDING,https://pubmed.ncbi.nlm.nih.gov/21732134/,2026-09-30
21767688,It's good to know: how treatment knowledge and belief affect the outcome of distant healing intentionality for arthritis sufferers.,10.1016/j.jpsychores.2011.02.003,,"Journal Article;Randomized Controlled Trial;Research Support, Non-U.S. Gov't",True,"[{""type"": ""ErratumIn"", ""pmid"": null}]",DISTANCE_HEALING,False,ELIGIBILITY_SCREENING_PENDING,https://pubmed.ncbi.nlm.nih.gov/21767688/,2026-09-30
21805785,[The benefits of therapeutic touch in gynecology-oncology].,,,Journal Article,False,[],THERAPEUTIC_TOUCH,False,ELIGIBILITY_SCREENING_PENDING,https://pubmed.ncbi.nlm.nih.gov/21805785/,2026-09-30
21807424,Sahaja yoga: a unique adjunctive approach for the management of cardiac arrhythmias?,10.1016/j.ijcard.2011.07.004,,Letter,False,[],SAHAJA_YOGA,False,ELIGIBILITY_SCREENING_PENDING,https://pubmed.ncbi.nlm.nih.gov/21807424/,2026-09-30
21821642,"Immediate effects of reiki on heart rate variability, cortisol levels, and body temperature in health care professionals with burnout.",10.1177/1099800410389166,,Historical Article;Journal Article;Randomized Controlled Trial,True,[],REIKI,False,ELIGIBILITY_SCREENING_PENDING,https://pubmed.ncbi.nlm.nih.gov/21821642/,2026-09-30
21825093,Effect of Jin Shin Jyutsu energy medicine treatments on women diagnosed with breast cancer.,10.1177/0898010111412186,,Controlled Clinical Trial;Journal Article,True,[],JIN_SHIN_JYUTSU,True,SEE_EARLIER_REGISTER,https://pubmed.ncbi.nlm.nih.gov/21825093/,2026-09-30
21832926,"Introduction for ""Reiki at University Medical Center, Tucson, Arizona, a magnet hospital"": Mega R. Mease is interviewed by William Lee Rand.",10.1097/HNP.0b013e31822a8611,,Introductory Journal Article;Comment,True,"[{""type"": ""CommentOn"", ""pmid"": ""21832927""}]",REIKI,False,ELIGIBILITY_SCREENING_PENDING,https://pubmed.ncbi.nlm.nih.gov/21832926/,2026-09-30
21832927,"Reiki at University Medical Center, Tucson, Arizona, a magnet hospital: Mega R. Mease is interviewed by William Lee Rand.",10.1097/HNP.0b013e31822a0291,,Interview,False,"[{""type"": ""CommentIn"", ""pmid"": ""21832926""}]",REIKI,False,ELIGIBILITY_SCREENING_PENDING,https://pubmed.ncbi.nlm.nih.gov/21832927/,2026-09-30
21832928,Reiki and its journey into a hospital setting.,10.1097/HNP.0b013e31822a02ad,,Journal Article,True,[],REIKI,False,ELIGIBILITY_SCREENING_PENDING,https://pubmed.ncbi.nlm.nih.gov/21832928/,2026-09-30
21857444,Arthrodiastasis of the hip.,10.1097/BPO.0b013e318223b45a,,Journal Article,True,[],SOUND_HEALING,False,ELIGIBILITY_SCREENING_PENDING,https://pubmed.ncbi.nlm.nih.gov/21857444/,2026-09-30
21864886,"A prospective, randomized trial of integrative medicine for women with ovarian cancer.",10.1016/j.ygyno.2011.07.099,PMC3393038,Journal Article;Randomized Controlled Trial,True,[],HEALING_TOUCH,False,ELIGIBILITY_SCREENING_PENDING,https://pubmed.ncbi.nlm.nih.gov/21864886/,2026-09-30
21874605,Spiritual wellbeing mediates PTSD change in veterans with military-related PTSD.,10.1007/s12529-011-9186-1,,"Journal Article;Randomized Controlled Trial;Research Support, U.S. Gov't, Non-P.H.S.",True,"[{""type"": ""ErratumIn"", ""pmid"": null}]",MANTRA_PRACTICES,False,ELIGIBILITY_SCREENING_PENDING,https://pubmed.ncbi.nlm.nih.gov/21874605/,2026-09-30
21897457,Agnihotra in the treatment of alcoholism.,,PMC2988290,Journal Article,True,[],AGNIHOTRA,False,ELIGIBILITY_SCREENING_PENDING,https://pubmed.ncbi.nlm.nih.gov/21897457/,2026-09-30
21917562,Subjective concepts of chronically ill patients using distant healing.,10.1177/1049732311421914,,"Journal Article;Randomized Controlled Trial;Research Support, Non-U.S. Gov't",True,[],DISTANCE_HEALING,False,ELIGIBILITY_SCREENING_PENDING,https://pubmed.ncbi.nlm.nih.gov/21917562/,2026-09-30
21921709,“Reiki therapy: a nursing intervention for critical care”.,10.1097/CNQ.0b013e3182301ed4,,Letter;Comment,False,"[{""type"": ""CommentOn"", ""pmid"": ""21670620""}]",REIKI,False,ELIGIBILITY_SCREENING_PENDING,https://pubmed.ncbi.nlm.nih.gov/21921709/,2026-09-30
21927247,Agnihotra - a useful adjunct in recovery of a resistant demotivated smack addict.,,PMC3172482,Journal Article,True,[],AGNIHOTRA,False,ELIGIBILITY_SCREENING_PENDING,https://pubmed.ncbi.nlm.nih.gov/21927247/,2026-09-30
21951738,The use of healing touch in integrative oncology.,10.1188/11.CJON.519-525,PMC3907587,"Journal Article;Research Support, N.I.H., Extramural",True,[],HEALING_TOUCH,False,ELIGIBILITY_SCREENING_PENDING,https://pubmed.ncbi.nlm.nih.gov/21951738/,2026-09-30
21957657,Opting for Christian Science vs. surgical removal: a case report of a giant basal cell carcinoma arising on the back of a 66-year-old man.,,,Case Reports;Journal Article,True,[],CHRISTIAN_SCIENCE_HEALING,False,ELIGIBILITY_SCREENING_PENDING,https://pubmed.ncbi.nlm.nih.gov/21957657/,2026-09-30
21982120,Complementary and alternative medicine for patients with chronic fatigue syndrome: a systematic review.,10.1186/1472-6882-11-87,PMC3201900,"Journal Article;Research Support, Non-U.S. Gov't;Systematic Review",True,[],DISTANCE_HEALING,False,ELIGIBILITY_SCREENING_PENDING,https://pubmed.ncbi.nlm.nih.gov/21982120/,2026-09-30
21985801,Remote conditioning in clinical practice: a type of distant healing?,10.1159/000333013,,Journal Article,False,[],DISTANCE_HEALING,False,ELIGIBILITY_SCREENING_PENDING,https://pubmed.ncbi.nlm.nih.gov/21985801/,2026-09-30
21998438,The effects of Reiki therapy on pain and anxiety in patients attending a day oncology and infusion services unit.,10.1177/1049909111420859,,Journal Article,True,[],REIKI,False,ELIGIBILITY_SCREENING_PENDING,https://pubmed.ncbi.nlm.nih.gov/21998438/,2026-09-30
22005807,Healing touch: tips for successful hand hygiene.,10.1097/01.NURSE.0000406505.99319.b0,,Journal Article,False,[],HEALING_TOUCH,False,ELIGIBILITY_SCREENING_PENDING,https://pubmed.ncbi.nlm.nih.gov/22005807/,2026-09-30
22015342,"Managing osteoarthritis: comparisons of chair yoga, Reiki, and education (pilot study).",10.1097/HNP.0b013e318232c5f9,,"Journal Article;Randomized Controlled Trial;Research Support, Non-U.S. Gov't",True,[],REIKI,False,ELIGIBILITY_SCREENING_PENDING,https://pubmed.ncbi.nlm.nih.gov/22015342/,2026-09-30
22021729,The effect of distant reiki on pain in women after elective Caesarean section: a double-blinded randomised controlled trial.,10.1136/bmjopen-2010-000021,PMC3191394,Journal Article,True,[],REIKI,False,ELIGIBILITY_SCREENING_PENDING,https://pubmed.ncbi.nlm.nih.gov/22021729/,2026-09-30
22030577,The application of Reiki in nurses diagnosed with Burnout Syndrome has beneficial effects on concentration of salivary IgA and blood pressure.,10.1590/s0104-11692011000500010,,Journal Article;Randomized Controlled Trial,True,[],REIKI,False,ELIGIBILITY_SCREENING_PENDING,https://pubmed.ncbi.nlm.nih.gov/22030577/,2026-09-30
22058669,Qualitative Assessment of the Impact of Implementing Reiki Training in a Supported Residence for People Older Than 50 Years with HIV/AIDS.,10.7812/TPP/10-152,PMC3200100,Journal Article,True,[],REIKI,False,ELIGIBILITY_SCREENING_PENDING,https://pubmed.ncbi.nlm.nih.gov/22058669/,2026-09-30
22112748,'Does religion cause health?': differing interpretations and diverse meanings.,10.1177/1359105302007004326,,Journal Article,True,[],DISTANCE_HEALING,False,ELIGIBILITY_SCREENING_PENDING,https://pubmed.ncbi.nlm.nih.gov/22112748/,2026-09-30
22132706,Benefits of Reiki therapy for a severely neutropenic patient with associated influences on a true random number generator.,10.1089/acm.2010.0238,PMC3239316,"Case Reports;Journal Article;Research Support, Non-U.S. Gov't",True,[],REIKI,True,SEE_EARLIER_REGISTER,https://pubmed.ncbi.nlm.nih.gov/22132706/,2026-09-30
22135451,"Prayer, randomized controlled trials and distance healing: A response to Dr. Jana.",10.4103/0019-5545.86824,PMC3221189,Journal Article,False,[],DISTANCE_HEALING,True,SEE_EARLIER_REGISTER,https://pubmed.ncbi.nlm.nih.gov/22135451/,2026-09-30
22136027,"[Application of ""regulating spirit and conducting qi"" therapy in treatment of psychological diseases].",,,"Case Reports;English Abstract;Journal Article;Research Support, Non-U.S. Gov't",True,[],EXTERNAL_QIGONG,False,ELIGIBILITY_SCREENING_PENDING,https://pubmed.ncbi.nlm.nih.gov/22136027/,2026-09-30
22160803,"External Qi of Yan Xin Qigong induces cell death and gene expression alterations promoting apoptosis and inhibiting proliferation, migration and glucose metabolism in small-cell lung cancer cells.",10.1007/s11010-011-1176-8,PMC3567610,"Journal Article;Research Support, N.I.H., Extramural;Research Support, Non-U.S. Gov't;Retracted Publication",True,"[{""type"": ""RetractionIn"", ""pmid"": ""39327376""}]",EXTERNAL_QIGONG,False,ELIGIBILITY_SCREENING_PENDING,https://pubmed.ncbi.nlm.nih.gov/22160803/,2026-09-30
22225313,Dosimetric performance and array assessment of plastic scintillation detectors for stereotactic radiosurgery quality assurance.,10.1118/1.3666765,,"Evaluation Study;Journal Article;Research Support, Non-U.S. Gov't",True,[],RADIONICS,False,ELIGIBILITY_SCREENING_PENDING,https://pubmed.ncbi.nlm.nih.gov/22225313/,2026-09-30
22266174,Reduced functional connectivity between cortical sources in five meditation traditions detected with lagged coherence using EEG tomography.,10.1016/j.neuroimage.2012.01.042,,"Journal Article;Research Support, Non-U.S. Gov't",True,[],SAHAJA_YOGA,False,ELIGIBILITY_SCREENING_PENDING,https://pubmed.ncbi.nlm.nih.gov/22266174/,2026-09-30
22268972,Living with HIV: responses to a mantram intervention using the critical incident research method.,10.1089/acm.2009.0489,PMC3264955,"Journal Article;Randomized Controlled Trial;Research Support, N.I.H., Extramural;Research Support, U.S. Gov't, Non-P.H.S.",True,[],MANTRA_PRACTICES,False,ELIGIBILITY_SCREENING_PENDING,https://pubmed.ncbi.nlm.nih.gov/22268972/,2026-09-30
22278643,Nursing intervention using healing touch in bilateral total knee arthroplasty.,10.1097/NOR.0b013e31824195fb,,"Journal Article;Randomized Controlled Trial;Research Support, Non-U.S. Gov't",True,[],HEALING_TOUCH,False,ELIGIBILITY_SCREENING_PENDING,https://pubmed.ncbi.nlm.nih.gov/22278643/,2026-09-30
22281310,Energy therapies in oncology nursing.,10.1016/j.soncn.2011.11.006,,Journal Article;Review,True,[],REIKI;THERAPEUTIC_TOUCH;HEALING_TOUCH,False,ELIGIBILITY_SCREENING_PENDING,https://pubmed.ncbi.nlm.nih.gov/22281310/,2026-09-30
22299555,LINAC based radiosurgery and radiotherapy for neurosurgical diseases: what have we learnt so far.,,,Journal Article,True,[],RADIONICS,False,ELIGIBILITY_SCREENING_PENDING,https://pubmed.ncbi.nlm.nih.gov/22299555/,2026-09-30
22365422,Dowsing can be interfered with by radio frequency radiation.,10.1016/j.pathophys.2012.01.004,,Journal Article,True,[],HEALING_DOWSING,True,SEE_EARLIER_REGISTER,https://pubmed.ncbi.nlm.nih.gov/22365422/,2026-09-30
22385045,Effect of a Japanese energy healing method known as Johrei on viability and proliferation of cultured cancer cells in vitro.,10.1089/acm.2011.0467,,Journal Article,True,"[{""type"": ""CommentIn"", ""pmid"": ""22385046""}]",JOHREI,True,SEE_EARLIER_REGISTER,https://pubmed.ncbi.nlm.nih.gov/22385045/,2026-09-30
22385046,Some implications of the reported effects of Johrei on the viability and proliferation of cultured cancer cells in vitro.,10.1089/acm.2012.0021,,Editorial;Comment,False,"[{""type"": ""CommentOn"", ""pmid"": ""22385045""}, {""type"": ""CommentIn"", ""pmid"": ""22924412""}]",JOHREI,True,SEE_EARLIER_REGISTER,https://pubmed.ncbi.nlm.nih.gov/22385046/,2026-09-30
22385565,Randomized expectancy-enhanced placebo-controlled trial of the impact of Quantum BioEnergetic distant healing and paranormal belief on mood disturbance: a pilot study.,10.1016/j.explore.2011.12.004,,Journal Article;Randomized Controlled Trial,True,[],DISTANCE_HEALING,False,ELIGIBILITY_SCREENING_PENDING,https://pubmed.ncbi.nlm.nih.gov/22385565/,2026-09-30
22388095,Commissioning of mini-multi-leaf-collimator (MMLC) for stereotactic radiosurgery and radiotherapy.,,,Journal Article,True,[],RADIONICS,False,ELIGIBILITY_SCREENING_PENDING,https://pubmed.ncbi.nlm.nih.gov/22388095/,2026-09-30
22429895,Role of the vein of Marshall in atrial fibrillation recurrences after catheter ablation: therapeutic effect of ethanol infusion.,10.1111/j.1540-8167.2011.02268.x,,"Journal Article;Research Support, N.I.H., Extramural;Research Support, Non-U.S. Gov't",True,[],,True,SEE_EARLIER_REGISTER,https://pubmed.ncbi.nlm.nih.gov/22429895/,2026-09-30
22432193,"[Differentiated approach for determination of the patients treatment tactics in focal affection of brain, using stereotaxic methods].",,,Journal Article,True,[],RADIONICS,False,ELIGIBILITY_SCREENING_PENDING,https://pubmed.ncbi.nlm.nih.gov/22432193/,2026-09-30
22500842,Availability of complementary and alternative medicine for people with cancer in the British National Health Service: results of a national survey.,10.1016/j.ctcp.2011.11.003,,Journal Article,True,[],REIKI,False,ELIGIBILITY_SCREENING_PENDING,https://pubmed.ncbi.nlm.nih.gov/22500842/,2026-09-30
22509710,[Therapeutic touch for demented patients with pain. Healing with the hands].,,,Journal Article,False,[],THERAPEUTIC_TOUCH,False,ELIGIBILITY_SCREENING_PENDING,https://pubmed.ncbi.nlm.nih.gov/22509710/,2026-09-30
22556605,An introduction to the mysticism of the sri chakra.,,PMC3336627,Journal Article,True,[],CHAKRA_AURA,False,ELIGIBILITY_SCREENING_PENDING,https://pubmed.ncbi.nlm.nih.gov/22556605/,2026-09-30
22556608,The sri chakra as a symbol of the human body.,,PMC3336567,Journal Article,True,[],CHAKRA_AURA,False,ELIGIBILITY_SCREENING_PENDING,https://pubmed.ncbi.nlm.nih.gov/22556608/,2026-09-30
22556648,Psychological aspects of the sri chakra.,,PMC3336512,Journal Article,True,[],CHAKRA_AURA,False,ELIGIBILITY_SCREENING_PENDING,https://pubmed.ncbi.nlm.nih.gov/22556648/,2026-09-30
22562939,An overview of integrative care options for patients with chronic wounds.,,,Journal Article;Review,True,[],THERAPEUTIC_TOUCH;HEALING_TOUCH,False,ELIGIBILITY_SCREENING_PENDING,https://pubmed.ncbi.nlm.nih.gov/22562939/,2026-09-30
22611427,Quality of life and functional health status of long-term meditators.,10.1155/2012/350674,PMC3352577,Journal Article,True,[],SAHAJA_YOGA,False,ELIGIBILITY_SCREENING_PENDING,https://pubmed.ncbi.nlm.nih.gov/22611427/,2026-09-30
22658441,"A prospective, multicenter study of complementary/alternative medicine (CAM) utilization during definitive radiation for breast cancer.",10.1016/j.ijrobp.2012.03.025,,"Journal Article;Multicenter Study;Research Support, Non-U.S. Gov't",True,[],REIKI,False,ELIGIBILITY_SCREENING_PENDING,https://pubmed.ncbi.nlm.nih.gov/22658441/,2026-09-30
22658764,Dosimetric comparison between two MLC systems commonly used for stereotactic radiosurgery and radiotherapy: a Monte Carlo and experimental study.,10.1016/j.ejmp.2012.05.001,,"Comparative Study;Journal Article;Research Support, Non-U.S. Gov't",True,[],RADIONICS,False,ELIGIBILITY_SCREENING_PENDING,https://pubmed.ncbi.nlm.nih.gov/22658764/,2026-09-30
22662519,The healing touch.,,,Journal Article,False,[],HEALING_TOUCH,False,ELIGIBILITY_SCREENING_PENDING,https://pubmed.ncbi.nlm.nih.gov/22662519/,2026-09-30
22694864,Healing touch for older adults with persistent pain.,10.1097/HNP.0b013e318258528d,,"Journal Article;Randomized Controlled Trial;Research Support, Non-U.S. Gov't",True,[],HEALING_TOUCH,False,ELIGIBILITY_SCREENING_PENDING,https://pubmed.ncbi.nlm.nih.gov/22694864/,2026-09-30
22696330,Therapeutic touch for healing acute wounds.,10.1002/14651858.CD002766.pub2,,"Journal Article;Meta-Analysis;Research Support, Non-U.S. Gov't;Systematic Review",True,"[{""type"": ""UpdateOf"", ""pmid"": ""14583953""}, {""type"": ""UpdateIn"", ""pmid"": ""25069726""}]",THERAPEUTIC_TOUCH,False,ELIGIBILITY_SCREENING_PENDING,https://pubmed.ncbi.nlm.nih.gov/22696330/,2026-09-30
22710258,The impact of healing touch on pediatric oncology patients.,10.1177/1534735412446864,,"Journal Article;Randomized Controlled Trial;Research Support, Non-U.S. Gov't",True,[],HEALING_TOUCH,False,ELIGIBILITY_SCREENING_PENDING,https://pubmed.ncbi.nlm.nih.gov/22710258/,2026-09-30
22713606,Using a healing touch intervention in older adults with persistent pain: a feasibility study.,10.1177/0898010112440884,,"Comparative Study;Journal Article;Research Support, Non-U.S. Gov't",True,[],HEALING_TOUCH,False,ELIGIBILITY_SCREENING_PENDING,https://pubmed.ncbi.nlm.nih.gov/22713606/,2026-09-30
22714237,Normal and diseased personal eye modeling using age-appropriate lens parameters.,10.1364/OE.20.012498,PMC3482916,"Journal Article;Research Support, N.I.H., Extramural;Research Support, Non-U.S. Gov't",True,[],BIOGEOMETRY,False,ELIGIBILITY_SCREENING_PENDING,https://pubmed.ncbi.nlm.nih.gov/22714237/,2026-09-30
22742672,Distant healing of surgical wounds: an exploratory study.,10.1016/j.explore.2012.04.004,PMC3387388,"Journal Article;Randomized Controlled Trial;Research Support, N.I.H., Extramural;Research Support, Non-U.S. Gov't",True,[],DISTANCE_HEALING,False,ELIGIBILITY_SCREENING_PENDING,https://pubmed.ncbi.nlm.nih.gov/22742672/,2026-09-30
22742674,"Comparing individual preferences for four meditation techniques: Zen, Vipassana (Mindfulness), Qigong, and Mantra.",10.1016/j.explore.2012.04.003,,Clinical Trial;Comparative Study;Journal Article,True,[],MANTRA_PRACTICES,False,ELIGIBILITY_SCREENING_PENDING,https://pubmed.ncbi.nlm.nih.gov/22742674/,2026-09-30
22745613,Long-term outcomes of shamanic treatment for temporomandibular joint disorders.,10.7812/tpp/12-004,PMC3383158,"Clinical Trial, Phase I;Journal Article;Research Support, N.I.H., Extramural",True,[],,True,SEE_EARLIER_REGISTER,https://pubmed.ncbi.nlm.nih.gov/22745613/,2026-09-30
22757968,A pilot study of Qigong for reducing cocaine craving early in recovery.,10.1089/acm.2012.0052,PMC3576894,"Journal Article;Randomized Controlled Trial;Research Support, N.I.H., Extramural",True,[],EXTERNAL_QIGONG,False,ELIGIBILITY_SCREENING_PENDING,https://pubmed.ncbi.nlm.nih.gov/22757968/,2026-09-30
22760464,"[Complementary and alternative therapies for fibromyalgia syndrome. Systematic review, meta-analysis and guideline].",10.1007/s00482-012-1178-9,,Consensus Statement;Journal Article;Meta-Analysis;Practice Guideline;Systematic Review,True,[],REIKI,False,ELIGIBILITY_SCREENING_PENDING,https://pubmed.ncbi.nlm.nih.gov/22760464/,2026-09-30
22765216,"Discipline, desire, and transgression in physiotherapy practice.",10.3109/09593985.2012.676940,,Journal Article;Review,True,[],THERAPEUTIC_TOUCH,False,ELIGIBILITY_SCREENING_PENDING,https://pubmed.ncbi.nlm.nih.gov/22765216/,2026-09-30
22784339,Can we help just by good intentions? A meta-analysis of experiments on distant intention effects.,10.1089/acm.2011.0321,,"Journal Article;Meta-Analysis;Research Support, Non-U.S. Gov't;Review",True,"[{""type"": ""CommentIn"", ""pmid"": ""22784337""}]",DISTANCE_HEALING,False,ELIGIBILITY_SCREENING_PENDING,https://pubmed.ncbi.nlm.nih.gov/22784339/,2026-09-30
22784346,"Effect of Sahaja yoga meditation on quality of life, anxiety, and blood pressure control.",10.1089/acm.2011.0038,,"Controlled Clinical Trial;Journal Article;Research Support, Non-U.S. Gov't",True,[],SAHAJA_YOGA,True,SEE_EARLIER_REGISTER,https://pubmed.ncbi.nlm.nih.gov/22784346/,2026-09-30
22792482,Gentle Human Touch and Yakson: The Effect on Preterm's Behavioral Reactions.,10.5402/2012/750363,PMC3389696,Journal Article,True,[],THERAPEUTIC_TOUCH,False,ELIGIBILITY_SCREENING_PENDING,https://pubmed.ncbi.nlm.nih.gov/22792482/,2026-09-30
22820486,Effect of therapeutic touch on brain activation of preterm infants in response to sensory punctate stimulus: a near-infrared spectroscopy-based study.,10.1136/archdischild-2011-301469,,Journal Article,True,[],THERAPEUTIC_TOUCH,False,ELIGIBILITY_SCREENING_PENDING,https://pubmed.ncbi.nlm.nih.gov/22820486/,2026-09-30
22828950,"Effects of therapeutic touch on anxiety, vital signs, and cardiac dysrhythmia in a sample of Iranian women undergoing cardiac catheterization: a quasi-experimental study.",10.1177/0898010112453325,,Comparative Study;Journal Article,True,[],THERAPEUTIC_TOUCH,False,ELIGIBILITY_SCREENING_PENDING,https://pubmed.ncbi.nlm.nih.gov/22828950/,2026-09-30
22863644,Physiological changes in energy healers during self-practice.,10.1016/j.ctim.2012.05.005,,"Controlled Clinical Trial;Journal Article;Research Support, Non-U.S. Gov't",True,[],REIKI,True,SEE_EARLIER_REGISTER,https://pubmed.ncbi.nlm.nih.gov/22863644/,2026-09-30
22924412,Comment on Some implications of the reported effects of Johrei on the viability and proliferation of cultured cancer cells in vitro.,10.1089/acm.2012.0385,,Letter;Comment,False,"[{""type"": ""ErratumIn"", ""pmid"": null}, {""type"": ""CommentOn"", ""pmid"": ""22385046""}]",JOHREI,False,ELIGIBILITY_SCREENING_PENDING,https://pubmed.ncbi.nlm.nih.gov/22924412/,2026-09-30
22995597,The implementation and evaluation of therapeutic touch in burn patients: an instructive experience of conducting a scientific study within a non-academic nursing setting.,10.1016/j.pec.2012.08.012,,"Journal Article;Randomized Controlled Trial;Research Support, Non-U.S. Gov't",True,[],THERAPEUTIC_TOUCH,False,ELIGIBILITY_SCREENING_PENDING,https://pubmed.ncbi.nlm.nih.gov/22995597/,2026-09-30
23018166,Reiki as a pain management adjunct in screening colonoscopy.,10.1097/SGA.0b013e3182603436,,Controlled Clinical Trial;Journal Article,True,[],REIKI,False,ELIGIBILITY_SCREENING_PENDING,https://pubmed.ncbi.nlm.nih.gov/23018166/,2026-09-30
23025129,Healing Touch with Guided Imagery for PTSD in returning active duty military: a randomized controlled trial.,10.7205/milmed-d-11-00290,,"Clinical Trial, Phase II;Comparative Study;Journal Article;Randomized Controlled Trial;Research Support, Non-U.S. Gov't",True,[],HEALING_TOUCH,True,SEE_EARLIER_REGISTER,https://pubmed.ncbi.nlm.nih.gov/23025129/,2026-09-30
23040157,Psychological effects of stillbirth.,10.1016/j.siny.2012.09.001,,Journal Article,True,[],THERAPEUTIC_TOUCH,False,ELIGIBILITY_SCREENING_PENDING,https://pubmed.ncbi.nlm.nih.gov/23040157/,2026-09-30
23057219,"[Primary meaning and pathology of the ""Jue"": significance of the clinical case of the Guo prince treated by Bianque].",10.3937/kampomed.63.15,,English Abstract;Historical Article;Journal Article,True,[],EXTERNAL_QIGONG,False,ELIGIBILITY_SCREENING_PENDING,https://pubmed.ncbi.nlm.nih.gov/23057219/,2026-09-30
23086004,Complementary and alternative medicine in the treatment of refugees and survivors of torture: a review and proposal for action.,,,Journal Article;Review,True,[],REIKI,False,ELIGIBILITY_SCREENING_PENDING,https://pubmed.ncbi.nlm.nih.gov/23086004/,2026-09-30
23141792,Energy therapies: focus on spirituality.,10.1016/j.explore.2012.08.004,,Journal Article,True,[],HEALING_TOUCH,False,ELIGIBILITY_SCREENING_PENDING,https://pubmed.ncbi.nlm.nih.gov/23141792/,2026-09-30
23155905,A reappraisal of herbal medicinal products.,,,Journal Article,True,[],REIKI,False,ELIGIBILITY_SCREENING_PENDING,https://pubmed.ncbi.nlm.nih.gov/23155905/,2026-09-30
23165942,Infrasound sensitizes human glioblastoma cells to cisplatin-induced apoptosis.,10.1177/1534735412465641,,"Journal Article;Research Support, N.I.H., Extramural",True,[],EXTERNAL_QIGONG,False,ELIGIBILITY_SCREENING_PENDING,https://pubmed.ncbi.nlm.nih.gov/23165942/,2026-09-30
23182602,Using a mixed methods research design to investigate complementary alternative medicine (CAM) use among women with breast cancer in Ireland.,10.1016/j.ejon.2012.10.008,,"Journal Article;Research Support, Non-U.S. Gov't",True,[],REIKI,False,ELIGIBILITY_SCREENING_PENDING,https://pubmed.ncbi.nlm.nih.gov/23182602/,2026-09-30
23210468,Practicing Reiki does not appear to routinely produce high-intensity electromagnetic fields from the heart or hands of Reiki practitioners.,10.1089/acm.2012.0136,,"Journal Article;Research Support, Non-U.S. Gov't",True,[],REIKI,False,ELIGIBILITY_SCREENING_PENDING,https://pubmed.ncbi.nlm.nih.gov/23210468/,2026-09-30
23211384,An integral nursing education experience: outcomes from a BSN Reiki course.,10.1097/HNP.0b013e318276fdc4,,Journal Article,True,[],REIKI,False,ELIGIBILITY_SCREENING_PENDING,https://pubmed.ncbi.nlm.nih.gov/23211384/,2026-09-30
23211388,Teaching culturally appropriate therapeutic touch to nursing students in the Sultanate of Oman: reflections on observations and experiences with Muslim patients.,10.1097/HNP.0b013e318276fccf,,Journal Article,True,[],THERAPEUTIC_TOUCH,False,ELIGIBILITY_SCREENING_PENDING,https://pubmed.ncbi.nlm.nih.gov/23211388/,2026-09-30
23221065,Symptomatic improvement reported after receiving Reiki at a cancer infusion center.,10.1177/1049909112469275,,Journal Article,True,[],REIKI,False,ELIGIBILITY_SCREENING_PENDING,https://pubmed.ncbi.nlm.nih.gov/23221065/,2026-09-30
23267914,[Radiofrequency ablation therapy combined with hepatectomy for liver metastasis of colorectal cancer].,,,English Abstract;Journal Article,True,[],RADIONICS,False,ELIGIBILITY_SCREENING_PENDING,https://pubmed.ncbi.nlm.nih.gov/23267914/,2026-09-30
23283589,Endocrine and visual function after fractionated stereotactic radiotherapy of perioptic tumors.,10.1007/s00066-012-0269-y,,Clinical Trial;Journal Article,True,[],RADIONICS,True,SEE_EARLIER_REGISTER,https://pubmed.ncbi.nlm.nih.gov/23283589/,2026-09-30
23294820,Qualitative and quantitative evaluation of a pilot integrative coping and resiliency program for healthcare professionals.,10.1016/j.explore.2012.10.002,,Clinical Trial;Journal Article,True,[],REIKI,False,ELIGIBILITY_SCREENING_PENDING,https://pubmed.ncbi.nlm.nih.gov/23294820/,2026-09-30
23323597,Effects of long-term dharma-chan meditation on cardiorespiratory synchronization and heart rate variability behavior.,10.1089/rej.2012.1363,PMC3634153,"Clinical Trial;Journal Article;Research Support, Non-U.S. Gov't",True,[],CHAKRA_AURA,False,ELIGIBILITY_SCREENING_PENDING,https://pubmed.ncbi.nlm.nih.gov/23323597/,2026-09-30
23337563,Complementary and alternative medicine use among Mauritian women.,10.1016/j.ctcp.2012.07.002,,"Journal Article;Research Support, Non-U.S. Gov't",True,[],REIKI,False,ELIGIBILITY_SCREENING_PENDING,https://pubmed.ncbi.nlm.nih.gov/23337563/,2026-09-30
23337565,Reiki training for caregivers of hospitalized pediatric patients: a pilot program.,10.1016/j.ctcp.2012.08.001,PMC3712613,"Evaluation Study;Journal Article;Research Support, N.I.H., Extramural;Research Support, Non-U.S. Gov't",True,[],REIKI,False,ELIGIBILITY_SCREENING_PENDING,https://pubmed.ncbi.nlm.nih.gov/23337565/,2026-09-30
23363659,"External Qi of Yan Xin Qigong inhibits activation of Akt, Erk1/2 and NF-ĸB and induces cell cycle arrest and apoptosis in colorectal cancer cells.",10.1159/000343354,,"Journal Article;Research Support, Non-U.S. Gov't",True,[],EXTERNAL_QIGONG,False,ELIGIBILITY_SCREENING_PENDING,https://pubmed.ncbi.nlm.nih.gov/23363659/,2026-09-30
23431919,The healing touch.,,,Editorial,False,"[{""type"": ""CommentIn"", ""pmid"": ""24902330""}]",HEALING_TOUCH,False,ELIGIBILITY_SCREENING_PENDING,https://pubmed.ncbi.nlm.nih.gov/23431919/,2026-09-30
23452712,Effect of Johrei therapy on sleep in a murine model.,10.1016/j.explore.2012.12.004,,"Journal Article;Research Support, Non-U.S. Gov't",True,[],JOHREI,True,SEE_EARLIER_REGISTER,https://pubmed.ncbi.nlm.nih.gov/23452712/,2026-09-30
23489944,The role of adenosine following pulmonary vein isolation in patients undergoing catheter ablation for atrial fibrillation: a systematic review.,10.1111/jce.12121,,"Journal Article;Research Support, Non-U.S. Gov't;Systematic Review",True,[],,True,SEE_EARLIER_REGISTER,https://pubmed.ncbi.nlm.nih.gov/23489944/,2026-09-30
23507292,Dosimetric and late radiation toxicity comparison between iodine-125 brachytherapy and stereotactic radiation therapy for juxtapapillary choroidal melanoma.,10.1016/j.ijrobp.2013.02.005,,Comparative Study;Journal Article,True,[],RADIONICS,False,ELIGIBILITY_SCREENING_PENDING,https://pubmed.ncbi.nlm.nih.gov/23507292/,2026-09-30
23519714,[Partial autologous reconstruction of the thumb carpometacarpal joint for posttraumatic arthrosis].,10.1055/s-0033-1334902,,Case Reports;Journal Article,True,[],SOUND_HEALING,False,ELIGIBILITY_SCREENING_PENDING,https://pubmed.ncbi.nlm.nih.gov/23519714/,2026-09-30
23546330,Using an experimental model for the study of therapeutic touch.,10.1590/s0104-11692013000100021,,Journal Article,True,[],THERAPEUTIC_TOUCH,False,ELIGIBILITY_SCREENING_PENDING,https://pubmed.ncbi.nlm.nih.gov/23546330/,2026-09-30
23550268,Alternative medicine techniques have non-linear effects on radiation response and can alter the expression of radiation induced bystander effects.,10.2203/dose-response.11-048.Mothersill,PMC3578456,Journal Article,True,[],REIKI,False,ELIGIBILITY_SCREENING_PENDING,https://pubmed.ncbi.nlm.nih.gov/23550268/,2026-09-30
23556330,Nonverbal communication behaviors of internationally educated nurses and patient care.,10.1891/1541-6577.26.4.290,,"Journal Article;Research Support, Non-U.S. Gov't",True,[],THERAPEUTIC_TOUCH,False,ELIGIBILITY_SCREENING_PENDING,https://pubmed.ncbi.nlm.nih.gov/23556330/,2026-09-30
23559181,[Nursing interventions for the care of patients with arthritis: an integrative review].,10.1590/s0034-71672012000600018,,English Abstract;Journal Article;Review,True,[],THERAPEUTIC_TOUCH,False,ELIGIBILITY_SCREENING_PENDING,https://pubmed.ncbi.nlm.nih.gov/23559181/,2026-09-30
23617447,Temari Reiki: a new hands-off approach to traditional Reiki.,10.1111/ijn.12042,,Historical Article;Journal Article,True,"[{""type"": ""CommentIn"", ""pmid"": ""24093734""}]",REIKI,False,ELIGIBILITY_SCREENING_PENDING,https://pubmed.ncbi.nlm.nih.gov/23617447/,2026-09-30
23651041,Fatigue related to radiotherapy for breast and/or gynaecological cancer: a systematic review.,10.1111/jocn.12236,,Journal Article;Systematic Review,True,[],POLARITY_THERAPY,True,SEE_EARLIER_REGISTER,https://pubmed.ncbi.nlm.nih.gov/23651041/,2026-09-30
23686463,The feasibility of a holistic wellness program for HIV/AIDS patients residing in a voluntary inpatient treatment program.,10.1177/0898010113489178,,Journal Article,True,[],REIKI,False,ELIGIBILITY_SCREENING_PENDING,https://pubmed.ncbi.nlm.nih.gov/23686463/,2026-09-30
23799960,Reiki and related therapies in the dialysis ward: an evidence-based and ethical discussion to debate if these complementary and alternative medicines are welcomed or banned.,10.1186/1471-2369-14-129,PMC3694469,Journal Article;Review,True,[],REIKI,False,ELIGIBILITY_SCREENING_PENDING,https://pubmed.ncbi.nlm.nih.gov/23799960/,2026-09-30
23817144,"A pilot study: the effect of healing touch on anxiety, stress, pain, pain medication usage, and physiological measures in hospitalized sickle cell disease adults experiencing a vaso-occlusive pain episode.",10.1177/0898010113491631,,Journal Article;Randomized Controlled Trial,True,[],HEALING_TOUCH,True,SEE_EARLIER_REGISTER,https://pubmed.ncbi.nlm.nih.gov/23817144/,2026-09-30
23817594,Therapeutic touch is not therapeutic for procedural pain in very preterm neonates: a randomized trial.,10.1097/AJP.0b013e3182757650,,"Journal Article;Randomized Controlled Trial;Research Support, Non-U.S. Gov't",True,[],THERAPEUTIC_TOUCH,False,ELIGIBILITY_SCREENING_PENDING,https://pubmed.ncbi.nlm.nih.gov/23817594/,2026-09-30
23835011,The effect of healing touch on the pain and mobility of persons with osteoarthritis: a feasibility study.,10.1016/j.gerinurse.2013.05.003,,"Journal Article;Randomized Controlled Trial;Research Support, Non-U.S. Gov't",True,[],HEALING_TOUCH,True,SEE_EARLIER_REGISTER,https://pubmed.ncbi.nlm.nih.gov/23835011/,2026-09-30
23853524,Integrating a CAM Therapeutic Strategy for Hypertension.,,PMC3708309,Journal Article,True,[],,True,SEE_EARLIER_REGISTER,https://pubmed.ncbi.nlm.nih.gov/23853524/,2026-09-30
23960304,Keystone flaps in coloured skin: Flap technology for the masses?,10.4103/0970-0358.113705,PMC3745119,Journal Article,True,[],SOUND_HEALING,False,ELIGIBILITY_SCREENING_PENDING,https://pubmed.ncbi.nlm.nih.gov/23960304/,2026-09-30
23972540,Slowing progression of early stages of AD with alternative therapies: a feasibility study.,10.1016/j.gerinurse.2013.07.003,,"Journal Article;Randomized Controlled Trial;Research Support, Non-U.S. Gov't",True,[],HEALING_TOUCH,False,ELIGIBILITY_SCREENING_PENDING,https://pubmed.ncbi.nlm.nih.gov/23972540/,2026-09-30
23977801,Use of complementary therapies in hospice and palliative care.,10.2190/OM.67.1-2.z2,,"Journal Article;Research Support, N.I.H., Extramural",True,[],REIKI,False,ELIGIBILITY_SCREENING_PENDING,https://pubmed.ncbi.nlm.nih.gov/23977801/,2026-09-30
24020920,A Canadian experience of integrating complementary therapy in a hospital palliative care unit.,10.1089/jpm.2013.0295,PMC3791042,Journal Article,True,[],REIKI;THERAPEUTIC_TOUCH,False,ELIGIBILITY_SCREENING_PENDING,https://pubmed.ncbi.nlm.nih.gov/24020920/,2026-09-30
24055114,Effects of back massage on chemotherapy-related fatigue and anxiety: supportive care and therapeutic touch in cancer nursing.,10.1016/j.apnr.2013.07.002,,Journal Article,True,[],THERAPEUTIC_TOUCH,False,ELIGIBILITY_SCREENING_PENDING,https://pubmed.ncbi.nlm.nih.gov/24055114/,2026-09-30
24065045,Acute pain relief after Mantram meditation in children with neuroblastoma undergoing anti-GD2 monoclonal antibody therapy.,10.1097/MPH.0000000000000024,,Journal Article,True,"[{""type"": ""CommentIn"", ""pmid"": ""24309608""}]",MANTRA_PRACTICES,False,ELIGIBILITY_SCREENING_PENDING,https://pubmed.ncbi.nlm.nih.gov/24065045/,2026-09-30
24083770,Effect of Reiki on symptom management in oncology.,10.7314/apjcp.2013.14.8.4931,,Journal Article,True,[],REIKI,False,ELIGIBILITY_SCREENING_PENDING,https://pubmed.ncbi.nlm.nih.gov/24083770/,2026-09-30
24093734,'Temari Reiki: a new hands-off approach to traditional Reiki'.,10.1111/ijn.12206,,Letter;Comment,False,"[{""type"": ""CommentOn"", ""pmid"": ""23617447""}]",REIKI,False,ELIGIBILITY_SCREENING_PENDING,https://pubmed.ncbi.nlm.nih.gov/24093734/,2026-09-30
24096385,The role of volunteer services at cancer centers.,10.1007/s11916-013-0376-1,,Journal Article;Review,True,[],REIKI,False,ELIGIBILITY_SCREENING_PENDING,https://pubmed.ncbi.nlm.nih.gov/24096385/,2026-09-30
24105356,Integrative Reiki for cancer patients: a program evaluation.,10.1177/1534735413503547,,"Journal Article;Research Support, Non-U.S. Gov't",True,[],REIKI,False,ELIGIBILITY_SCREENING_PENDING,https://pubmed.ncbi.nlm.nih.gov/24105356/,2026-09-30
24105358,A randomized placebo-controlled pilot study of the impact of healing touch on fatigue in breast cancer patients undergoing radiation therapy.,10.1177/1534735413503545,,"Journal Article;Randomized Controlled Trial;Research Support, Non-U.S. Gov't",True,[],HEALING_TOUCH,True,SEE_EARLIER_REGISTER,https://pubmed.ncbi.nlm.nih.gov/24105358/,2026-09-30
24175871,Integrative care therapies and pain in hospitalized children and adolescents: a retrospective database review.,10.1089/acm.2013.0306,PMC3924796,"Journal Article;Research Support, Non-U.S. Gov't",True,[],HEALING_TOUCH,False,ELIGIBILITY_SCREENING_PENDING,https://pubmed.ncbi.nlm.nih.gov/24175871/,2026-09-30
24203540,Responses to Mantram Repetition Program from Veterans with posttraumatic stress disorder: a qualitative analysis.,10.1682/JRRD.2012.06.0118,,"Journal Article;Research Support, Non-U.S. Gov't",True,[],MANTRA_PRACTICES,False,ELIGIBILITY_SCREENING_PENDING,https://pubmed.ncbi.nlm.nih.gov/24203540/,2026-09-30
24259404,Biofield therapies for symptom management in palliative and end-of-life care.,10.1177/1049909113509400,,Journal Article;Review,True,[],REIKI;THERAPEUTIC_TOUCH;HEALING_TOUCH,False,ELIGIBILITY_SCREENING_PENDING,https://pubmed.ncbi.nlm.nih.gov/24259404/,2026-09-30
24280471,"Effect of Spiritist ""passe"" (Spiritual healing) on growth of bacterial cultures.",10.1016/j.ctim.2013.08.012,,Journal Article,True,[],REIKI;THERAPEUTIC_TOUCH;JOHREI,False,ELIGIBILITY_SCREENING_PENDING,https://pubmed.ncbi.nlm.nih.gov/24280471/,2026-09-30
24310710,"Development of a hospital reiki training program: training volunteers to provide reiki to patients, families, and staff in the acute care setting.",10.1097/DCC.0000000000000009,,Journal Article,True,[],REIKI,False,ELIGIBILITY_SCREENING_PENDING,https://pubmed.ncbi.nlm.nih.gov/24310710/,2026-09-30
24310951,"Transmigration, liminality, and spiritualist healing.",10.1007/BF00990139,,Journal Article,True,[],SPIRITUALIST_HEALING,False,ELIGIBILITY_SCREENING_PENDING,https://pubmed.ncbi.nlm.nih.gov/24310951/,2026-09-30
24327820,Comparison of physical therapy with energy healing for improving range of motion in subjects with restricted shoulder mobility.,10.1155/2013/329731,PMC3847956,Journal Article,True,[],REIKI;RECONNECTIVE_HEALING,True,SEE_EARLIER_REGISTER,https://pubmed.ncbi.nlm.nih.gov/24327820/,2026-09-30
24388858,"Where wilderness, medicine, technology, and religion collide.",10.1016/j.wem.2013.08.008,,Case Reports;Journal Article,True,[],CHRISTIAN_SCIENCE_HEALING,False,ELIGIBILITY_SCREENING_PENDING,https://pubmed.ncbi.nlm.nih.gov/24388858/,2026-09-30
24435941,Respite care for people with dementia and their carers.,10.1002/14651858.CD004396.pub3,PMC11089513,Journal Article;Systematic Review,True,"[{""type"": ""UpdateOf"", ""pmid"": ""15106250""}]",POLARITY_THERAPY,True,SEE_EARLIER_REGISTER,https://pubmed.ncbi.nlm.nih.gov/24435941/,2026-09-30
24439097,Pain after hip arthroplasty managed by Brennan Healing Science.,10.1016/j.explore.2013.10.002,,Case Reports;Journal Article,True,[],BRENNAN_HEALING,True,SEE_EARLIER_REGISTER,https://pubmed.ncbi.nlm.nih.gov/24439097/,2026-09-30
24439640,"Reiki therapy for postoperative oral pain in pediatric patients: pilot data from a double-blind, randomized clinical trial.",10.1016/j.ctcp.2013.10.010,PMC3914304,"Journal Article;Randomized Controlled Trial;Research Support, N.I.H., Extramural;Research Support, Non-U.S. Gov't",True,[],REIKI,False,ELIGIBILITY_SCREENING_PENDING,https://pubmed.ncbi.nlm.nih.gov/24439640/,2026-09-30
24488378,Therapeutic touch: influence on vital signs of newborns.,10.1590/s1679-45082013000400003,PMC4880376,Journal Article,True,[],THERAPEUTIC_TOUCH,False,ELIGIBILITY_SCREENING_PENDING,https://pubmed.ncbi.nlm.nih.gov/24488378/,2026-09-30
24489583,Spatially Nonlinear Interdependence of Alpha-Oscillatory Neural Networks under Chan Meditation.,10.1155/2013/360371,PMC3877605,Journal Article,True,[],CHAKRA_AURA,False,ELIGIBILITY_SCREENING_PENDING,https://pubmed.ncbi.nlm.nih.gov/24489583/,2026-09-30
24509185,Comparison of four radiofrequency ablation systems at two target volumes in an ex vivo bovine liver model.,10.5152/dir.2013.13157,PMC4463338,Comparative Study;Journal Article;Validation Study,True,[],RADIONICS,False,ELIGIBILITY_SCREENING_PENDING,https://pubmed.ncbi.nlm.nih.gov/24509185/,2026-09-30
24582620,Effect of Reiki therapy on pain and anxiety in adults: an in-depth literature review of randomized trials with effect size calculations.,10.1016/j.pmn.2013.07.008,PMC4147026,"Journal Article;Research Support, N.I.H., Extramural;Review",True,[],REIKI,True,SEE_EARLIER_REGISTER,https://pubmed.ncbi.nlm.nih.gov/24582620/,2026-09-30
24700218,Systemic wound care: a meta-review of cochrane systematic reviews.,,,Journal Article;Review,True,[],THERAPEUTIC_TOUCH,False,ELIGIBILITY_SCREENING_PENDING,https://pubmed.ncbi.nlm.nih.gov/24700218/,2026-09-30
24701556,Doctor and healing touch.,10.7860/JCDR/2014/6318.4082,PMC3972587,Journal Article,False,[],HEALING_TOUCH,False,ELIGIBILITY_SCREENING_PENDING,https://pubmed.ncbi.nlm.nih.gov/24701556/,2026-09-30
24722611,Impact of healing touch with healing harp on inpatient acute care pain: a retrospective analysis.,10.1097/HNP.0000000000000023,,Journal Article,True,[],HEALING_TOUCH,False,ELIGIBILITY_SCREENING_PENDING,https://pubmed.ncbi.nlm.nih.gov/24722611/,2026-09-30
24767262,Biofield-based therapies: a systematic review of physiological effects on practitioners during healing.,10.1016/j.explore.2014.02.003,,"Journal Article;Research Support, Non-U.S. Gov't;Systematic Review",True,[],REIKI;THERAPEUTIC_TOUCH;HEALING_TOUCH;RECONNECTIVE_HEALING,True,SEE_EARLIER_REGISTER,https://pubmed.ncbi.nlm.nih.gov/24767262/,2026-09-30
24771664,"""Not just a theory"": the relationship between Jin Shin Jyutsu® self-care training for nurses and stress, physical health, emotional health, and caring efficacy.",10.1177/0898010114531906,,"Journal Article;Research Support, Non-U.S. Gov't",True,[],JIN_SHIN_JYUTSU,True,SEE_EARLIER_REGISTER,https://pubmed.ncbi.nlm.nih.gov/24771664/,2026-09-30
24817897,Complementary and alternative medicine for cancer pain: an overview of systematic reviews.,10.1155/2014/170396,PMC4003746,Journal Article;Review,True,[],REIKI,False,ELIGIBILITY_SCREENING_PENDING,https://pubmed.ncbi.nlm.nih.gov/24817897/,2026-09-30
24879619,Holistic nurses' stories of healing of another.,10.1177/0898010114536925,,Journal Article,True,[],HEALING_TOUCH,False,ELIGIBILITY_SCREENING_PENDING,https://pubmed.ncbi.nlm.nih.gov/24879619/,2026-09-30
24899738,"Cultural competency, autonomy, and spiritual conflicts related to Reiki/CAM therapies: Should patients be informed?",10.1179/2050854913Y.0000000007,PMC4034623,Journal Article,True,[],REIKI,False,ELIGIBILITY_SCREENING_PENDING,https://pubmed.ncbi.nlm.nih.gov/24899738/,2026-09-30
24902448,Practice intentionality & presence with mantram repetition.,,,Journal Article,False,[],MANTRA_PRACTICES,False,ELIGIBILITY_SCREENING_PENDING,https://pubmed.ncbi.nlm.nih.gov/24902448/,2026-09-30
24933784,Mantra meditation as a bedside spiritual intervention.,,,Journal Article,True,[],MANTRA_PRACTICES,False,ELIGIBILITY_SCREENING_PENDING,https://pubmed.ncbi.nlm.nih.gov/24933784/,2026-09-30
24944959,Development of dental charts according to tooth development and eruption for Turkish children and young adults.,10.5624/isd.2014.44.2.103,PMC4061293,Journal Article,True,[],BENGSTON_METHOD,False,ELIGIBILITY_SCREENING_PENDING,https://pubmed.ncbi.nlm.nih.gov/24944959/,2026-09-30
24947468,"A systematic review of the clinical effectiveness and cost-effectiveness of sensory, psychological and behavioural interventions for managing agitation in older adults with dementia.",10.3310/hta18390,PMC4781145,"Journal Article;Research Support, Non-U.S. Gov't;Systematic Review",True,"[{""type"": ""CommentIn"", ""pmid"": ""25216654""}]",THERAPEUTIC_TOUCH,False,ELIGIBILITY_SCREENING_PENDING,https://pubmed.ncbi.nlm.nih.gov/24947468/,2026-09-30
24959124,Low and then high frequency oscillations of distinct right cortical networks are progressively enhanced by medium and long term Satyananda Yoga meditation practice.,10.3389/fnhum.2014.00197,PMC4051196,Journal Article,True,[],MANTRA_PRACTICES,False,ELIGIBILITY_SCREENING_PENDING,https://pubmed.ncbi.nlm.nih.gov/24959124/,2026-09-30
24967637,Enhanced coherence within the theta band between pairs of brains engaging in experienced versus naïve Reiki procedures.,10.1089/acm.2012.0909,,Journal Article,True,[],REIKI,False,ELIGIBILITY_SCREENING_PENDING,https://pubmed.ncbi.nlm.nih.gov/24967637/,2026-09-30
24989743,"Chakra, a new genus of Scelioninae (Hymenoptera: Platygastridae) from India, along with description of a new species.",10.11646/zootaxa.3821.2.9,,"Journal Article;Research Support, U.S. Gov't, Non-P.H.S.",True,[],CHAKRA_AURA,False,ELIGIBILITY_SCREENING_PENDING,https://pubmed.ncbi.nlm.nih.gov/24989743/,2026-09-30
25031994,Energy therapies in advanced practice oncology: an evidence-informed practice approach.,,PMC4093427,Journal Article;Review,True,[],REIKI;THERAPEUTIC_TOUCH;HEALING_TOUCH,False,ELIGIBILITY_SCREENING_PENDING,https://pubmed.ncbi.nlm.nih.gov/25031994/,2026-09-30
25035626,Levels of immune cells in transcendental meditation practitioners.,10.4103/0973-6131.133899,PMC4097901,Journal Article,True,[],MANTRA_PRACTICES,False,ELIGIBILITY_SCREENING_PENDING,https://pubmed.ncbi.nlm.nih.gov/25035626/,2026-09-30
25037669,Reiki brief report: using Reiki to reduce stress levels in a nine-year-old child.,10.1016/j.explore.2014.02.007,,Case Reports;Journal Article,True,[],REIKI,False,ELIGIBILITY_SCREENING_PENDING,https://pubmed.ncbi.nlm.nih.gov/25037669/,2026-09-30
25059972,Glioma tissue obtained by modern ultrasonic aspiration with a simple sterile suction trap for primary cell culture and pathological evaluation.,10.1159/000364943,,"Journal Article;Research Support, Non-U.S. Gov't",True,[],RADIONICS,False,ELIGIBILITY_SCREENING_PENDING,https://pubmed.ncbi.nlm.nih.gov/25059972/,2026-09-30
25069726,Therapeutic touch for healing acute wounds.,10.1002/14651858.CD002766.pub3,,"Journal Article;Meta-Analysis;Research Support, Non-U.S. Gov't;Systematic Review",True,"[{""type"": ""UpdateOf"", ""pmid"": ""22696330""}, {""type"": ""UpdateIn"", ""pmid"": ""27140910""}]",THERAPEUTIC_TOUCH,False,ELIGIBILITY_SCREENING_PENDING,https://pubmed.ncbi.nlm.nih.gov/25069726/,2026-09-30
25138568,Integrating Reiki and community-engaged scholarship: an interdisciplinary educational innovation.,10.3928/01484834-20140820-02,,Journal Article,True,[],REIKI,False,ELIGIBILITY_SCREENING_PENDING,https://pubmed.ncbi.nlm.nih.gov/25138568/,2026-09-30
25144965,[Therapeutic touch. A nursing intervention as a chance - also for personal health care].,,,Journal Article,False,[],THERAPEUTIC_TOUCH,False,ELIGIBILITY_SCREENING_PENDING,https://pubmed.ncbi.nlm.nih.gov/25144965/,2026-09-30
25181286,Nontouch biofield therapy: a systematic review of human randomized controlled trials reporting use of only nonphysical contact treatment.,10.1089/acm.2014.0017,,"Journal Article;Research Support, Non-U.S. Gov't;Systematic Review",True,[],REIKI;THERAPEUTIC_TOUCH;HEALING_TOUCH;JOHREI;EXTERNAL_QIGONG,True,SEE_EARLIER_REGISTER,https://pubmed.ncbi.nlm.nih.gov/25181286/,2026-09-30
25222539,Chapter 5 mantram repetition: an evidence-based complementary practice for military personnel and veterans in the 21st century.,10.1891/0739-6686.32.79,,"Journal Article;Research Support, N.I.H., Extramural;Research Support, Non-U.S. Gov't;Research Support, U.S. Gov't, Non-P.H.S.;Review",True,[],MANTRA_PRACTICES,False,ELIGIBILITY_SCREENING_PENDING,https://pubmed.ncbi.nlm.nih.gov/25222539/,2026-09-30
25253110,Biofield therapies and cancer-related symptoms: a review.,10.1188/14.CJON.568-576,,Journal Article;Review,True,[],REIKI;THERAPEUTIC_TOUCH;HEALING_TOUCH,False,ELIGIBILITY_SCREENING_PENDING,https://pubmed.ncbi.nlm.nih.gov/25253110/,2026-09-30
25256221,NDRG2 controls COX-2/PGE₂-mediated breast cancer cell migration and invasion.,10.14348/molcells.2014.0232,PMC4213768,"Journal Article;Research Support, Non-U.S. Gov't",True,[],,True,SEE_EARLIER_REGISTER,https://pubmed.ncbi.nlm.nih.gov/25256221/,2026-09-30
25258446,An active learning complementary and alternative medicine session in a self-care therapeutics class.,10.5688/ajpe787141,PMC4174383,Journal Article,True,[],REIKI,False,ELIGIBILITY_SCREENING_PENDING,https://pubmed.ncbi.nlm.nih.gov/25258446/,2026-09-30
25281881,Influence of long-term Sahaja Yoga meditation practice on emotional processing in the brain: An ERP study.,10.1016/j.neuroscience.2014.09.053,,Journal Article,True,[],SAHAJA_YOGA,True,SEE_EARLIER_REGISTER,https://pubmed.ncbi.nlm.nih.gov/25281881/,2026-09-30
25284739,Immediate changes after manual therapy in resting-state functional connectivity as measured by functional magnetic resonance imaging in participants with induced low back pain.,10.1016/j.jmpt.2014.09.001,PMC4248017,"Comparative Study;Journal Article;Randomized Controlled Trial;Research Support, N.I.H., Extramural;Research Support, Non-U.S. Gov't",True,[],THERAPEUTIC_TOUCH,False,ELIGIBILITY_SCREENING_PENDING,https://pubmed.ncbi.nlm.nih.gov/25284739/,2026-09-30
25299140,Nonpharmacologic approach to fatigue in patients with cancer.,10.1097/PPO.0000000000000064,,Journal Article;Review,True,[],REIKI,False,ELIGIBILITY_SCREENING_PENDING,https://pubmed.ncbi.nlm.nih.gov/25299140/,2026-09-30
25303853,High prevalence of complementary and alternative medicine use in patients with genetically proven mitochondrial disorders.,10.1007/s10545-014-9773-9,,Journal Article,True,[],REIKI,False,ELIGIBILITY_SCREENING_PENDING,https://pubmed.ncbi.nlm.nih.gov/25303853/,2026-09-30
25314110,Promoting caring-healing relationships: bringing healing touch to the bedside in a multihospital health system.,10.1097/HNP.0000000000000051,,"Journal Article;Research Support, Non-U.S. Gov't",True,[],HEALING_TOUCH,False,ELIGIBILITY_SCREENING_PENDING,https://pubmed.ncbi.nlm.nih.gov/25314110/,2026-09-30
25314111,Initiating a Reiki or CAM program in a healthcare organization--developing a business plan.,10.1097/HNP.0000000000000052,,Journal Article,True,[],REIKI,False,ELIGIBILITY_SCREENING_PENDING,https://pubmed.ncbi.nlm.nih.gov/25314111/,2026-09-30
25381189,"The effects of Reiki therapy and companionship on quality of life, mood, and symptom distress during chemotherapy.",10.1177/2156587214556313,,Journal Article;Randomized Controlled Trial,True,[],REIKI,False,ELIGIBILITY_SCREENING_PENDING,https://pubmed.ncbi.nlm.nih.gov/25381189/,2026-09-30
25397817,Mindful attention increases and mediates psychological outcomes following mantram repetition practice in veterans with posttraumatic stress disorder.,10.1097/MLR.0000000000000200,,"Journal Article;Randomized Controlled Trial;Research Support, U.S. Gov't, Non-P.H.S.",True,[],MANTRA_PRACTICES,False,ELIGIBILITY_SCREENING_PENDING,https://pubmed.ncbi.nlm.nih.gov/25397817/,2026-09-30
25457442,Two meta-analyses of noncontact healing studies.,10.1016/j.explore.2014.10.001,,Journal Article;Meta-Analysis,True,[],REIKI;THERAPEUTIC_TOUCH;DISTANCE_HEALING;JOHREI,True,SEE_EARLIER_REGISTER,https://pubmed.ncbi.nlm.nih.gov/25457442/,2026-09-30
25484968,The treatment of a large acoustic tumor with fractionated stereotactic radiotherapy.,10.1007/s11701-007-0036-8,PMC4247447,Journal Article,True,[],RADIONICS,False,ELIGIBILITY_SCREENING_PENDING,https://pubmed.ncbi.nlm.nih.gov/25484968/,2026-09-30
25576962,Boundary objects in complementary and alternative medicine: acupuncture vs. Christian Science.,10.1016/j.socscimed.2014.12.020,,Journal Article,True,[],CHRISTIAN_SCIENCE_HEALING,True,SEE_EARLIER_REGISTER,https://pubmed.ncbi.nlm.nih.gov/25576962/,2026-09-30
25580302,Management of late onset perthes: evaluation of distraction by external fixator-5-year follow-up.,10.1155/2014/135236,PMC4279912,Journal Article,True,[],SOUND_HEALING,False,ELIGIBILITY_SCREENING_PENDING,https://pubmed.ncbi.nlm.nih.gov/25580302/,2026-09-30
25583571,Impact of long-term meditation practice on cardiovascular reactivity during perception and reappraisal of affective images.,10.1016/j.ijpsycho.2015.01.002,,Journal Article,True,[],SAHAJA_YOGA,True,SEE_EARLIER_REGISTER,https://pubmed.ncbi.nlm.nih.gov/25583571/,2026-09-30
25614748,"Spiritual healing in the treatment of rheumatoid arthritis: an exploratory single centre, parallel-group, double-blind, three-arm, randomised, sham-controlled trial.",10.1155/2014/269431,PMC4294308,Journal Article,True,[],,True,SEE_EARLIER_REGISTER,https://pubmed.ncbi.nlm.nih.gov/25614748/,2026-09-30
25671603,Monitoring the neural activity of the state of mental silence while practicing Sahaja yoga meditation.,10.1089/acm.2013.0450,,"Journal Article;Research Support, Non-U.S. Gov't",True,[],SAHAJA_YOGA,False,ELIGIBILITY_SCREENING_PENDING,https://pubmed.ncbi.nlm.nih.gov/25671603/,2026-09-30
25682383,Infrared spectra alteration in water proximate to the palms of therapeutic practitioners.,10.1016/j.explore.2014.12.008,,"Journal Article;Research Support, Non-U.S. Gov't",True,[],THERAPEUTIC_TOUCH,False,ELIGIBILITY_SCREENING_PENDING,https://pubmed.ncbi.nlm.nih.gov/25682383/,2026-09-30
25694849,Implementation of an integrative coping and resiliency program for nurses.,10.7453/gahmj.2014.057,PMC4311556,Journal Article,True,[],REIKI,False,ELIGIBILITY_SCREENING_PENDING,https://pubmed.ncbi.nlm.nih.gov/25694849/,2026-09-30
25722103,Methods of milk expression for lactating women.,10.1002/14651858.CD006170.pub4,,"Journal Article;Research Support, Non-U.S. Gov't;Systematic Review",True,"[{""type"": ""UpdateOf"", ""pmid"": ""22161398""}]",THERAPEUTIC_TOUCH,False,ELIGIBILITY_SCREENING_PENDING,https://pubmed.ncbi.nlm.nih.gov/25722103/,2026-09-30
25797686,"The effects of healing touch on pain, nausea, and anxiety following bariatric surgery: a pilot study.",10.1016/j.explore.2015.02.006,,"Evaluation Study;Journal Article;Research Support, Non-U.S. Gov't",True,[],HEALING_TOUCH,False,ELIGIBILITY_SCREENING_PENDING,https://pubmed.ncbi.nlm.nih.gov/25797686/,2026-09-30
25828811,Supportive care for men with prostate cancer: why are the trials not working? A systematic review and recommendations for future trials.,10.1002/cam4.446,PMC4559035,"Journal Article;Meta-Analysis;Research Support, Non-U.S. Gov't;Systematic Review",True,[],REIKI,False,ELIGIBILITY_SCREENING_PENDING,https://pubmed.ncbi.nlm.nih.gov/25828811/,2026-09-30
25835541,Reiki for depression and anxiety.,10.1002/14651858.CD006833.pub2,PMC11088458,"Journal Article;Research Support, Non-U.S. Gov't;Systematic Review",True,"[{""type"": ""UpdateOf"", ""pmid"": null}]",REIKI,False,ELIGIBILITY_SCREENING_PENDING,https://pubmed.ncbi.nlm.nih.gov/25835541/,2026-09-30
25895186,"[Plants, therapeutic touch, lighting effects].",,,Journal Article;Review,False,[],THERAPEUTIC_TOUCH,False,ELIGIBILITY_SCREENING_PENDING,https://pubmed.ncbi.nlm.nih.gov/25895186/,2026-09-30
25976090,An Initial Study Using Healing Touch for Women Undergoing a Breast Biopsy.,10.1177/0898010115585414,,Journal Article,True,[],HEALING_TOUCH,False,ELIGIBILITY_SCREENING_PENDING,https://pubmed.ncbi.nlm.nih.gov/25976090/,2026-09-30
26016134,Factors influencing glove use in student nurses.,,,Journal Article,True,[],THERAPEUTIC_TOUCH,False,ELIGIBILITY_SCREENING_PENDING,https://pubmed.ncbi.nlm.nih.gov/26016134/,2026-09-30
26025798,"Effects of Reiki on Post-cesarean Delivery Pain, Anxiety, and Hemodynamic Parameters: A Randomized, Controlled Clinical Trial.",10.1016/j.pmn.2014.09.005,,"Journal Article;Randomized Controlled Trial;Research Support, Non-U.S. Gov't",True,[],REIKI,False,ELIGIBILITY_SCREENING_PENDING,https://pubmed.ncbi.nlm.nih.gov/26025798/,2026-09-30
26091550,Mantram Repetition Program Decreases Insomnia Among Homeless Women: A Pilot Study.,10.3928/02793695-20150526-03,,Clinical Trial;Journal Article,True,[],MANTRA_PRACTICES,False,ELIGIBILITY_SCREENING_PENDING,https://pubmed.ncbi.nlm.nih.gov/26091550/,2026-09-30
26098401,Effects of Healing Touch and Relaxation Therapy on Adult Patients Undergoing Hematopoietic Stem Cell Transplant: A Feasibility Pilot Study.,10.1097/NCC.0000000000000272,,"Journal Article;Randomized Controlled Trial;Research Support, Non-U.S. Gov't",True,[],HEALING_TOUCH,False,ELIGIBILITY_SCREENING_PENDING,https://pubmed.ncbi.nlm.nih.gov/26098401/,2026-09-30
26113869,Therapeutic Touch Has Significant Effects on Mouse Breast Cancer Metastasis and Immune Responses but Not Primary Tumor Size.,10.1155/2015/926565,PMC4465772,Journal Article,True,[],THERAPEUTIC_TOUCH,False,ELIGIBILITY_SCREENING_PENDING,https://pubmed.ncbi.nlm.nih.gov/26113869/,2026-09-30
26130464,Examination of the Perceptions of Registered Nurses Regarding the Use of Healing Touch in the Acute Care Setting.,10.1177/0898010115592744,,Journal Article,True,[],HEALING_TOUCH,False,ELIGIBILITY_SCREENING_PENDING,https://pubmed.ncbi.nlm.nih.gov/26130464/,2026-09-30
26163604,"Effects of Distant Reiki On Pain, Anxiety and Fatigue in Oncology Patients in Turkey: A Pilot Study.",10.7314/apjcp.2015.16.12.4859,,Comparative Study;Journal Article;Randomized Controlled Trial,True,[],REIKI,False,ELIGIBILITY_SCREENING_PENDING,https://pubmed.ncbi.nlm.nih.gov/26163604/,2026-09-30
26167739,Reiki Reduces Burnout Among Community Mental Health Clinicians.,10.1089/acm.2014.0403,,Journal Article;Randomized Controlled Trial,True,[],REIKI;HEALING_TOUCH,False,ELIGIBILITY_SCREENING_PENDING,https://pubmed.ncbi.nlm.nih.gov/26167739/,2026-09-30
26200715,Religious and spiritual interventions in mental health care: a systematic review and meta-analysis of randomized controlled clinical trials.,10.1017/S0033291715001166,PMC4595860,"Journal Article;Meta-Analysis;Research Support, Non-U.S. Gov't;Systematic Review",True,[],DISTANCE_HEALING,True,SEE_EARLIER_REGISTER,https://pubmed.ncbi.nlm.nih.gov/26200715/,2026-09-30
26275655,"A case-control, mono-center, open-label, pilot study to evaluate the feasibility of therapeutic touch in preventing radiation dermatitis in women with breast cancer receiving adjuvant radiation therapy.",10.1016/j.ctim.2014.11.003,,Journal Article,True,[],THERAPEUTIC_TOUCH,False,ELIGIBILITY_SCREENING_PENDING,https://pubmed.ncbi.nlm.nih.gov/26275655/,2026-09-30
26291589,Bu-Shen-Jian-Pi-Yi-Qi Therapy Prevents Alcohol-Induced Osteoporosis in Rats.,10.1097/MJT.0000000000000298,,Comparative Study;Journal Article,True,[],EXTERNAL_QIGONG,False,ELIGIBILITY_SCREENING_PENDING,https://pubmed.ncbi.nlm.nih.gov/26291589/,2026-09-30
26331102,Integrative Care Therapies and Physiological and Pain-related Outcomes in Hospitalized Infants.,10.7453/gahmj.2015.029,PMC4533649,Journal Article,True,[],HEALING_TOUCH,False,ELIGIBILITY_SCREENING_PENDING,https://pubmed.ncbi.nlm.nih.gov/26331102/,2026-09-30
26333111,Effects of handholding and providing information on anxiety in patients undergoing percutaneous vertebroplasty.,10.1111/jocn.12928,,Controlled Clinical Trial;Journal Article,True,[],THERAPEUTIC_TOUCH,False,ELIGIBILITY_SCREENING_PENDING,https://pubmed.ncbi.nlm.nih.gov/26333111/,2026-09-30
26343105,The use of self-Reiki for stress reduction and relaxation.,10.1016/S2095-4964(15)60190-X,,Journal Article,True,[],REIKI,False,ELIGIBILITY_SCREENING_PENDING,https://pubmed.ncbi.nlm.nih.gov/26343105/,2026-09-30
26344558,Dental age estimation standards for a Western Australian population.,10.1016/j.forsciint.2015.06.021,,"Journal Article;Research Support, Non-U.S. Gov't",True,[],BENGSTON_METHOD,False,ELIGIBILITY_SCREENING_PENDING,https://pubmed.ncbi.nlm.nih.gov/26344558/,2026-09-30
26374619,Non-pharmacological interventions to manage fatigue and psychological stress in children and adolescents with cancer: an integrative review.,10.1111/ecc.12381,,Journal Article;Review,True,[],HEALING_TOUCH,False,ELIGIBILITY_SCREENING_PENDING,https://pubmed.ncbi.nlm.nih.gov/26374619/,2026-09-30
26430688,"An investigation of the effects of therapeutic touch plan on acute chemotherapy-induced nausea in women with breast cancer in Isfahan, Iran, 2012-2013.",10.4103/2277-9531.162380,PMC4579769,Journal Article,True,[],THERAPEUTIC_TOUCH,False,ELIGIBILITY_SCREENING_PENDING,https://pubmed.ncbi.nlm.nih.gov/26430688/,2026-09-30
26436931,[Opinions of medical students about complementary therapies].,10.4067/S0034-98872015000800009,,"English Abstract;Journal Article;Research Support, Non-U.S. Gov't",True,[],REIKI,False,ELIGIBILITY_SCREENING_PENDING,https://pubmed.ncbi.nlm.nih.gov/26436931/,2026-09-30
26453532,Effects of Healing Touch on Postsurgical Adult Outpatients.,10.1177/0898010115609486,,Journal Article,True,[],HEALING_TOUCH,True,SEE_EARLIER_REGISTER,https://pubmed.ncbi.nlm.nih.gov/26453532/,2026-09-30
26516298,"'A virtue beyond all medicine': The Hanged Man's Hand, Gallows Tradition and Healing in Eighteenth- and Nineteenth-century England.",10.1093/shm/hkv044,PMC4623855,Journal Article,True,[],HEALING_TOUCH,False,ELIGIBILITY_SCREENING_PENDING,https://pubmed.ncbi.nlm.nih.gov/26516298/,2026-09-30
26520228,Johrei Effects on Water: A Pilot Study by Counting Drops.,10.1016/j.explore.2015.08.001,,"Journal Article;Research Support, Non-U.S. Gov't",True,[],JOHREI,False,ELIGIBILITY_SCREENING_PENDING,https://pubmed.ncbi.nlm.nih.gov/26520228/,2026-09-30
26549967,Effects of Meditation on Symptoms of Knee Osteoarthritis.,10.1089/act.2013.19302,PMC4634666,Journal Article,True,[],MANTRA_PRACTICES,False,ELIGIBILITY_SCREENING_PENDING,https://pubmed.ncbi.nlm.nih.gov/26549967/,2026-09-30
26571281,The experiences of persons living with HIV who participate in mind-body and energy therapies: a systematic review protocol of qualitative evidence.,10.11124/jbisrir-2015-2321,,Journal Article,True,[],REIKI;THERAPEUTIC_TOUCH;HEALING_TOUCH,False,ELIGIBILITY_SCREENING_PENDING,https://pubmed.ncbi.nlm.nih.gov/26571281/,2026-09-30
26588598,Does a Healing Procedure Referring to Theta Rhythms Also Generate Theta Rhythms in the Brain?,10.1089/acm.2014.0394,,"Journal Article;Research Support, Non-U.S. Gov't",True,[],THETAHEALING,True,SEE_EARLIER_REGISTER,https://pubmed.ncbi.nlm.nih.gov/26588598/,2026-09-30
26621441,The Effects of Qigong for Adults with Chronic Pain: Systematic Review and Meta-Analysis.,10.1142/S0192415X15500871,,"Journal Article;Meta-Analysis;Research Support, Non-U.S. Gov't;Systematic Review",True,[],EXTERNAL_QIGONG,True,SEE_EARLIER_REGISTER,https://pubmed.ncbi.nlm.nih.gov/26621441/,2026-09-30
26629667,The complementary medicine (CAM) for the treatment of chronic pain: scientific evidence regarding the effects of healing touch massage.,,,Journal Article;Systematic Review,True,[],HEALING_TOUCH,False,ELIGIBILITY_SCREENING_PENDING,https://pubmed.ncbi.nlm.nih.gov/26629667/,2026-09-30
26657031,A Randomized Controlled Trial of Tong Len Meditation Practice in Cancer Patients: Evaluation of a Distant Psychological Healing Effect.,10.1016/j.explore.2015.10.001,,Journal Article;Randomized Controlled Trial,True,[],DISTANCE_HEALING,False,ELIGIBILITY_SCREENING_PENDING,https://pubmed.ncbi.nlm.nih.gov/26657031/,2026-09-30
26665042,Challenges for Preclinical Investigations of Human Biofield Modalities.,10.7453/gahmj.2015.013.suppl,PMC4654781,Journal Article;Review,True,[],PRANIC_HEALING;REIKI;THERAPEUTIC_TOUCH;HEALING_TOUCH;POLARITY_THERAPY;JOHREI;EXTERNAL_QIGONG,False,ELIGIBILITY_SCREENING_PENDING,https://pubmed.ncbi.nlm.nih.gov/26665042/,2026-09-30
26665043,"Clinical Studies of Biofield Therapies: Summary, Methodological Challenges, and Recommendations.",10.7453/gahmj.2015.034.suppl,PMC4654788,Journal Article,True,[],REIKI;THERAPEUTIC_TOUCH;HEALING_TOUCH,False,ELIGIBILITY_SCREENING_PENDING,https://pubmed.ncbi.nlm.nih.gov/26665043/,2026-09-30
26665044,Distant Healing Intention Therapies: An Overview of the Scientific Evidence.,10.7453/gahmj.2015.012.suppl,PMC4654780,Journal Article;Review,True,[],DISTANCE_HEALING,False,ELIGIBILITY_SCREENING_PENDING,https://pubmed.ncbi.nlm.nih.gov/26665044/,2026-09-30
26743876,Research on Intercessory Prayer: Theoretical and Methodological Considerations.,10.1007/s10943-015-0172-9,,Journal Article;Review,True,[],DISTANCE_HEALING,False,ELIGIBILITY_SCREENING_PENDING,https://pubmed.ncbi.nlm.nih.gov/26743876/,2026-09-30
26760383,Reiki's effect on patients with total knee arthroplasty: A pilot study.,10.1097/01.NURSE.0000476246.16717.65,,"Journal Article;Randomized Controlled Trial;Research Support, Non-U.S. Gov't",True,[],REIKI,False,ELIGIBILITY_SCREENING_PENDING,https://pubmed.ncbi.nlm.nih.gov/26760383/,2026-09-30
26773318,Preliminary Measurement of Electromagnetic Fields and Microdischarges From the Human Body.,,,"Journal Article;Research Support, Non-U.S. Gov't",True,[],EXTERNAL_QIGONG,False,ELIGIBILITY_SCREENING_PENDING,https://pubmed.ncbi.nlm.nih.gov/26773318/,2026-09-30
26775426,[Reiki to relieve chronic pain].,,,Journal Article,False,[],REIKI,False,ELIGIBILITY_SCREENING_PENDING,https://pubmed.ncbi.nlm.nih.gov/26775426/,2026-09-30
26803374,[Effectiveness of implementing the reiki method to reduce the weaning failure. A clinical trial].,10.1016/j.enfi.2015.11.004,,Journal Article;Randomized Controlled Trial,True,[],REIKI;THERAPEUTIC_TOUCH,False,ELIGIBILITY_SCREENING_PENDING,https://pubmed.ncbi.nlm.nih.gov/26803374/,2026-09-30
26806403,Complementary and alternative medicine (CAM) following traumatic brain injury (TBI): Opportunities and challenges.,10.1016/j.brainres.2016.01.025,,"Journal Article;Review;Research Support, Non-U.S. Gov't",True,[],MANTRA_PRACTICES,False,ELIGIBILITY_SCREENING_PENDING,https://pubmed.ncbi.nlm.nih.gov/26806403/,2026-09-30
26822561,Brief Report: Healing Touch Consults at a Tertiary Care Children's Hospital.,10.1542/hpeds.2015-0203,,Journal Article,True,[],THERAPEUTIC_TOUCH;HEALING_TOUCH,False,ELIGIBILITY_SCREENING_PENDING,https://pubmed.ncbi.nlm.nih.gov/26822561/,2026-09-30
26850808,Therapeutic touch for nausea in breast cancer patients receiving chemotherapy: Composing a treatment.,10.1016/j.ctcp.2015.12.004,,Journal Article;Randomized Controlled Trial,True,[],THERAPEUTIC_TOUCH,False,ELIGIBILITY_SCREENING_PENDING,https://pubmed.ncbi.nlm.nih.gov/26850808/,2026-09-30
26850810,"Multi-site evaluation of a complementary, spiritually-based intervention for Veterans: The Mantram Repetition Program.",10.1016/j.ctcp.2015.12.008,,"Journal Article;Research Support, U.S. Gov't, Non-P.H.S.",True,[],MANTRA_PRACTICES,False,ELIGIBILITY_SCREENING_PENDING,https://pubmed.ncbi.nlm.nih.gov/26850810/,2026-09-30
26858170,Reiki Therapy for Symptom Management in Children Receiving Palliative Care: A Pilot Study.,10.1177/1049909116630973,,Journal Article,True,[],REIKI,False,ELIGIBILITY_SCREENING_PENDING,https://pubmed.ncbi.nlm.nih.gov/26858170/,2026-09-30
26867264,"Holistic Nursing, Reiki, & the Centle Art of Beekeeping.",,,Journal Article,False,[],REIKI,False,ELIGIBILITY_SCREENING_PENDING,https://pubmed.ncbi.nlm.nih.gov/26867264/,2026-09-30
26938433,Increased Grey Matter Associated with Long-Term Sahaja Yoga Meditation: A Voxel-Based Morphometry Study.,10.1371/journal.pone.0150757,PMC4777419,"Journal Article;Research Support, Non-U.S. Gov't",True,[],SAHAJA_YOGA,False,ELIGIBILITY_SCREENING_PENDING,https://pubmed.ncbi.nlm.nih.gov/26938433/,2026-09-30
26955265,Optimal nonpharmacological management of agitation in Alzheimer's disease: challenges and solutions.,10.2147/CIA.S69484,PMC4769004,Journal Article;Systematic Review,True,[],THERAPEUTIC_TOUCH,False,ELIGIBILITY_SCREENING_PENDING,https://pubmed.ncbi.nlm.nih.gov/26955265/,2026-09-30
26984883,A Pilot Study.,10.1177/0898010116638739,,Journal Article,True,[],HEALING_TOUCH,False,ELIGIBILITY_SCREENING_PENDING,https://pubmed.ncbi.nlm.nih.gov/26984883/,2026-09-30
26997809,Complementary and Alternate Management of Glaucoma: The Verdict so Far.,10.5005/jp-journals-10008-1161,PMC4741164,Journal Article;Review,True,[],THERAPEUTIC_TOUCH,False,ELIGIBILITY_SCREENING_PENDING,https://pubmed.ncbi.nlm.nih.gov/26997809/,2026-09-30
27004552,Caring touch as a bodily anchor for patients after sustaining a motor vehicle accident with minor or no physical injuries - a mixed methods study.,10.1186/s12906-016-1084-2,PMC4804542,"Journal Article;Observational Study;Research Support, Non-U.S. Gov't",True,[],HEALING_TOUCH,False,ELIGIBILITY_SCREENING_PENDING,https://pubmed.ncbi.nlm.nih.gov/27004552/,2026-09-30
27025026,"[OPTIMIZATION OF THE TREATMENT TACTICS IN BRAIN ABSCESS, USING THE PUNCTURE STEREOTAXIC ASPIRATION].",,,Journal Article,True,[],RADIONICS,False,ELIGIBILITY_SCREENING_PENDING,https://pubmed.ncbi.nlm.nih.gov/27025026/,2026-09-30
27058159,The clinical effectiveness of cognitive behavior therapy and an alternative medicine approach in reducing symptoms of depression in adolescents.,10.1016/j.psychres.2016.03.044,,Journal Article;Randomized Controlled Trial,True,[],REIKI,False,ELIGIBILITY_SCREENING_PENDING,https://pubmed.ncbi.nlm.nih.gov/27058159/,2026-09-30
27060268,Golden Ratio and the heart: A review of divine aesthetics.,10.1016/j.ijcard.2016.03.166,,Journal Article;Review,True,[],SAHAJA_YOGA,False,ELIGIBILITY_SCREENING_PENDING,https://pubmed.ncbi.nlm.nih.gov/27060268/,2026-09-30
27078809,Care for the Caregiver: Evaluation of Mind-Body Self-Care for Accelerated Nursing Students.,10.1097/HNP.0000000000000140,,"Journal Article;Research Support, Non-U.S. Gov't",True,[],REIKI,False,ELIGIBILITY_SCREENING_PENDING,https://pubmed.ncbi.nlm.nih.gov/27078809/,2026-09-30
27078812,Reiki for Cancer Patients Undergoing Chemotherapy in a Brazilian Hospital: A Pilot Study.,10.1097/HNP.0000000000000146,,"Journal Article;Research Support, Non-U.S. Gov't",True,[],REIKI,False,ELIGIBILITY_SCREENING_PENDING,https://pubmed.ncbi.nlm.nih.gov/27078812/,2026-09-30
27119403,An exploratory study of reiki experiences in women who have cancer.,10.12968/ijpn.2016.22.4.166,,Journal Article,True,[],REIKI,False,ELIGIBILITY_SCREENING_PENDING,https://pubmed.ncbi.nlm.nih.gov/27119403/,2026-09-30
27140910,Therapeutic touch for healing acute wounds.,10.1002/14651858.CD002766.pub4,,"Journal Article;Meta-Analysis;Research Support, Non-U.S. Gov't;Systematic Review",True,"[{""type"": ""UpdateOf"", ""pmid"": ""25069726""}, {""type"": ""UpdateIn"", ""pmid"": ""27552401""}]",THERAPEUTIC_TOUCH,False,ELIGIBILITY_SCREENING_PENDING,https://pubmed.ncbi.nlm.nih.gov/27140910/,2026-09-30
27149995,Examination of the Use of Healing Touch by Registered Nurses in the Acute Care Setting.,10.1177/0898010116644834,,Journal Article,True,[],HEALING_TOUCH,False,ELIGIBILITY_SCREENING_PENDING,https://pubmed.ncbi.nlm.nih.gov/27149995/,2026-09-30
27164469,The subtle body: an interoceptive map of central nervous system function and meditative mind-brain-body integration.,10.1111/nyas.13065,,Journal Article;Review,True,[],CHAKRA_AURA,False,ELIGIBILITY_SCREENING_PENDING,https://pubmed.ncbi.nlm.nih.gov/27164469/,2026-09-30
27184735,Effects of Reiki With Music Compared to Music Only Among People Living With HIV.,10.1016/j.jana.2016.04.004,,"Journal Article;Randomized Controlled Trial;Research Support, Non-U.S. Gov't",True,[],REIKI,False,ELIGIBILITY_SCREENING_PENDING,https://pubmed.ncbi.nlm.nih.gov/27184735/,2026-09-30
27186202,Investigating the effect of therapeutic touch on the intensity of acute chemotherapy-induced vomiting in breast cancer women under chemotherapy.,10.4103/1735-9066.180373,PMC4857659,Journal Article,True,[],THERAPEUTIC_TOUCH;CHAKRA_AURA,False,ELIGIBILITY_SCREENING_PENDING,https://pubmed.ncbi.nlm.nih.gov/27186202/,2026-09-30
27194823,Effect of Therapeutic Touch in Patients with Cancer: a Literature Review.,10.5455/medarh.2016.70.142-147,PMC4860206,Journal Article;Review,True,[],THERAPEUTIC_TOUCH;HEALING_TOUCH,False,ELIGIBILITY_SCREENING_PENDING,https://pubmed.ncbi.nlm.nih.gov/27194823/,2026-09-30
27206308,"The Effects of Yoga, Massage, and Reiki on Patient Well-Being at a Cancer Resource Center.",10.1188/16.CJON.E77-E81,,Journal Article,True,[],REIKI;THERAPEUTIC_TOUCH,False,ELIGIBILITY_SCREENING_PENDING,https://pubmed.ncbi.nlm.nih.gov/27206308/,2026-09-30
27297510,Clinical trials in allied medical fields: A cross-sectional analysis of World Health Organization International Clinical Trial Registry Platform.,10.1016/j.jaim.2015.09.003,PMC4910572,Journal Article,True,[],REIKI,False,ELIGIBILITY_SCREENING_PENDING,https://pubmed.ncbi.nlm.nih.gov/27297510/,2026-09-30
27299120,Modified Ilizarov in difficult Fracture of the Patella. A case report.,10.13107/jocr.2250-0685.369,PMC4845404,Case Reports;Journal Article,True,[],SOUND_HEALING,False,ELIGIBILITY_SCREENING_PENDING,https://pubmed.ncbi.nlm.nih.gov/27299120/,2026-09-30
27390459,Yakson touch as a part of early intervention in the Neonatal Intensive Care Unit: A systematic narrative review.,10.4103/0972-5229.183897,PMC4922288,Journal Article;Review,True,"[{""type"": ""ErratumIn"", ""pmid"": ""27555705""}]",THERAPEUTIC_TOUCH,False,ELIGIBILITY_SCREENING_PENDING,https://pubmed.ncbi.nlm.nih.gov/27390459/,2026-09-30
27449580,The Healing Touch.,10.1080/00325481.1981.11715926,,Journal Article,False,[],HEALING_TOUCH,False,ELIGIBILITY_SCREENING_PENDING,https://pubmed.ncbi.nlm.nih.gov/27449580/,2026-09-30
27478152,Adenosine-Guided Pulmonary Vein Antral Isolation for Paroxysmal Atrial Fibrillation: A Randomized Study.,10.1111/jce.13059,,Journal Article,True,[],,True,SEE_EARLIER_REGISTER,https://pubmed.ncbi.nlm.nih.gov/27478152/,2026-09-30
27479023,Integrative Therapies for Women with a High Risk Pregnancy During Antepartum Hospitalization.,10.1097/NMC.0000000000000279,,Journal Article,True,[],HEALING_TOUCH,False,ELIGIBILITY_SCREENING_PENDING,https://pubmed.ncbi.nlm.nih.gov/27479023/,2026-09-30
27480014,I Want to Believe: A Short Psychobiography of Mary Baker Eddy.,,,Biography;Historical Article;Journal Article,True,[],CHRISTIAN_SCIENCE_HEALING,False,ELIGIBILITY_SCREENING_PENDING,https://pubmed.ncbi.nlm.nih.gov/27480014/,2026-09-30
27482166,EFFECT OF THERAPEUTIC TOUCH ON PAIN RELATED PARAMETERS IN PATIENTS WITH CANCER: A RANDOMIZED CLINICAL TRIAL.,10.5455/msm.2016.28.220-223,PMC4949034,Journal Article,True,[],THERAPEUTIC_TOUCH,True,SEE_EARLIER_REGISTER,https://pubmed.ncbi.nlm.nih.gov/27482166/,2026-09-30
27482335,The Islamic Perspective of Spiritual Intervention Effectiveness on Bio-Psychological Health Displayed by Gene Expression in Breast Cancer Patients.,10.17795/ijcp-6360,PMC4951763,Journal Article,True,[],MANTRA_PRACTICES,False,ELIGIBILITY_SCREENING_PENDING,https://pubmed.ncbi.nlm.nih.gov/27482335/,2026-09-30
27502811,Perceived relaxation as a function of restorative yoga combined with Reiki for cancer survivors.,10.1016/j.ctcp.2016.05.003,,Journal Article,True,[],REIKI,False,ELIGIBILITY_SCREENING_PENDING,https://pubmed.ncbi.nlm.nih.gov/27502811/,2026-09-30
27502814,Therapeutic Touch(®) in a geriatric Palliative Care Unit - A retrospective review.,10.1016/j.ctcp.2016.06.002,,Evaluation Study;Journal Article,True,[],THERAPEUTIC_TOUCH,False,ELIGIBILITY_SCREENING_PENDING,https://pubmed.ncbi.nlm.nih.gov/27502814/,2026-09-30
27515871,"Effect of the Spiritist ""passe"" energy therapy in reducing anxiety in volunteers: A randomized controlled trial.",10.1016/j.ctim.2016.05.002,,Journal Article;Randomized Controlled Trial,True,[],THERAPEUTIC_TOUCH,False,ELIGIBILITY_SCREENING_PENDING,https://pubmed.ncbi.nlm.nih.gov/27515871/,2026-09-30
27525960,Efficacy of the Mantram Repetition Program for Insomnia in Veterans With Posttraumatic Stress Disorder: A Naturalistic Study.,10.1097/ANS.0000000000000144,,Journal Article,True,[],MANTRA_PRACTICES,False,ELIGIBILITY_SCREENING_PENDING,https://pubmed.ncbi.nlm.nih.gov/27525960/,2026-09-30
27527045,Therapeutic touch of virtual reality.,10.7748/ns.8.40.17.s41,,Journal Article,True,[],THERAPEUTIC_TOUCH,False,ELIGIBILITY_SCREENING_PENDING,https://pubmed.ncbi.nlm.nih.gov/27527045/,2026-09-30
27537781,Meditation for posttraumatic stress: Systematic review and meta-analysis.,10.1037/tra0000180,,Journal Article;Meta-Analysis;Systematic Review,True,[],MANTRA_PRACTICES,False,ELIGIBILITY_SCREENING_PENDING,https://pubmed.ncbi.nlm.nih.gov/27537781/,2026-09-30
27548991,[THE GIFT OF THE APPLICATION OF REIKI THERAPY IN CANCER PATIENTS].,,,English Abstract;Journal Article;Review,True,[],REIKI,False,ELIGIBILITY_SCREENING_PENDING,https://pubmed.ncbi.nlm.nih.gov/27548991/,2026-09-30
27552401,Therapeutic touch for healing acute wounds.,10.1002/14651858.CD002766.pub5,,"Journal Article;Meta-Analysis;Research Support, Non-U.S. Gov't;Systematic Review",True,"[{""type"": ""UpdateOf"", ""pmid"": ""27140910""}]",THERAPEUTIC_TOUCH,False,ELIGIBILITY_SCREENING_PENDING,https://pubmed.ncbi.nlm.nih.gov/27552401/,2026-09-30
27578080,Neurologic Itch Management.,10.1159/000446053,,Journal Article;Review,True,[],HEALING_TOUCH,False,ELIGIBILITY_SCREENING_PENDING,https://pubmed.ncbi.nlm.nih.gov/27578080/,2026-09-30
27581995,WITHDRAWN: Therapeutic touch for healing acute wounds.,10.1002/14651858.CD002766.pub6,PMC6457586,Journal Article;Review;Retracted Publication,True,"[{""type"": ""RetractionIn"", ""pmid"": null}]",THERAPEUTIC_TOUCH,False,ELIGIBILITY_SCREENING_PENDING,https://pubmed.ncbi.nlm.nih.gov/27581995/,2026-09-30
27601154,Seizure Freedom After Limited Hippocampal Radiofrequency Thermocoagulation.,10.1016/j.wneu.2016.08.112,,Case Reports;Journal Article,True,[],RADIONICS,False,ELIGIBILITY_SCREENING_PENDING,https://pubmed.ncbi.nlm.nih.gov/27601154/,2026-09-30
27615696,[Therapeutic touch and anorexia nervosa].,10.1016/j.spsy.2016.07.002,,Journal Article,True,[],THERAPEUTIC_TOUCH,False,ELIGIBILITY_SCREENING_PENDING,https://pubmed.ncbi.nlm.nih.gov/27615696/,2026-09-30
27641608,"Complementary and alternative medicine practices, traditional healing practices, and cultural competency in pediatric oncology in Hawai' i.",10.1016/S2095-4964(16)60267-6,,Journal Article,True,[],HEALING_TOUCH,False,ELIGIBILITY_SCREENING_PENDING,https://pubmed.ncbi.nlm.nih.gov/27641608/,2026-09-30
27669880,Therapeutic touch: the debate goes on.,10.7748/ns.8.30.80.s45,,Journal Article,True,[],THERAPEUTIC_TOUCH,False,ELIGIBILITY_SCREENING_PENDING,https://pubmed.ncbi.nlm.nih.gov/27669880/,2026-09-30
27688787,Bioenergy and Breast Cancer: A Report on Tumor Growth and Metastasis.,10.1155/2016/2503267,PMC5027323,Journal Article,True,[],HEALING_TOUCH,False,ELIGIBILITY_SCREENING_PENDING,https://pubmed.ncbi.nlm.nih.gov/27688787/,2026-09-30
27719211,Therapeutic touch in dementia care.,10.7748/nop.14.6.20.s12,,Journal Article,True,[],THERAPEUTIC_TOUCH,False,ELIGIBILITY_SCREENING_PENDING,https://pubmed.ncbi.nlm.nih.gov/27719211/,2026-09-30
27749089,Bio-Energy during Finals: Stress Reduction for a University Community.,10.1080/07370016.2016.1227214,,Journal Article,True,[],HEALING_TOUCH,False,ELIGIBILITY_SCREENING_PENDING,https://pubmed.ncbi.nlm.nih.gov/27749089/,2026-09-30
27763931,Mantram Repetition With Homeless Women: A Pilot Study.,10.1097/HNP.0000000000000138,,Journal Article,True,[],MANTRA_PRACTICES,False,ELIGIBILITY_SCREENING_PENDING,https://pubmed.ncbi.nlm.nih.gov/27763931/,2026-09-30
27763932,"Effects of Reiki on Pain and Vital Signs When Applied to the Incision Area of the Body After Cesarean Section Surgery: A Single-Blinded, Randomized, Double-Controlled Study.",10.1097/HNP.0000000000000172,,Journal Article;Randomized Controlled Trial,True,[],REIKI,False,ELIGIBILITY_SCREENING_PENDING,https://pubmed.ncbi.nlm.nih.gov/27763932/,2026-09-30
27768332,Nonergodic Phases in Strongly Disordered Random Regular Graphs.,10.1103/PhysRevLett.117.156601,,Journal Article,True,[],CHAKRA_AURA,False,ELIGIBILITY_SCREENING_PENDING,https://pubmed.ncbi.nlm.nih.gov/27768332/,2026-09-30
27790858,Epidemiology of complementary and alternative medicine therapy use in allogeneic hematopoietic stem cell transplant survivorship patients in Australia.,10.1002/cam4.889,PMC5224858,"Journal Article;Research Support, Non-U.S. Gov't",True,[],REIKI,False,ELIGIBILITY_SCREENING_PENDING,https://pubmed.ncbi.nlm.nih.gov/27790858/,2026-09-30
27820539,The efficacy of nurse implemented non-pharmacological strategies for the symptom management of agitation in persons with advanced dementia living in residential aged care facilities: a systematic review.,10.11124/01938924-200907220-00001,,Journal Article,True,[],THERAPEUTIC_TOUCH,False,ELIGIBILITY_SCREENING_PENDING,https://pubmed.ncbi.nlm.nih.gov/27820539/,2026-09-30
27841517,Persistent quasiplanar nematic texture: Its properties and topological defects.,10.1103/PhysRevE.94.042706,,Journal Article,True,[],HEALING_DOWSING,False,ELIGIBILITY_SCREENING_PENDING,https://pubmed.ncbi.nlm.nih.gov/27841517/,2026-09-30
27846661,[Physical Therapy for Chemotherapy-induced Peripheral Neuropathy in Pediatric Oncology].,10.1055/s-0042-111692,,Journal Article;Systematic Review,True,[],REIKI,False,ELIGIBILITY_SCREENING_PENDING,https://pubmed.ncbi.nlm.nih.gov/27846661/,2026-09-30
27901219,Massage and Reiki used to reduce stress and anxiety: Randomized Clinical Trial.,10.1590/1518-8345.1614.2834,PMC5172615,Journal Article;Randomized Controlled Trial,True,[],REIKI,False,ELIGIBILITY_SCREENING_PENDING,https://pubmed.ncbi.nlm.nih.gov/27901219/,2026-09-30
27922356,From the Journals.,10.12968/jowc.1993.2.5.256,,Journal Article,True,[],THERAPEUTIC_TOUCH,False,ELIGIBILITY_SCREENING_PENDING,https://pubmed.ncbi.nlm.nih.gov/27922356/,2026-09-30
27925607,Therapeutic Touch in the Management of Responsive Behavior in Patients With Dementia.,,,Journal Article;Review,True,[],THERAPEUTIC_TOUCH,False,ELIGIBILITY_SCREENING_PENDING,https://pubmed.ncbi.nlm.nih.gov/27925607/,2026-09-30
27937119,From the Journals.,10.12968/jowc.1997.6.8.397,,Journal Article,True,[],THERAPEUTIC_TOUCH,False,ELIGIBILITY_SCREENING_PENDING,https://pubmed.ncbi.nlm.nih.gov/27937119/,2026-09-30
27981117,"Ethnicity, traditional healing practices, and attitudes towards complementary medicine of a pediatric oncology population receiving healing touch in Hawaii.",10.4103/2347-5625.158015,PMC5123507,Journal Article,True,[],HEALING_TOUCH,False,ELIGIBILITY_SCREENING_PENDING,https://pubmed.ncbi.nlm.nih.gov/27981117/,2026-09-30
28063869,Healing Touch: Positively Sharing Energy in a Pediatric Hospital.,10.1016/j.jpainsymman.2016.12.340,,Journal Article,False,[],HEALING_TOUCH,False,ELIGIBILITY_SCREENING_PENDING,https://pubmed.ncbi.nlm.nih.gov/28063869/,2026-09-30
28076045,"Therapeutic touch is good, but technology cannot be ignored.",10.7748/ns.25.3.32.s42,,Journal Article,True,[],THERAPEUTIC_TOUCH,False,ELIGIBILITY_SCREENING_PENDING,https://pubmed.ncbi.nlm.nih.gov/28076045/,2026-09-30
28080439,Reiki helped me to cope with stress.,10.7748/ns.13.45.28.s43,,Journal Article,True,[],REIKI,False,ELIGIBILITY_SCREENING_PENDING,https://pubmed.ncbi.nlm.nih.gov/28080439/,2026-09-30
28089454,The role of adenosine challenge in catheter ablation for atrial fibrillation: A systematic review and meta-analysis.,10.1016/j.ijcard.2017.01.070,,Journal Article;Meta-Analysis;Systematic Review,True,[],,True,SEE_EARLIER_REGISTER,https://pubmed.ncbi.nlm.nih.gov/28089454/,2026-09-30
28112554,"Inpatients' Preferences, Beliefs, and Stated Willingness to Pay for Complementary and Alternative Medicine Treatments.",10.1089/acm.2016.0288,,Journal Article,True,[],REIKI,False,ELIGIBILITY_SCREENING_PENDING,https://pubmed.ncbi.nlm.nih.gov/28112554/,2026-09-30
28137530,"Effectiveness of Spiritist ""passe"" (Spiritual healing) for anxiety levels, depression, pain, muscle tension, well-being, and physiological parameters in cardiovascular inpatients: A randomized controlled trial.",10.1016/j.ctim.2016.11.008,,Journal Article;Randomized Controlled Trial,True,[],THERAPEUTIC_TOUCH,True,SEE_EARLIER_REGISTER,https://pubmed.ncbi.nlm.nih.gov/28137530/,2026-09-30
28181973,"Effects of Reiki on Pain, Anxiety, and Blood Pressure in Patients Undergoing Knee Replacement: A Pilot Study.",10.1097/HNP.0000000000000195,,Journal Article;Randomized Controlled Trial,True,[],REIKI,False,ELIGIBILITY_SCREENING_PENDING,https://pubmed.ncbi.nlm.nih.gov/28181973/,2026-09-30
28235686,The effects of massage therapy in hospitalized preterm neonates: A systematic review.,10.1016/j.ijnurstu.2017.02.009,,Journal Article;Systematic Review,True,[],THERAPEUTIC_TOUCH,False,ELIGIBILITY_SCREENING_PENDING,https://pubmed.ncbi.nlm.nih.gov/28235686/,2026-09-30
28254638,Deliberately Light Interpersonal Contact Affects the Control of Head Stability During Walking in Children and Adolescents With Cerebral Palsy.,10.1016/j.apmr.2017.01.026,,"Clinical Trial;Journal Article;Research Support, Non-U.S. Gov't",True,[],THERAPEUTIC_TOUCH,False,ELIGIBILITY_SCREENING_PENDING,https://pubmed.ncbi.nlm.nih.gov/28254638/,2026-09-30
28273819,Cancer Chemoprevention by Phytochemicals: Nature's Healing Touch.,10.3390/molecules22030395,PMC6155418,Journal Article;Review,True,[],HEALING_TOUCH,False,ELIGIBILITY_SCREENING_PENDING,https://pubmed.ncbi.nlm.nih.gov/28273819/,2026-09-30
28336055,Shamanic Healing for Veterans with PTSD: A Case Series.,10.1016/j.explore.2017.02.003,,Case Reports;Journal Article,True,[],,True,SEE_EARLIER_REGISTER,https://pubmed.ncbi.nlm.nih.gov/28336055/,2026-09-30
28443949,Is reiki or prayer effective in relieving pain during hospitalization for cesarean? A systematic review and meta-analysis of randomized controlled trials.,10.1590/1516-3180.2016.0267031116,PMC9977345,Journal Article;Meta-Analysis;Systematic Review,True,[],REIKI,False,ELIGIBILITY_SCREENING_PENDING,https://pubmed.ncbi.nlm.nih.gov/28443949/,2026-09-30
28467753,The Effect of Mantram Repetition on Burnout and Stress Among VA Staff.,10.1177/2165079917697215,,Journal Article,True,[],MANTRA_PRACTICES,False,ELIGIBILITY_SCREENING_PENDING,https://pubmed.ncbi.nlm.nih.gov/28467753/,2026-09-30
28483188,Agnihotra Yajna: A Prototype of South Asian Traditional Medical Knowledge.,10.1016/j.jams.2016.11.002,,Journal Article,True,[],CHAKRA_AURA;AGNIHOTRA,False,ELIGIBILITY_SCREENING_PENDING,https://pubmed.ncbi.nlm.nih.gov/28483188/,2026-09-30
28497700,Instrumental Measurements of Water and the Surrounding Space During a Randomized Blinded Controlled Trial of Focused Intention.,10.1177/2156587217707117,PMC5871280,Journal Article;Randomized Controlled Trial,True,[],REIKI;HEALING_TOUCH,False,ELIGIBILITY_SCREENING_PENDING,https://pubmed.ncbi.nlm.nih.gov/28497700/,2026-09-30
28502231,Examination of the Use of Healing Touch by Registered Nurses in the Acute Care Setting.,10.1177/0898010117693919,,Journal Article,False,[],HEALING_TOUCH,False,ELIGIBILITY_SCREENING_PENDING,https://pubmed.ncbi.nlm.nih.gov/28502231/,2026-09-30
28517206,SU-E-T-411: Dosimetric Comparison Between Two Multileaf Collimator Systems for Stereotactic Radiosurgery and Radiotherapy.,10.1118/1.4735500,,Journal Article,True,[],RADIONICS,False,ELIGIBILITY_SCREENING_PENDING,https://pubmed.ncbi.nlm.nih.gov/28517206/,2026-09-30
28572102,Complementary Health Practitioners in the Acute and Critical Care Setting: Nursing Considerations.,10.4037/ccn2017181,,Journal Article,True,[],REIKI;THERAPEUTIC_TOUCH,False,ELIGIBILITY_SCREENING_PENDING,https://pubmed.ncbi.nlm.nih.gov/28572102/,2026-09-30
28619092,"Prevalence and patterns of use of mantra, mindfulness and spiritual meditation among adults in the United States.",10.1186/s12906-017-1827-8,PMC5472955,Comparative Study;Journal Article,True,[],MANTRA_PRACTICES,False,ELIGIBILITY_SCREENING_PENDING,https://pubmed.ncbi.nlm.nih.gov/28619092/,2026-09-30
28629809,Theoretical modeling of the subject: Western and Eastern types of human reflexion.,10.1016/j.pbiomolbio.2017.06.006,,Journal Article;Review,True,[],CHAKRA_AURA,False,ELIGIBILITY_SCREENING_PENDING,https://pubmed.ncbi.nlm.nih.gov/28629809/,2026-09-30
28634520,"Effect of heartfulness meditation on burnout, emotional wellness, and telomere length in health care professionals.",10.1080/20009666.2016.1270806,PMC5463663,Journal Article,True,[],HEARTFULNESS,False,ELIGIBILITY_SCREENING_PENDING,https://pubmed.ncbi.nlm.nih.gov/28634520/,2026-09-30
28650246,Economic Outcomes of First-Line Regimen Switching Among Stable Patients with HIV.,10.18553/jmcp.2017.16403,PMC10397957,Journal Article,True,"[{""type"": ""ErratumIn"", ""pmid"": ""29172976""}]",BENGSTON_METHOD,False,ELIGIBILITY_SCREENING_PENDING,https://pubmed.ncbi.nlm.nih.gov/28650246/,2026-09-30
28654301,An Integrative Review of Scientific Evidence for Reconnective Healing.,10.1089/acm.2015.0218,PMC5628565,Journal Article;Review,True,[],REIKI;THERAPEUTIC_TOUCH;RECONNECTIVE_HEALING;JOHREI,True,SEE_EARLIER_REGISTER,https://pubmed.ncbi.nlm.nih.gov/28654301/,2026-09-30
28668857,Self-Efficacy for Coping with Cancer Enhances the Effect of Reiki Treatments During the Pre-Surgery Phase of Breast Cancer Patients.,10.21873/anticanres.11736,,Journal Article;Randomized Controlled Trial,True,[],REIKI,False,ELIGIBILITY_SCREENING_PENDING,https://pubmed.ncbi.nlm.nih.gov/28668857/,2026-09-30
28678920,Pain and distress outcomes in infants and children: a systematic review.,10.1590/1414-431X20175984,PMC5496157,Journal Article;Systematic Review,True,[],HEALING_TOUCH,False,ELIGIBILITY_SCREENING_PENDING,https://pubmed.ncbi.nlm.nih.gov/28678920/,2026-09-30
28713718,Ergonomics and Biogeometry of Perforator/Propeller Flaps in the Lower Limb Reconstruction.,,PMC5506362,Journal Article,False,[],BIOGEOMETRY,False,ELIGIBILITY_SCREENING_PENDING,https://pubmed.ncbi.nlm.nih.gov/28713718/,2026-09-30
28760817,Non-pharmacological interventions for management of fatigue among children with cancer: systematic review of existing practices and their effectiveness.,10.1136/bmjspcare-2016-001132,,Journal Article;Systematic Review,True,[],HEALING_TOUCH,False,ELIGIBILITY_SCREENING_PENDING,https://pubmed.ncbi.nlm.nih.gov/28760817/,2026-09-30
28786890,Complementary Health Approaches Used in the Intensive Care Unit.,10.1097/HNP.0000000000000227,,Journal Article,True,[],THERAPEUTIC_TOUCH;HEALING_TOUCH,False,ELIGIBILITY_SCREENING_PENDING,https://pubmed.ncbi.nlm.nih.gov/28786890/,2026-09-30
28790589,EFFICACY OF INDIGENOUSLY MANUFACTURED TITANIUM BONE PLATES AND SCREWS IN MAXILLOFACIAL SURGERY.,10.1016/S0377-1237(17)30349-0,PMC5531927,Journal Article,True,[],SOUND_HEALING,False,ELIGIBILITY_SCREENING_PENDING,https://pubmed.ncbi.nlm.nih.gov/28790589/,2026-09-30
28792815,Evidence-Based Pain Management and Palliative Care in Issue Three for 2007 of The Cochrane Library.,10.1080/15360280801989245,,Journal Article,True,[],THERAPEUTIC_TOUCH,False,ELIGIBILITY_SCREENING_PENDING,https://pubmed.ncbi.nlm.nih.gov/28792815/,2026-09-30
28794663,"Physician perspectives on education, training, and implementation of complementary and alternative medicine.",10.2147/AMEP.S138572,PMC5536234,Journal Article,True,"[{""type"": ""CommentIn"", ""pmid"": ""29033622""}]",REIKI,False,ELIGIBILITY_SCREENING_PENDING,https://pubmed.ncbi.nlm.nih.gov/28794663/,2026-09-30
28801081,Effects of Therapeutic Touch on Healing of the Skin in Rats.,10.1016/j.explore.2017.06.006,,Journal Article,True,[],THERAPEUTIC_TOUCH,False,ELIGIBILITY_SCREENING_PENDING,https://pubmed.ncbi.nlm.nih.gov/28801081/,2026-09-30
28817428,Interprofessional QI Training Enhances Competency and QI Productivity Among Graduates: Findings From Nationwide Children's Hospital.,10.1097/ACM.0000000000001862,,Journal Article,True,[],EXTERNAL_QIGONG,False,ELIGIBILITY_SCREENING_PENDING,https://pubmed.ncbi.nlm.nih.gov/28817428/,2026-09-30
28821217,A Practice-Based Theory of Healing Through Therapeutic Touch: Advancing Holistic Nursing Practice.,10.1177/0898010117721827,,Journal Article;Review,True,[],THERAPEUTIC_TOUCH,False,ELIGIBILITY_SCREENING_PENDING,https://pubmed.ncbi.nlm.nih.gov/28821217/,2026-09-30
28823601,The identification of conduction gaps after pulmonary vein isolation using a new electroanatomic mapping system.,10.1016/j.hrthm.2017.08.016,,Journal Article,True,"[{""type"": ""CommentIn"", ""pmid"": ""29268472""}]",,True,SEE_EARLIER_REGISTER,https://pubmed.ncbi.nlm.nih.gov/28823601/,2026-09-30
28836709,Persistency of left atrial linear lesions after radiofrequency catheter ablation for atrial fibrillation: Data from an invasive follow-up electrophysiology study.,10.1111/jce.13322,,Journal Article,True,[],,True,SEE_EARLIER_REGISTER,https://pubmed.ncbi.nlm.nih.gov/28836709/,2026-09-30
28836826,Amelioration of mild and moderate depression through Pranic Healing as adjuvant therapy: randomised double-blind controlled trial.,10.1177/1039856217726449,PMC5802541,Journal Article;Randomized Controlled Trial,True,[],PRANIC_HEALING,True,SEE_EARLIER_REGISTER,https://pubmed.ncbi.nlm.nih.gov/28836826/,2026-09-30
28840941,Acute fall and long-term rise in oxygen saturation in response to meditation.,10.1111/psyp.12972,,Journal Article,True,[],MANTRA_PRACTICES,False,ELIGIBILITY_SCREENING_PENDING,https://pubmed.ncbi.nlm.nih.gov/28840941/,2026-09-30
28845677,Massage Therapy in Outpatient Cancer Care: A Metropolitan Area Analysis.,10.1177/2156587217727938,PMC5871309,"Journal Article;Research Support, N.I.H., Extramural;Research Support, Non-U.S. Gov't",True,[],REIKI;THERAPEUTIC_TOUCH,False,ELIGIBILITY_SCREENING_PENDING,https://pubmed.ncbi.nlm.nih.gov/28845677/,2026-09-30
28857618,"The Home-Heart-Walk study, a self-administered walk test on perceived physical functioning, and self-care behaviour in people with stable chronic heart failure: A randomized controlled trial.",10.1177/1474515117729779,,"Journal Article;Multicenter Study;Randomized Controlled Trial;Research Support, Non-U.S. Gov't",True,[],,True,SEE_EARLIER_REGISTER,https://pubmed.ncbi.nlm.nih.gov/28857618/,2026-09-30
28874060,Reiki Is Better Than Placebo and Has Broad Potential as a Complementary Health Therapy.,10.1177/2156587217728644,PMC5871310,Journal Article;Review,True,[],REIKI,False,ELIGIBILITY_SCREENING_PENDING,https://pubmed.ncbi.nlm.nih.gov/28874060/,2026-09-30
28894408,Deep Brain Stimulation (DBS) for Movement Disorders: An Experience in Hospital Universiti Sains Malaysia (HUSM) Involving 12 Patients.,10.21315/mjms2017.24.2.11,PMC5566066,Journal Article,True,[],RADIONICS,False,ELIGIBILITY_SCREENING_PENDING,https://pubmed.ncbi.nlm.nih.gov/28894408/,2026-09-30
28909837,Educational Aspects of Christian Science.,,PMC5147529,Journal Article,False,[],CHRISTIAN_SCIENCE_HEALING,False,ELIGIBILITY_SCREENING_PENDING,https://pubmed.ncbi.nlm.nih.gov/28909837/,2026-09-30
28950108,"Systematic Review of Skin-to-Skin Care for Full-Term, Healthy Newborns.",10.1016/j.jogn.2017.08.005,,"Journal Article;Research Support, Non-U.S. Gov't;Systematic Review",True,[],THERAPEUTIC_TOUCH,False,ELIGIBILITY_SCREENING_PENDING,https://pubmed.ncbi.nlm.nih.gov/28950108/,2026-09-30
28968143,Mental Health Wellness and Biofield Therapies: An Integrative Review.,10.1080/01612840.2017.1364808,,Journal Article;Review,True,[],REIKI;HEALING_TOUCH,False,ELIGIBILITY_SCREENING_PENDING,https://pubmed.ncbi.nlm.nih.gov/28968143/,2026-09-30
28994344,Phase-I randomized trial of doxorubicin hydrochloride liposome injection versus Caelyx® in multiple myeloma.,10.1080/10428194.2017.1382692,,"Clinical Trial, Phase I;Letter;Randomized Controlled Trial;Research Support, Non-U.S. Gov't",False,[],,True,SEE_EARLIER_REGISTER,https://pubmed.ncbi.nlm.nih.gov/28994344/,2026-09-30
29006447,"Psychology, Medicine and So-Called Christian Science.",,PMC5182886,Journal Article,False,[],CHRISTIAN_SCIENCE_HEALING,False,ELIGIBILITY_SCREENING_PENDING,https://pubmed.ncbi.nlm.nih.gov/29006447/,2026-09-30
29041781,Nursing students' perceptions of soft skills training in Ghana.,10.4102/curationis.v40i1.1677,PMC6091598,Journal Article,True,[],THERAPEUTIC_TOUCH,False,ELIGIBILITY_SCREENING_PENDING,https://pubmed.ncbi.nlm.nih.gov/29041781/,2026-09-30
29083972,Inhaled Corticosteroid-Containing Treatment Escalation and Outcomes for Patients with Asthma in a U.S. Health Care Organization.,10.18553/jmcp.2017.23.11.1149,PMC10397825,Journal Article,True,[],BENGSTON_METHOD,False,ELIGIBILITY_SCREENING_PENDING,https://pubmed.ncbi.nlm.nih.gov/29083972/,2026-09-30
29113407,Healing touch in radiation therapy: is the benefit tangible?,10.18632/oncotarget.20594,PMC5655302,Journal Article,True,[],HEALING_TOUCH,False,ELIGIBILITY_SCREENING_PENDING,https://pubmed.ncbi.nlm.nih.gov/29113407/,2026-09-30
29140485,Growth of Integrative Medicine at Leading Cancer Centers Between 2009 and 2016: A Systematic Analysis of NCI-Designated Comprehensive Cancer Center Websites.,10.1093/jncimonographs/lgx004,PMC6061227,"Journal Article;Meta-Analysis;Research Support, Non-U.S. Gov't;Research Support, N.I.H., Extramural",True,[],HEALING_TOUCH,False,ELIGIBILITY_SCREENING_PENDING,https://pubmed.ncbi.nlm.nih.gov/29140485/,2026-09-30
29205082,Energetic Modalities as a Self-Care Technique to Reduce Stress in Nursing Students.,10.1177/0898010117745436,,Journal Article,True,[],THERAPEUTIC_TOUCH,False,ELIGIBILITY_SCREENING_PENDING,https://pubmed.ncbi.nlm.nih.gov/29205082/,2026-09-30
29220625,Feasibility of Training and Delivering Compassionate Touch in Long-Term Care.,10.1080/07317115.2017.1381212,,"Journal Article;Research Support, Non-U.S. Gov't",True,[],THERAPEUTIC_TOUCH,False,ELIGIBILITY_SCREENING_PENDING,https://pubmed.ncbi.nlm.nih.gov/29220625/,2026-09-30
29227251,[STEREOTACTIC THALAMOTOMY AND CONTRALATERAL SUBTHALAMOTOMY IN TREATMENT OF PARKINSON'S DISEASE].,,,Journal Article,True,[],RADIONICS,False,ELIGIBILITY_SCREENING_PENDING,https://pubmed.ncbi.nlm.nih.gov/29227251/,2026-09-30
29228783,Training in Integrative Therapies Increases Self-Efficacy in Providing Nondrug Therapies and Self-Confidence in Offering Compassionate Care.,10.1177/2156587216686463,PMC5871260,Journal Article,True,[],REIKI,False,ELIGIBILITY_SCREENING_PENDING,https://pubmed.ncbi.nlm.nih.gov/29228783/,2026-09-30
29266612,Spirituality and religiosity of non-directed (altruistic) living kidney donors.,10.1111/jocn.14223,PMC6686899,Journal Article,True,[],CHRISTIAN_SCIENCE_HEALING,False,ELIGIBILITY_SCREENING_PENDING,https://pubmed.ncbi.nlm.nih.gov/29266612/,2026-09-30
29275207,Gray Matter and Functional Connectivity in Anterior Cingulate Cortex are Associated with the State of Mental Silence During Sahaja Yoga Meditation.,10.1016/j.neuroscience.2017.12.017,,"Journal Article;Research Support, Non-U.S. Gov't",True,[],SAHAJA_YOGA,False,ELIGIBILITY_SCREENING_PENDING,https://pubmed.ncbi.nlm.nih.gov/29275207/,2026-09-30
29299785,Investigation into Complementary and Integrative Health Approaches for Turkish Patients with Gastrointestinal Cancer.,10.1007/s10943-017-0546-2,,Journal Article,True,[],THERAPEUTIC_TOUCH,False,ELIGIBILITY_SCREENING_PENDING,https://pubmed.ncbi.nlm.nih.gov/29299785/,2026-09-30
29306936,"Remote Healing of Bipolar Disorder, Eating Disorder Not Otherwise Specified, Posttraumatic Stress Disorder, Fibromyalgia, and Irritable Bowel Syndrome Through Lifestyle Change.",,,Case Reports;Journal Article,True,[],DISTANCE_HEALING,False,ELIGIBILITY_SCREENING_PENDING,https://pubmed.ncbi.nlm.nih.gov/29306936/,2026-09-30
29315084,Safety of Reiki Therapy for Newborns at Risk for Neonatal Abstinence Syndrome.,10.1097/HNP.0000000000000251,PMC5815638,Journal Article,True,[],REIKI,False,ELIGIBILITY_SCREENING_PENDING,https://pubmed.ncbi.nlm.nih.gov/29315084/,2026-09-30
29357856,Clinical relevance of contextual factors as triggers of placebo and nocebo effects in musculoskeletal pain.,10.1186/s12891-018-1943-8,PMC5778801,Journal Article;Review,True,[],THERAPEUTIC_TOUCH,False,ELIGIBILITY_SCREENING_PENDING,https://pubmed.ncbi.nlm.nih.gov/29357856/,2026-09-30
29361838,Interventions minimizing fatigue in children/adolescents with cancer: An integrative review.,10.1177/1367493517752498,,"Journal Article;Research Support, Non-U.S. Gov't;Review",True,[],HEALING_TOUCH,False,ELIGIBILITY_SCREENING_PENDING,https://pubmed.ncbi.nlm.nih.gov/29361838/,2026-09-30
29460558,[The impact of Reiki on side effects in patients with head-neck neoplasia undergoing radiotherapy: a pilot study].,10.7429/pi.2017.704214,,Journal Article,True,[],REIKI,False,ELIGIBILITY_SCREENING_PENDING,https://pubmed.ncbi.nlm.nih.gov/29460558/,2026-09-30
29479909,Problems in Critical Care Nurse-Patient Communication: Examples of Poland and Turkey.,10.20471/acc.2017.56.03.10,,Journal Article,True,[],THERAPEUTIC_TOUCH,False,ELIGIBILITY_SCREENING_PENDING,https://pubmed.ncbi.nlm.nih.gov/29479909/,2026-09-30
29498537,Complementary and Alternative Medicine Usage by Multiple Sclerosis Patients: Results from a Prospective Clinical Study.,10.1089/acm.2017.0268,PMC6006417,Journal Article,True,[],REIKI;THERAPEUTIC_TOUCH,False,ELIGIBILITY_SCREENING_PENDING,https://pubmed.ncbi.nlm.nih.gov/29498537/,2026-09-30
29526233,Effects of laying on of hands with and without a spiritual context on pain and functionality of older women with knee osteoarthritis: study protocol for a randomized controlled trial.,10.1016/j.joim.2018.02.002,,Journal Article;Randomized Controlled Trial;Pragmatic Clinical Trial,True,[],THERAPEUTIC_TOUCH,False,ELIGIBILITY_SCREENING_PENDING,https://pubmed.ncbi.nlm.nih.gov/29526233/,2026-09-30
29535002,Potential phytocompounds for developing breast cancer therapeutics: Nature's healing touch.,10.1016/j.ejphar.2018.03.007,,Journal Article;Review,True,[],HEALING_TOUCH,False,ELIGIBILITY_SCREENING_PENDING,https://pubmed.ncbi.nlm.nih.gov/29535002/,2026-09-30
29536776,Effects of Reiki Versus Physiotherapy on Relieving Lower Back Pain and Improving Activities Daily Living of Patients With Intervertebral Disc Hernia.,10.1177/2515690X18762745,PMC5871054,Clinical Trial;Comparative Study;Journal Article,True,[],REIKI,False,ELIGIBILITY_SCREENING_PENDING,https://pubmed.ncbi.nlm.nih.gov/29536776/,2026-09-30
29551623,The effect of reiki on pain: A meta-analysis.,10.1016/j.ctcp.2018.02.020,,Journal Article;Meta-Analysis;Review,True,"[{""type"": ""CommentIn"", ""pmid"": ""30057036""}, {""type"": ""ErratumIn"", ""pmid"": ""34083124""}]",REIKI,False,ELIGIBILITY_SCREENING_PENDING,https://pubmed.ncbi.nlm.nih.gov/29551623/,2026-09-30
29620922,Immediate Symptom Relief After a First Session of Massage Therapy or Reiki in Hospitalized Patients: A 5-Year Clinical Experience from a Rural Academic Medical Center.,10.1089/acm.2017.0409,PMC6422004,Journal Article,True,[],REIKI,False,ELIGIBILITY_SCREENING_PENDING,https://pubmed.ncbi.nlm.nih.gov/29620922/,2026-09-30
29650130,Effects of Single-Session Group Mantra-meditation on Salivary Immunoglobulin A and Affective State: A Psychoneuroimmunology Viewpoint.,10.1016/j.explore.2017.10.010,,Journal Article;Randomized Controlled Trial,True,[],MANTRA_PRACTICES,True,SEE_EARLIER_REGISTER,https://pubmed.ncbi.nlm.nih.gov/29650130/,2026-09-30
29668435,Pilot Study: Improving Patient Outcomes with Healing Touch.,,,Journal Article,True,[],HEALING_TOUCH,False,ELIGIBILITY_SCREENING_PENDING,https://pubmed.ncbi.nlm.nih.gov/29668435/,2026-09-30
29752573,EEG Spectral Analysis on OM Mantra Meditation: A Pilot Study.,10.1007/s10484-018-9391-7,,Journal Article,True,[],MANTRA_PRACTICES,False,ELIGIBILITY_SCREENING_PENDING,https://pubmed.ncbi.nlm.nih.gov/29752573/,2026-09-30
29814807,Christian Science and the Recent Inquest.,,PMC5203067,Journal Article,False,"[{""type"": ""CommentOn"", ""pmid"": null}]",CHRISTIAN_SCIENCE_HEALING,False,ELIGIBILITY_SCREENING_PENDING,https://pubmed.ncbi.nlm.nih.gov/29814807/,2026-09-30
29819132,Christian Science.,,PMC5211429,Journal Article,False,"[{""type"": ""CommentOn"", ""pmid"": null}]",CHRISTIAN_SCIENCE_HEALING,False,ELIGIBILITY_SCREENING_PENDING,https://pubmed.ncbi.nlm.nih.gov/29819132/,2026-09-30
29821837,Christian Science.,,PMC5221034,Journal Article,False,"[{""type"": ""CommentOn"", ""pmid"": null}]",CHRISTIAN_SCIENCE_HEALING,False,ELIGIBILITY_SCREENING_PENDING,https://pubmed.ncbi.nlm.nih.gov/29821837/,2026-09-30
29827011,Operations and Christian Science.,,PMC5237863,Journal Article,False,"[{""type"": ""CommentOn"", ""pmid"": null}]",CHRISTIAN_SCIENCE_HEALING,False,ELIGIBILITY_SCREENING_PENDING,https://pubmed.ncbi.nlm.nih.gov/29827011/,2026-09-30
29835847,Christian Scientists.,,PMC5261939,Journal Article,False,[],CHRISTIAN_SCIENCE_HEALING,False,ELIGIBILITY_SCREENING_PENDING,https://pubmed.ncbi.nlm.nih.gov/29835847/,2026-09-30
29838345,The Dowsing Radiant Heat Baths.,,PMC5269019,Journal Article,False,[],HEALING_DOWSING,False,ELIGIBILITY_SCREENING_PENDING,https://pubmed.ncbi.nlm.nih.gov/29838345/,2026-09-30
29847314,The effects of Sahaja Yoga meditation on mental health: a systematic review.,10.1515/jcim-2016-0163,,Journal Article;Systematic Review,False,[],SAHAJA_YOGA,False,ELIGIBILITY_SCREENING_PENDING,https://pubmed.ncbi.nlm.nih.gov/29847314/,2026-09-30
29861224,The effect of tactile-kinesthetic stimulation on growth indices of healthy neonates.,10.1016/j.jbmt.2017.08.005,,Journal Article;Randomized Controlled Trial,True,[],THERAPEUTIC_TOUCH,False,ELIGIBILITY_SCREENING_PENDING,https://pubmed.ncbi.nlm.nih.gov/29861224/,2026-09-30
29861585,Physio-anatomical resemblance of inferior hypogastric plexus with Muladhara Chakra: A cadaveric study.,10.4103/ayu.AYU_140_17,PMC5954253,Journal Article;Review,True,[],CHAKRA_AURA,False,ELIGIBILITY_SCREENING_PENDING,https://pubmed.ncbi.nlm.nih.gov/29861585/,2026-09-30
29883196,Use of Complementary Health Practices in a Church-Based African American Cohort.,10.1089/acm.2018.0076,PMC7364304,Journal Article,True,[],REIKI,False,ELIGIBILITY_SCREENING_PENDING,https://pubmed.ncbi.nlm.nih.gov/29883196/,2026-09-30
29913831,Pulsed radiofrequency in peripheral posttraumatic neuropathic pain: A double blind sham controlled randomized clinical trial.,10.1016/j.sjpain.2012.04.004,,Journal Article,True,[],RADIONICS,True,SEE_EARLIER_REGISTER,https://pubmed.ncbi.nlm.nih.gov/29913831/,2026-09-30
29916575,[Le Tibetan Singing Bowls e l'intervento musicoterapeutico.].,,,Journal Article,True,[],CHAKRA_AURA,False,ELIGIBILITY_SCREENING_PENDING,https://pubmed.ncbi.nlm.nih.gov/29916575/,2026-09-30
29921143,Individual Treatment of Posttraumatic Stress Disorder Using Mantram Repetition: A Randomized Clinical Trial.,10.1176/appi.ajp.2018.17060611,,"Comparative Study;Journal Article;Randomized Controlled Trial;Research Support, U.S. Gov't, Non-P.H.S.",True,"[{""type"": ""CommentIn"", ""pmid"": ""30269545""}]",MANTRA_PRACTICES,False,ELIGIBILITY_SCREENING_PENDING,https://pubmed.ncbi.nlm.nih.gov/29921143/,2026-09-30
29925157,[Stereotactic biopsy in the accurate diagnosis of lesions in the brain stem and deep brain].,10.3760/cma.j.issn.0376-2491.2018.22.009,,Journal Article,True,[],RADIONICS,False,ELIGIBILITY_SCREENING_PENDING,https://pubmed.ncbi.nlm.nih.gov/29925157/,2026-09-30
30022894,Transcriptional Changes in Cancer Cells Induced by Exposure to a Healing Method.,10.1177/1559325818782843,PMC6047252,Journal Article,True,[],BENGSTON_METHOD,True,SEE_EARLIER_REGISTER,https://pubmed.ncbi.nlm.nih.gov/30022894/,2026-09-30
30057036,Misinterpretation of the results from meta-analysis about the effects of reiki on pain.,10.1016/j.ctcp.2018.06.005,,Letter;Comment,False,"[{""type"": ""CommentOn"", ""pmid"": ""29551623""}]",REIKI,False,ELIGIBILITY_SCREENING_PENDING,https://pubmed.ncbi.nlm.nih.gov/30057036/,2026-09-30
30066319,[Complementary Therapy for Patients With Limb Trauma Pain in the Emergency Department].,10.6224/JN.201808_65(4).04,,Journal Article,True,[],THERAPEUTIC_TOUCH,False,ELIGIBILITY_SCREENING_PENDING,https://pubmed.ncbi.nlm.nih.gov/30066319/,2026-09-30
30066557,[The anatomy basis and clinical application of the horn fasciocutaneous perforator flaps for the reconstruction of the defects on finger soft tissue].,,,Journal Article,True,[],SOUND_HEALING,False,ELIGIBILITY_SCREENING_PENDING,https://pubmed.ncbi.nlm.nih.gov/30066557/,2026-09-30
30076965,Complementary and Alternative Medicine in Hospice and Palliative Care: A Systematic Review.,10.1016/j.jpainsymman.2018.07.016,,Journal Article;Systematic Review,True,[],REIKI,False,ELIGIBILITY_SCREENING_PENDING,https://pubmed.ncbi.nlm.nih.gov/30076965/,2026-09-30
30147818,The Geometry of Emotions: Using Chakra Acupuncture and 5-Phase Theory to Describe Personality Archetypes for Clinical Use.,10.1089/acu.2018.1288,PMC6106753,Journal Article,True,[],CHAKRA_AURA,False,ELIGIBILITY_SCREENING_PENDING,https://pubmed.ncbi.nlm.nih.gov/30147818/,2026-09-30
30170509,Reiki for Pain During Hemodialysis: A Feasibility and Instrument Evaluation Study.,10.1177/0898010118797195,,Journal Article,True,[],REIKI,False,ELIGIBILITY_SCREENING_PENDING,https://pubmed.ncbi.nlm.nih.gov/30170509/,2026-09-30
30179378,"The Consumer-Driven CAM Movement Cupping, Reiki and tai chi among the alternatives gaining favor with patients and as a result, hospital systems.",,,Journal Article,False,[],REIKI,False,ELIGIBILITY_SCREENING_PENDING,https://pubmed.ncbi.nlm.nih.gov/30179378/,2026-09-30
30184531,YXQ-EQ Induces Apoptosis and Inhibits Signaling Pathways Important for Metastasis in Non-Small Cell Lung Carcinoma Cells.,10.1159/000493223,,Journal Article,True,[],EXTERNAL_QIGONG,False,ELIGIBILITY_SCREENING_PENDING,https://pubmed.ncbi.nlm.nih.gov/30184531/,2026-09-30
30197027,"[Prevalence and expectations of ""alternative and complementary medicine"" use during radiotherapy in 2016: A prospective study].",10.1016/j.canrad.2018.06.016,,Journal Article,True,[],HEALING_TOUCH,False,ELIGIBILITY_SCREENING_PENDING,https://pubmed.ncbi.nlm.nih.gov/30197027/,2026-09-30
30245732,"Effects of Mantra Meditation versus Music Listening on Knee Pain, Function, and Related Outcomes in Older Adults with Knee Osteoarthritis: An Exploratory Randomized Clinical Trial (RCT).",10.1155/2018/7683897,PMC6136530,Journal Article,True,[],MANTRA_PRACTICES,True,SEE_EARLIER_REGISTER,https://pubmed.ncbi.nlm.nih.gov/30245732/,2026-09-30
30247960,Cancer Pain Relief After Healing Touch and Massage.,10.1089/acm.2018.0192,,Journal Article;Observational Study,True,[],HEALING_TOUCH,False,ELIGIBILITY_SCREENING_PENDING,https://pubmed.ncbi.nlm.nih.gov/30247960/,2026-09-30
30249626,Mantra meditation programme for emergency department staff: a qualitative study.,10.1136/bmjopen-2017-020685,PMC6157509,"Journal Article;Research Support, Non-U.S. Gov't",True,[],MANTRA_PRACTICES,False,ELIGIBILITY_SCREENING_PENDING,https://pubmed.ncbi.nlm.nih.gov/30249626/,2026-09-30
30292451,Outcomes of Vital Pulp Therapy Using Mineral Trioxide Aggregate or Biodentine: A Prospective Randomized Clinical Trial.,10.1016/j.joen.2018.08.004,,Journal Article;Randomized Controlled Trial,True,[],,True,SEE_EARLIER_REGISTER,https://pubmed.ncbi.nlm.nih.gov/30292451/,2026-09-30
30297988,"The Immediate Effect of Therapeutic Touch and Deep Touch Pressure on Range of Motion, Interoceptive Accuracy and Heart Rate Variability: A Randomized Controlled Trial With Moderation Analysis.",10.3389/fnint.2018.00041,PMC6160827,Journal Article,True,"[{""type"": ""ErratumIn"", ""pmid"": ""32508602""}]",THERAPEUTIC_TOUCH,False,ELIGIBILITY_SCREENING_PENDING,https://pubmed.ncbi.nlm.nih.gov/30297988/,2026-09-30
30305254,Characterizing Websites That Provide Information About Complementary and Integrative Health: Systematic Search and Evaluation of Five Domains.,10.2196/ijmr.9803,PMC6231734,Journal Article,True,[],REIKI,False,ELIGIBILITY_SCREENING_PENDING,https://pubmed.ncbi.nlm.nih.gov/30305254/,2026-09-30
30367804,"Effects of Spiritist ""passe"" (Spiritual healing) on stress hormone, pain, physiological parameters and length of stay in preterm newborns: a randomized, double-blind controlled trial.",10.1515/jcim-2018-0015,,Journal Article;Randomized Controlled Trial,True,[],THERAPEUTIC_TOUCH,False,ELIGIBILITY_SCREENING_PENDING,https://pubmed.ncbi.nlm.nih.gov/30367804/,2026-09-30
30425012,The effect of Therapeutic Touch on Back Pain in Adults on a Neurological Unit: An Experimental Pilot Study.,10.1016/j.pmn.2018.09.002,,Journal Article;Randomized Controlled Trial,True,[],THERAPEUTIC_TOUCH,False,ELIGIBILITY_SCREENING_PENDING,https://pubmed.ncbi.nlm.nih.gov/30425012/,2026-09-30
30485713,Short-term Sahaja Yoga meditation training modulates brain structure and spontaneous activity in the executive control network.,10.1002/brb3.1159,PMC6346416,"Journal Article;Research Support, Non-U.S. Gov't",True,[],SAHAJA_YOGA,True,SEE_EARLIER_REGISTER,https://pubmed.ncbi.nlm.nih.gov/30485713/,2026-09-30
30497199,Efficacy of limited hippocampal radiofrequency thermocoagulation for mesial temporal lobe epilepsy.,10.3171/2018.4.JNS184,,Case Reports;Journal Article,True,"[{""type"": ""CommentIn"", ""pmid"": ""30797194""}]",RADIONICS,False,ELIGIBILITY_SCREENING_PENDING,https://pubmed.ncbi.nlm.nih.gov/30497199/,2026-09-30
30578320,Dowsing for nodal lines in a topological semimetal.,10.1073/pnas.1820331116,PMC6347701,Journal Article;Comment,False,"[{""type"": ""CommentOn"", ""pmid"": ""30559211""}]",HEALING_DOWSING,False,ELIGIBILITY_SCREENING_PENDING,https://pubmed.ncbi.nlm.nih.gov/30578320/,2026-09-30
30595318,Effect of Heartfulness cleaning and meditation on heart rate variability.,10.1016/j.ihj.2018.05.004,PMC6309138,Journal Article,True,[],HEARTFULNESS,False,ELIGIBILITY_SCREENING_PENDING,https://pubmed.ncbi.nlm.nih.gov/30595318/,2026-09-30
30670251,"Pediatric perioperative measures of sleep, pain, anxiety and anesthesia emergence: A healing touch proof of concept randomized clinical trial.",10.1016/j.ctim.2018.11.027,,Journal Article;Randomized Controlled Trial,True,[],HEALING_TOUCH,False,ELIGIBILITY_SCREENING_PENDING,https://pubmed.ncbi.nlm.nih.gov/30670251/,2026-09-30
30671155,"Re: ""The Geometry of Emotions: Using Chakra Acupuncture and 5-Phase Theory to Describe Personality Archetypes for Clinical Use"" by Chase (Med Acupunct. 2018;30(4):167-178).",10.1089/acu.2018.1324,PMC6338556,Journal Article,False,[],CHAKRA_AURA,False,ELIGIBILITY_SCREENING_PENDING,https://pubmed.ncbi.nlm.nih.gov/30671155/,2026-09-30
30679411,A Farmer Becoming a Quasi-doctor: The Daegok Diary and Rural Healthcare from the 1960s to the 1980s.,10.13081/kjmh.2018.27.397,PMC10565051,Historical Article;Journal Article,True,[],,True,SEE_EARLIER_REGISTER,https://pubmed.ncbi.nlm.nih.gov/30679411/,2026-09-30
30702038,Implementing quality improvement through knowledge brokering: a Dutch case study.,10.1108/LHS-06-2017-0034,,Journal Article,True,[],EXTERNAL_QIGONG,False,ELIGIBILITY_SCREENING_PENDING,https://pubmed.ncbi.nlm.nih.gov/30702038/,2026-09-30
30705557,The diaphyseal aseptic tibial nonunions after failed previous treatment options managed with the reamed intramedullary locking nail.,10.1016/j.jcot.2017.08.006,PMC6349606,Journal Article,True,[],SOUND_HEALING,False,ELIGIBILITY_SCREENING_PENDING,https://pubmed.ncbi.nlm.nih.gov/30705557/,2026-09-30
30709783,Remote meditation support - a multimodal distant intention experiment.,10.1016/j.explore.2018.12.002,,"Journal Article;Research Support, Non-U.S. Gov't",True,[],DISTANCE_HEALING,False,ELIGIBILITY_SCREENING_PENDING,https://pubmed.ncbi.nlm.nih.gov/30709783/,2026-09-30
30709784,Mesmer Reconsidered: From Animal Magnetism to the Biofield.,10.1016/j.explore.2018.12.010,,Historical Article;Journal Article,False,[],THERAPEUTIC_TOUCH,False,ELIGIBILITY_SCREENING_PENDING,https://pubmed.ncbi.nlm.nih.gov/30709784/,2026-09-30
30733893,Factors Influencing Work-Life Balance in Physicians and Advance Practice Clinicians and the Effect of Heartfulness Meditation Conference on Burnout.,10.1177/2164956118821056,PMC6343441,Journal Article,True,[],HEARTFULNESS,False,ELIGIBILITY_SCREENING_PENDING,https://pubmed.ncbi.nlm.nih.gov/30733893/,2026-09-30
30747304,Whose harm? Which metaphysic?,10.1007/s11017-019-09480-1,,Journal Article,True,[],CHRISTIAN_SCIENCE_HEALING,False,ELIGIBILITY_SCREENING_PENDING,https://pubmed.ncbi.nlm.nih.gov/30747304/,2026-09-30
30768419,"Reducing Preschool Behavior Problems in an Urban Mental Health Clinic: A Pragmatic, Non-Inferiority Trial.",10.1016/j.jaac.2018.08.013,PMC8745406,"Comparative Study;Equivalence Trial;Journal Article;Pragmatic Clinical Trial;Research Support, N.I.H., Extramural;Research Support, Non-U.S. Gov't;Randomized Controlled Trial",True,"[{""type"": ""CommentIn"", ""pmid"": ""30797039""}]",,True,SEE_EARLIER_REGISTER,https://pubmed.ncbi.nlm.nih.gov/30768419/,2026-09-30
30792957,A novel integrative healing services approach for neurosurgery inpatients: Preliminary experiences and cost calculations.,10.1016/j.inat.2018.04.012,PMC6380521,Journal Article,True,[],HEALING_TOUCH,False,ELIGIBILITY_SCREENING_PENDING,https://pubmed.ncbi.nlm.nih.gov/30792957/,2026-09-30
30834177,Energy Medicine: Current Status and Future Perspectives.,10.1177/2164956119831221,PMC6396053,Journal Article;Retracted Publication,True,"[{""type"": ""ExpressionOfConcernIn"", ""pmid"": ""33614256""}, {""type"": ""RetractionIn"", ""pmid"": ""33912359""}]",CHAKRA_AURA,False,ELIGIBILITY_SCREENING_PENDING,https://pubmed.ncbi.nlm.nih.gov/30834177/,2026-09-30
30860755,Alternative Medicine,,,Study Guide,True,[],REIKI,False,ELIGIBILITY_SCREENING_PENDING,https://pubmed.ncbi.nlm.nih.gov/30860755/,2026-09-30
30867236,To Lump or To Split: Does Strain Lineage for Clostridioides difficile Matter?,10.1128/JCM.00196-19,PMC6498015,"Journal Article;Research Support, N.I.H., Extramural;Comment",True,"[{""type"": ""CommentOn"", ""pmid"": ""30760531""}]",CHAKRA_AURA,False,ELIGIBILITY_SCREENING_PENDING,https://pubmed.ncbi.nlm.nih.gov/30867236/,2026-09-30
30870027,Implementing an Integrative Survivorship Program at a Comprehensive Cancer Center: A Multimodal Approach to Life After Cancer.,10.1089/acm.2018.0383,,Journal Article,True,[],REIKI;HEALING_TOUCH,False,ELIGIBILITY_SCREENING_PENDING,https://pubmed.ncbi.nlm.nih.gov/30870027/,2026-09-30
30935542,"Prevalence, patterns, and predictors of meditation use among U.S. children: Results from the National Health Interview Survey.",10.1016/j.ctim.2019.02.004,PMC6502253,Journal Article,True,[],MANTRA_PRACTICES,False,ELIGIBILITY_SCREENING_PENDING,https://pubmed.ncbi.nlm.nih.gov/30935542/,2026-09-30
30948444,"Reiki therapy for pain, anxiety and quality of life.",10.1136/bmjspcare-2019-001775,,Journal Article;Review,True,[],REIKI,False,ELIGIBILITY_SCREENING_PENDING,https://pubmed.ncbi.nlm.nih.gov/30948444/,2026-09-30
30982141,Effects of Hand Massage and Therapeutic Touch on Comfort and Anxiety Living in a Nursing Home in Turkey: A Randomized Controlled Trial.,10.1007/s10943-019-00813-x,,Journal Article;Randomized Controlled Trial,True,[],THERAPEUTIC_TOUCH,True,SEE_EARLIER_REGISTER,https://pubmed.ncbi.nlm.nih.gov/30982141/,2026-09-30
30997970,[Comparative analysis between orthopaedic manual therapy and osteopathy : focus on the Belgian situation].,,,Journal Article;Review,True,[],THERAPEUTIC_TOUCH,False,ELIGIBILITY_SCREENING_PENDING,https://pubmed.ncbi.nlm.nih.gov/30997970/,2026-09-30
30998026,"The ""Chicago School of Psychology"" and Hypnotic Magazine: Suggestive therapeutics, public psychologies, and new thought pluralism, 1895-1910.",10.1037/hop0000124,,Journal Article,True,[],CHRISTIAN_SCIENCE_HEALING,False,ELIGIBILITY_SCREENING_PENDING,https://pubmed.ncbi.nlm.nih.gov/30998026/,2026-09-30
31003689,"Clients of UK healers: A mixed methods survey of their demography, health problems, and experiences of healing.",10.1016/j.ctcp.2019.01.012,,Journal Article,True,[],REIKI,False,ELIGIBILITY_SCREENING_PENDING,https://pubmed.ncbi.nlm.nih.gov/31003689/,2026-09-30
31043916,Novice Meditators of an Easily Learnable Audible Mantram Sound Self-Induce an Increase in Vagal Tone During Short-term Practice: A Preliminary Study.,,PMC6469452,Journal Article,True,[],MANTRA_PRACTICES,False,ELIGIBILITY_SCREENING_PENDING,https://pubmed.ncbi.nlm.nih.gov/31043916/,2026-09-30
31046557,The Power of Reiki: Feasibility and Efficacy of Reducing Pain in Children With Cancer Undergoing Hematopoietic Stem Cell Transplantation.,10.1177/1043454219845879,,Journal Article,True,[],REIKI,False,ELIGIBILITY_SCREENING_PENDING,https://pubmed.ncbi.nlm.nih.gov/31046557/,2026-09-30
31062207,Effect of Therapeutic Touch on Sleep Quality in Elders Living at Nursing Homes.,10.1007/s10943-019-00831-9,,Journal Article;Randomized Controlled Trial,True,[],THERAPEUTIC_TOUCH,False,ELIGIBILITY_SCREENING_PENDING,https://pubmed.ncbi.nlm.nih.gov/31062207/,2026-09-30
31076901,Strategies of complementary and integrative therapies in cancer-related pain-attaining exhaustive cancer pain management.,10.1007/s00520-019-04829-7,,Journal Article;Review,True,[],HEALING_TOUCH,False,ELIGIBILITY_SCREENING_PENDING,https://pubmed.ncbi.nlm.nih.gov/31076901/,2026-09-30
31132779,Use of Complementary and Alternative Medicines among Cancer Patients: A Single-Center Study.,10.1159/000499629,,Journal Article,True,[],HEALING_TOUCH,False,ELIGIBILITY_SCREENING_PENDING,https://pubmed.ncbi.nlm.nih.gov/31132779/,2026-09-30
31138977,Evaluation of the Mantram Repetition Program for Health Care Providers.,,PMC6530661,Journal Article,True,[],MANTRA_PRACTICES,False,ELIGIBILITY_SCREENING_PENDING,https://pubmed.ncbi.nlm.nih.gov/31138977/,2026-09-30
31139634,Changes in Heart Rate Variability During Heartfulness Meditation: A Power Spectral Analysis Including the Residual Spectrum.,10.3389/fcvm.2019.00062,PMC6527777,Journal Article,True,[],HEARTFULNESS,False,ELIGIBILITY_SCREENING_PENDING,https://pubmed.ncbi.nlm.nih.gov/31139634/,2026-09-30
31210499,[The effect of a polarity intervention on the insomnia and anxiety in middle-aged Quebec women].,10.3917/rsi.136.0043,,Journal Article;Randomized Controlled Trial,True,[],POLARITY_THERAPY,True,SEE_EARLIER_REGISTER,https://pubmed.ncbi.nlm.nih.gov/31210499/,2026-09-30
31233312,"""Do capuchins (Sapajus apella) know how well they will remember? Analysis of delay length-dependency with memory strategies"": Correction to Kishimoto, Iwasaki, and Fujita (2019).",10.1037/com0000180,,Journal Article;Published Erratum,True,"[{""type"": ""ErratumFor"", ""pmid"": ""30640486""}]",REIKI,False,ELIGIBILITY_SCREENING_PENDING,https://pubmed.ncbi.nlm.nih.gov/31233312/,2026-09-30
31239023,The Impact of Heartfulness-based Elective on Middle School Students.,10.5993/AJHB.43.4.14,,Journal Article,True,[],HEARTFULNESS,False,ELIGIBILITY_SCREENING_PENDING,https://pubmed.ncbi.nlm.nih.gov/31239023/,2026-09-30
31331581,Intervention fidelity monitoring of Urban Zen Integrative Therapy (UZIT) for persons with pulmonary hypertension.,10.1016/j.ctim.2019.03.008,,Journal Article,True,[],REIKI,False,ELIGIBILITY_SCREENING_PENDING,https://pubmed.ncbi.nlm.nih.gov/31331581/,2026-09-30
31341443,The Effects of Meditation on Twin Hearts on P300 Values: A Repeated Measures Comparison of Nonmeditators and the Experienced.,,PMC6601447,Journal Article,True,[],PRANIC_HEALING,False,ELIGIBILITY_SCREENING_PENDING,https://pubmed.ncbi.nlm.nih.gov/31341443/,2026-09-30
31450520,Occupational therapy with Nordic walking and therapeutic touch: A pilot study for multidisciplinary rehabilitation in Parkinson's disease.,10.3233/NRE-192772,,Journal Article;Randomized Controlled Trial,True,[],THERAPEUTIC_TOUCH,False,ELIGIBILITY_SCREENING_PENDING,https://pubmed.ncbi.nlm.nih.gov/31450520/,2026-09-30
31469240,A person-centred team approach targeting agitated and aggressive behaviour amongst nursing home residents with dementia using the Senses Framework.,10.1111/opn.12269,,Journal Article;Multicenter Study,True,[],THERAPEUTIC_TOUCH,False,ELIGIBILITY_SCREENING_PENDING,https://pubmed.ncbi.nlm.nih.gov/31469240/,2026-09-30
31492551,The effects of meditation on the performance and well-being of a company: A pilot study.,10.1016/j.explore.2019.07.014,,Journal Article,True,[],DISTANCE_HEALING,False,ELIGIBILITY_SCREENING_PENDING,https://pubmed.ncbi.nlm.nih.gov/31492551/,2026-09-30
31493135,Development of an evidence-based decision aid on complementary and alternative medicine (CAM) and pain for parents of children with cancer.,10.1007/s00520-019-05058-8,PMC7083801,Journal Article;Meta-Analysis;Systematic Review,True,[],HEALING_TOUCH,False,ELIGIBILITY_SCREENING_PENDING,https://pubmed.ncbi.nlm.nih.gov/31493135/,2026-09-30
31523257,Impact of hot stone massage therapy on sleep quality in patients on maintenance hemodialysis: A randomized controlled trial.,10.4103/jrms.JRMS_734_18,PMC6734672,Journal Article,True,[],CHAKRA_AURA,False,ELIGIBILITY_SCREENING_PENDING,https://pubmed.ncbi.nlm.nih.gov/31523257/,2026-09-30
31544386,[Exploration on professor ZHU Mian-sheng's space-time acupuncture of the eightfold method of the sacred tortoise].,10.13703/j.0255-2930.2019.09.014,,Journal Article,True,[],EXTERNAL_QIGONG,False,ELIGIBILITY_SCREENING_PENDING,https://pubmed.ncbi.nlm.nih.gov/31544386/,2026-09-30
31621414,The lived experience of Buddhist-oriented religious coping in late life: Buddhism as a cognitive schema.,10.1177/1359105319882741,,Journal Article,True,[],MANTRA_PRACTICES,False,ELIGIBILITY_SCREENING_PENDING,https://pubmed.ncbi.nlm.nih.gov/31621414/,2026-09-30
31632617,Targeting hyperarousal: Mantram Repetition Program for PTSD in US veterans.,10.1080/20008198.2019.1665768,PMC6781252,Journal Article,True,[],MANTRA_PRACTICES,False,ELIGIBILITY_SCREENING_PENDING,https://pubmed.ncbi.nlm.nih.gov/31632617/,2026-09-30
31632840,Didgeridoo Sound Meditation for Stress Reduction and Mood Enhancement in Undergraduates: A Randomized Controlled Trial.,10.1177/2164956119879367,PMC6769210,Journal Article,True,[],SOUND_HEALING,True,SEE_EARLIER_REGISTER,https://pubmed.ncbi.nlm.nih.gov/31632840/,2026-09-30
31632842,Acupressure and Therapeutic Touch in Childhood Cancer to Promote Subjective and Intersubjective Experiences of Well-being During Curative Treatment.,10.1177/2164956119880143,PMC6769200,Journal Article,True,[],THERAPEUTIC_TOUCH,False,ELIGIBILITY_SCREENING_PENDING,https://pubmed.ncbi.nlm.nih.gov/31632842/,2026-09-30
31638407,A Large-Scale Effectiveness Trial of Reiki for Physical and Psychological Health.,10.1089/acm.2019.0022,,Journal Article,True,[],REIKI,False,ELIGIBILITY_SCREENING_PENDING,https://pubmed.ncbi.nlm.nih.gov/31638407/,2026-09-30
31642490,"Educate, Try, and Share: A Feasibility Study to Assess the Acceptance and Use of Reiki as an Adjunct Therapy for Chronic Pain in Military Health Care Facilities.",10.1093/milmed/usz271,,"Journal Article;Research Support, U.S. Gov't, Non-P.H.S.",True,[],REIKI,False,ELIGIBILITY_SCREENING_PENDING,https://pubmed.ncbi.nlm.nih.gov/31642490/,2026-09-30
31668156,Meditation-induced psychosis: a narrative review and individual patient data analysis.,10.1017/ipm.2019.47,,Journal Article;Review,True,[],PRANIC_HEALING,False,ELIGIBILITY_SCREENING_PENDING,https://pubmed.ncbi.nlm.nih.gov/31668156/,2026-09-30
31681085,What Is Meditation? Proposing an Empirically Derived Classification System.,10.3389/fpsyg.2019.02276,PMC6803504,Journal Article,True,[],MANTRA_PRACTICES,False,ELIGIBILITY_SCREENING_PENDING,https://pubmed.ncbi.nlm.nih.gov/31681085/,2026-09-30
31778102,Secularism in science: The role of religious affiliation in assessments of scientists' trustworthiness.,10.1177/0963662519888599,,Journal Article,True,[],CHRISTIAN_SCIENCE_HEALING,False,ELIGIBILITY_SCREENING_PENDING,https://pubmed.ncbi.nlm.nih.gov/31778102/,2026-09-30
31780011,Could complementary health approaches improve the symptom experience and outcomes of critically ill adults? A systematic review of randomized controlled trials.,10.1016/j.ctim.2019.07.025,,Journal Article;Systematic Review,True,[],REIKI;THERAPEUTIC_TOUCH;HEALING_TOUCH,False,ELIGIBILITY_SCREENING_PENDING,https://pubmed.ncbi.nlm.nih.gov/31780011/,2026-09-30
31803691,"Healing touch of doctors - Today, tomorrow and always.",10.4103/jfmpc.jfmpc_800_19,PMC6881925,Journal Article,False,[],HEALING_TOUCH,False,ELIGIBILITY_SCREENING_PENDING,https://pubmed.ncbi.nlm.nih.gov/31803691/,2026-09-30
31928064,Searching for a 'new magical world': the contradictions of CAM and new age therapies in the West.,10.1080/13648470.2018.1544605,,Journal Article,True,[],REIKI,False,ELIGIBILITY_SCREENING_PENDING,https://pubmed.ncbi.nlm.nih.gov/31928064/,2026-09-30
31977236,Testing the Pagan Prescription: Using a Randomized Controlled Trial to Investigate Pagan Spell-Casting as a Form of Noncontact Healing.,10.1089/acm.2019.0279,,Journal Article;Randomized Controlled Trial,True,[],DISTANCE_HEALING,True,SEE_EARLIER_REGISTER,https://pubmed.ncbi.nlm.nih.gov/31977236/,2026-09-30
32002940,Current Research on Complementary and Alternative Medicine (CAM) in the Treatment of Anxiety Disorders: An Evidence-Based Review.,10.1007/978-981-32-9705-0_22,,Journal Article;Review,True,[],REIKI;THERAPEUTIC_TOUCH,False,ELIGIBILITY_SCREENING_PENDING,https://pubmed.ncbi.nlm.nih.gov/32002940/,2026-09-30
32050311,Motion-Preserving Navigated Primary Internal Fixation of Unstable C1 Fractures.,10.31616/asj.2019.0189,PMC7435319,Journal Article,True,[],SOUND_HEALING,False,ELIGIBILITY_SCREENING_PENDING,https://pubmed.ncbi.nlm.nih.gov/32050311/,2026-09-30
32100622,Implementation of a Volunteer Reiki Program at an Academic Medical Center in the Midwest.,10.1177/0898010120907734,,Journal Article,True,[],REIKI,False,ELIGIBILITY_SCREENING_PENDING,https://pubmed.ncbi.nlm.nih.gov/32100622/,2026-09-30
32107160,The effect of preoperative Reiki application on patient anxiety levels.,10.1016/j.explore.2020.01.003,,Journal Article,True,[],REIKI,False,ELIGIBILITY_SCREENING_PENDING,https://pubmed.ncbi.nlm.nih.gov/32107160/,2026-09-30
32128052,Heartfulness meditation improves sleep in chronic insomnia.,10.1080/20009666.2019.1710948,PMC7034439,Journal Article,True,[],HEARTFULNESS,False,ELIGIBILITY_SCREENING_PENDING,https://pubmed.ncbi.nlm.nih.gov/32128052/,2026-09-30
32147030,Non-pharmacological interventions for anxiety in burn patients: A systematic review and meta-analysis of randomized controlled trials.,10.1016/j.ctim.2020.102341,,Journal Article;Meta-Analysis;Systematic Review,True,[],THERAPEUTIC_TOUCH,False,ELIGIBILITY_SCREENING_PENDING,https://pubmed.ncbi.nlm.nih.gov/32147030/,2026-09-30
32147038,Effect of complementary and alternative medicine interventions on cancer related pain among breast cancer patients: A systematic review.,10.1016/j.ctim.2020.102318,,Journal Article;Systematic Review,True,[],REIKI,False,ELIGIBILITY_SCREENING_PENDING,https://pubmed.ncbi.nlm.nih.gov/32147038/,2026-09-30
32224256,"A caregiver, an expert, a patient: How complementary therapies support the roles of parents of children with life threatening conditions in hospital settings.",10.1016/j.explore.2020.02.017,,Journal Article,True,[],REIKI,False,ELIGIBILITY_SCREENING_PENDING,https://pubmed.ncbi.nlm.nih.gov/32224256/,2026-09-30
32236440,Veterans Team Recovery Integrative Immersion Process (Vet TRIIP): A Qualitative Evaluation of Participation and Impact.,10.1093/milmed/usaa053,,"Journal Article;Research Support, Non-U.S. Gov't;Research Support, U.S. Gov't, Non-P.H.S.",True,[],REIKI,False,ELIGIBILITY_SCREENING_PENDING,https://pubmed.ncbi.nlm.nih.gov/32236440/,2026-09-30
32284695,Effects Induced In Vivo by Exposure to Magnetic Signals Derived From a Healing Technique.,10.1177/1559325820907741,PMC7119239,Journal Article,True,[],BENGSTON_METHOD,True,SEE_EARLIER_REGISTER,https://pubmed.ncbi.nlm.nih.gov/32284695/,2026-09-30
32312087,In Attention to Pain: Governance and Bodies in Brazil.,10.1080/01459740.2020.1740216,,"Journal Article;Research Support, Non-U.S. Gov't",True,[],HEALING_TOUCH,False,ELIGIBILITY_SCREENING_PENDING,https://pubmed.ncbi.nlm.nih.gov/32312087/,2026-09-30
32361655,A systematic review of the effectiveness of interventions designed for mothers who experienced child sexual abuse.,10.1016/j.chiabu.2020.104401,,Journal Article;Systematic Review,True,[],REIKI,False,ELIGIBILITY_SCREENING_PENDING,https://pubmed.ncbi.nlm.nih.gov/32361655/,2026-09-30
32362016,Use of complementary and alternative medicine treatments by mothers of children with developmental disabilities: a cross sectional study.,10.1111/nhs.12733,,Journal Article,True,[],REIKI,False,ELIGIBILITY_SCREENING_PENDING,https://pubmed.ncbi.nlm.nih.gov/32362016/,2026-09-30
32364462,The Perceived Credibility of Complementary and Alternative Medicine: A Survey of Undergraduate and Graduate Students.,10.1080/00207144.2020.1756695,,Journal Article,True,[],THERAPEUTIC_TOUCH,False,ELIGIBILITY_SCREENING_PENDING,https://pubmed.ncbi.nlm.nih.gov/32364462/,2026-09-30
32404727,The Effect of Healing Touch on Critical Care Patients' Vital Signs: A Pilot Study.,10.1097/HNP.0000000000000394,,Journal Article,True,[],HEALING_TOUCH,False,ELIGIBILITY_SCREENING_PENDING,https://pubmed.ncbi.nlm.nih.gov/32404727/,2026-09-30
32408085,"Vaccine hesitancy is strongly associated with distrust of conventional medicine, and only weakly associated with trust in alternative medicine.",10.1016/j.socscimed.2020.113019,,"Journal Article;Research Support, Non-U.S. Gov't",True,[],REIKI,False,ELIGIBILITY_SCREENING_PENDING,https://pubmed.ncbi.nlm.nih.gov/32408085/,2026-09-30
32415423,The Effect of Therapeutic Touch on the Comfort and Anxiety of Nursing Home Residents.,10.1007/s10943-020-01025-4,,Journal Article;Randomized Controlled Trial,True,[],THERAPEUTIC_TOUCH,False,ELIGIBILITY_SCREENING_PENDING,https://pubmed.ncbi.nlm.nih.gov/32415423/,2026-09-30
32508602,"Corrigendum: The Immediate Effect of Therapeutic Touch and Deep Touch Pressure on Range of Motion, Interoceptive Accuracy and Heart Rate Variability: A Randomized Controlled Trial With Moderation Analysis.",10.3389/fnint.2020.00028,PMC7251474,Published Erratum,True,"[{""type"": ""ErratumFor"", ""pmid"": ""30297988""}]",THERAPEUTIC_TOUCH,False,ELIGIBILITY_SCREENING_PENDING,https://pubmed.ncbi.nlm.nih.gov/32508602/,2026-09-30
32527256,Predictors of the use and approval of CAM: results from the German General Social Survey (ALLBUS).,10.1186/s12906-020-02966-9,PMC7291752,Journal Article,True,[],HEALING_DOWSING,True,SEE_EARLIER_REGISTER,https://pubmed.ncbi.nlm.nih.gov/32527256/,2026-09-30
32551797,"International Cross-Sectional Study on the Effectiveness of Okada Purifying Therapy, a Biofield Therapy, for the Relief of Various Symptoms.",10.1089/acm.2019.0264,PMC7410282,Journal Article,True,[],,True,SEE_EARLIER_REGISTER,https://pubmed.ncbi.nlm.nih.gov/32551797/,2026-09-30
32618216,Effects of Reiki on Pain and Anxiety in Women Hospitalized for Obstetrical- and Gynecological-Related Conditions.,10.1177/0898010120936437,,Journal Article,True,"[{""type"": ""ErratumIn"", ""pmid"": ""36398997""}]",REIKI,False,ELIGIBILITY_SCREENING_PENDING,https://pubmed.ncbi.nlm.nih.gov/32618216/,2026-09-30
32637529,Primary and secondary perforator-based flap-in-flap reconstructions of postexcisional head and neck soft tissue defects.,10.1016/j.jpra.2020.05.001,PMC7326723,Journal Article,True,"[{""type"": ""ErratumIn"", ""pmid"": ""34901370""}]",BIOGEOMETRY,True,SEE_EARLIER_REGISTER,https://pubmed.ncbi.nlm.nih.gov/32637529/,2026-09-30
32649851,Jin Shin Jyutsu® Self-Help Reduces Nurse Stress: A Randomized Controlled Study.,10.1177/0898010120938922,,Journal Article;Randomized Controlled Trial,True,"[{""type"": ""ErratumIn"", ""pmid"": ""36398997""}]",JIN_SHIN_JYUTSU,True,SEE_EARLIER_REGISTER,https://pubmed.ncbi.nlm.nih.gov/32649851/,2026-09-30
32721212,Inter-Rater Agreement of Biofield Tuning: Testing a Novel Health Assessment Procedure.,10.1089/acm.2020.0159,,Journal Article,True,[],BIOFIELD_TUNING,True,SEE_EARLIER_REGISTER,https://pubmed.ncbi.nlm.nih.gov/32721212/,2026-09-30
32728837,The influence of perioperative interventions targeting psychological distress on clinical outcome after total knee arthroplasty.,10.1007/s00296-020-04644-y,PMC7591436,Journal Article;Systematic Review,True,[],REIKI,False,ELIGIBILITY_SCREENING_PENDING,https://pubmed.ncbi.nlm.nih.gov/32728837/,2026-09-30
32778391,The effect of Reiki and guided imagery intervention on pain and fatigue in oncology patients: A non-randomized controlled study.,10.1016/j.explore.2020.07.009,,Controlled Clinical Trial;Journal Article,True,[],REIKI,False,ELIGIBILITY_SCREENING_PENDING,https://pubmed.ncbi.nlm.nih.gov/32778391/,2026-09-30
32798173,Prospective empirical test suite for energy practitioners.,10.1016/j.explore.2020.07.010,,"Journal Article;Research Support, Non-U.S. Gov't",True,[],REIKI;HEALING_TOUCH,False,ELIGIBILITY_SCREENING_PENDING,https://pubmed.ncbi.nlm.nih.gov/32798173/,2026-09-30
32811741,Alternative treatment with Johrei: A controlled randomized study evaluating seed physiological potential.,10.1016/j.explore.2020.07.012,,Journal Article;Randomized Controlled Trial,True,[],DISTANCE_HEALING;JOHREI,True,SEE_EARLIER_REGISTER,https://pubmed.ncbi.nlm.nih.gov/32811741/,2026-09-30
32852138,Effect of laying on of hands as a complementary therapy for pain and functioning in older women with knee osteoarthritis: A randomized controlled clinical trial.,10.1111/1756-185X.13952,,Journal Article;Randomized Controlled Trial,True,"[{""type"": ""CommentIn"", ""pmid"": ""33459530""}]",THERAPEUTIC_TOUCH,False,ELIGIBILITY_SCREENING_PENDING,https://pubmed.ncbi.nlm.nih.gov/32852138/,2026-09-30
32871021,Complementary and alternative therapies for post-caesarean pain.,10.1002/14651858.CD011216.pub2,PMC9701535,Journal Article;Meta-Analysis;Systematic Review,True,"[{""type"": ""UpdateOf"", ""pmid"": null}]",REIKI,False,ELIGIBILITY_SCREENING_PENDING,https://pubmed.ncbi.nlm.nih.gov/32871021/,2026-09-30
32871687,Effectiveness of an alternative intervention in the treatment of depressive symptoms.,10.1016/j.jad.2020.06.060,,"Journal Article;Randomized Controlled Trial;Research Support, Non-U.S. Gov't",True,[],REIKI,False,ELIGIBILITY_SCREENING_PENDING,https://pubmed.ncbi.nlm.nih.gov/32871687/,2026-09-30
32884193,Retrospective Cohort Observational Study on the Single Best Perforator-Based Pacman Flap in the Reconstruction of Stage IV Sacral Region Pressure Ulcers.,10.1055/s-0040-1714318,PMC7458835,Journal Article,True,[],BIOGEOMETRY,True,SEE_EARLIER_REGISTER,https://pubmed.ncbi.nlm.nih.gov/32884193/,2026-09-30
32931459,Development of a Healthcare Approach Focusing on Subtle Energies: The Case of Eden Energy Medicine.,,,Journal Article,True,[],EDEN_ENERGY_MEDICINE,True,SEE_EARLIER_REGISTER,https://pubmed.ncbi.nlm.nih.gov/32931459/,2026-09-30
32952783,"Response to Robinson re: ""The Geometry of Emotions: Using Chakra Acupuncture and 5-Phase Theory to Describe Personality Archetypes for Clinical Use"".",10.1089/acu.2018.29103.crc,PMC7497962,Journal Article,False,[],CHAKRA_AURA,False,ELIGIBILITY_SCREENING_PENDING,https://pubmed.ncbi.nlm.nih.gov/32952783/,2026-09-30
33053005,Massage and Reiki to reduce stress and improve quality of life: a randomized clinical trial.,10.1590/S1980-220X2018059103612,,Journal Article;Randomized Controlled Trial,True,[],REIKI,True,SEE_EARLIER_REGISTER,https://pubmed.ncbi.nlm.nih.gov/33053005/,2026-09-30
33056083,Novel taxa of Cheilostomata Bryozoa discovered in the historical backlogs of the Iziko South African Museum.,10.11646/zootaxa.4820.1.5,,Journal Article,True,[],CHAKRA_AURA,False,ELIGIBILITY_SCREENING_PENDING,https://pubmed.ncbi.nlm.nih.gov/33056083/,2026-09-30
33096504,"Meditation, well-being and cognition in heartfulness meditators - A pilot study.",10.1016/j.concog.2020.103032,,"Journal Article;Research Support, Non-U.S. Gov't",True,[],HEARTFULNESS,False,ELIGIBILITY_SCREENING_PENDING,https://pubmed.ncbi.nlm.nih.gov/33096504/,2026-09-30
33111740,"Reiki protocol for preoperative anxiety, depression, and well-being: a non-randomized controlled trial.",10.1590/S1980-220X2019012403630,,Controlled Clinical Trial;Journal Article,True,[],REIKI,False,ELIGIBILITY_SCREENING_PENDING,https://pubmed.ncbi.nlm.nih.gov/33111740/,2026-09-30
33128534,Effects of Reiki Session Excluding the Variables Responsible for the Placebo Effect on a Group of Adults.,,,Journal Article,True,[],REIKI,False,ELIGIBILITY_SCREENING_PENDING,https://pubmed.ncbi.nlm.nih.gov/33128534/,2026-09-30
33131628,"Reiki, Nursing, and Health Care.",10.1016/j.cnur.2020.06.018,,Journal Article;Review,True,[],REIKI,False,ELIGIBILITY_SCREENING_PENDING,https://pubmed.ncbi.nlm.nih.gov/33131628/,2026-09-30
33131629,Reiki: Defining a Healing Practice for Nursing.,10.1016/j.cnur.2020.06.017,,Journal Article;Review,True,[],REIKI,False,ELIGIBILITY_SCREENING_PENDING,https://pubmed.ncbi.nlm.nih.gov/33131629/,2026-09-30
33132081,A case study of extended human capacity perception during Energy Medicine treatments using mixed methods analysis.,10.1016/j.explore.2020.10.006,,"Journal Article;Research Support, Non-U.S. Gov't",True,[],REIKI,False,ELIGIBILITY_SCREENING_PENDING,https://pubmed.ncbi.nlm.nih.gov/33132081/,2026-09-30
33177977,Cross-Subject Commonality of Emotion Representations in Dorsal Motion-Sensitive Areas.,10.3389/fnins.2020.567797,PMC7591793,Journal Article,True,[],,True,SEE_EARLIER_REGISTER,https://pubmed.ncbi.nlm.nih.gov/33177977/,2026-09-30
33218495,"The Stiffness Comparison Test: A pilot study to determine inter-individual differences in palpatory skill related to gender, age, and occupation-related experience.",10.1016/j.jbmt.2020.06.009,,Journal Article,True,[],THERAPEUTIC_TOUCH,False,ELIGIBILITY_SCREENING_PENDING,https://pubmed.ncbi.nlm.nih.gov/33218495/,2026-09-30
33223611,Quantifying Biofield Therapy through Biophoton Emission in a Cellular Model.,10.31275/20201691,PMC7676814,Journal Article,True,[],REIKI,False,ELIGIBILITY_SCREENING_PENDING,https://pubmed.ncbi.nlm.nih.gov/33223611/,2026-09-30
33224309,Mantram Repetition as a Portable Mindfulness Practice: Applications During the COVID-19 Pandemic.,10.1007/s12671-020-01545-w,PMC7667218,Journal Article,True,[],MANTRA_PRACTICES,False,ELIGIBILITY_SCREENING_PENDING,https://pubmed.ncbi.nlm.nih.gov/33224309/,2026-09-30
33246388,Deep Relaxation Experience with Complementary Urban Zen Integrative Therapy: Qualitative Thematic Analysis.,10.1177/0193945920973941,,"Journal Article;Research Support, Non-U.S. Gov't",True,[],REIKI,False,ELIGIBILITY_SCREENING_PENDING,https://pubmed.ncbi.nlm.nih.gov/33246388/,2026-09-30
33252426,Feasibility and Acceptability of Reiki Therapy for Children Receiving Palliative Care in the Home.,10.1097/NJH.0000000000000714,PMC7785613,"Journal Article;Research Support, N.I.H., Extramural;Research Support, Non-U.S. Gov't",True,[],REIKI,False,ELIGIBILITY_SCREENING_PENDING,https://pubmed.ncbi.nlm.nih.gov/33252426/,2026-09-30
33338148,Comprehensive care from the perspective of nurses: an ecosystem approach.,10.1590/0034-7167-2019-0781,,Journal Article,True,[],THERAPEUTIC_TOUCH,False,ELIGIBILITY_SCREENING_PENDING,https://pubmed.ncbi.nlm.nih.gov/33338148/,2026-09-30
33344958,Therapeutic Touch in Exercise Videos: A Randomized Experiment of the Impact on the Evaluation of Therapists' Competence and Viewers' Self-Reliance.,10.3389/fspor.2019.00035,PMC7739565,Journal Article,True,[],THERAPEUTIC_TOUCH,True,SEE_EARLIER_REGISTER,https://pubmed.ncbi.nlm.nih.gov/33344958/,2026-09-30
33346680,Examining the impact of a Healing Touch intervention to reduce posttraumatic stress disorder symptoms in combat veterans.,10.1037/tra0000591,,Journal Article;Randomized Controlled Trial,True,[],HEALING_TOUCH,False,ELIGIBILITY_SCREENING_PENDING,https://pubmed.ncbi.nlm.nih.gov/33346680/,2026-09-30
33370272,Larger whole brain grey matter associated with long-term Sahaja Yoga Meditation: A detailed area by area comparison.,10.1371/journal.pone.0237552,PMC7769288,Journal Article,True,[],SAHAJA_YOGA,False,ELIGIBILITY_SCREENING_PENDING,https://pubmed.ncbi.nlm.nih.gov/33370272/,2026-09-30
33412954,Dynamic Effects of CAM Techniques on Inflammation and Emotional States: An Integrative Single-Case Study on a Breast Cancer Survivor.,10.1177/1534735420977697,PMC7797599,"Case Reports;Journal Article;Research Support, Non-U.S. Gov't",True,[],JIN_SHIN_JYUTSU,True,SEE_EARLIER_REGISTER,https://pubmed.ncbi.nlm.nih.gov/33412954/,2026-09-30
33455902,A Relaxation App (HeartBot) for Stress and Emotional Well-Being Over a 21-Day Challenge: Randomized Survey Study.,10.2196/22041,PMC7880805,Journal Article,True,[],HEARTFULNESS,False,ELIGIBILITY_SCREENING_PENDING,https://pubmed.ncbi.nlm.nih.gov/33455902/,2026-09-30
33488307,Eastern Integrative Medicine and Ancient Sound Healing Treatments for Stress: Recent Research Advances.,,PMC7819493,Journal Article;Review,True,[],SOUND_HEALING,False,ELIGIBILITY_SCREENING_PENDING,https://pubmed.ncbi.nlm.nih.gov/33488307/,2026-09-30
33513582,Efficacy of Meditation-Based Interventions on Post-Traumatic Stress Disorder (PTSD) Among Veterans: A Narrative Review.,,,Journal Article;Review,True,[],MANTRA_PRACTICES,True,SEE_EARLIER_REGISTER,https://pubmed.ncbi.nlm.nih.gov/33513582/,2026-09-30
33544513,Complementary and alternative interventions for stroke recovery - a narrative overview of the published evidence.,10.1515/jcim-2020-0062,,Journal Article;Meta-Analysis;Review,True,[],REIKI,False,ELIGIBILITY_SCREENING_PENDING,https://pubmed.ncbi.nlm.nih.gov/33544513/,2026-09-30
33545940,Nursing intervention using healing touch in total knee replacement: A randomized controlled study protocol.,10.1097/MD.0000000000023735,PMC7837904,"Clinical Trial Protocol;Journal Article;Research Support, Non-U.S. Gov't",True,"[{""type"": ""ExpressionOfConcernIn"", ""pmid"": ""41204616""}]",HEALING_TOUCH,False,ELIGIBILITY_SCREENING_PENDING,https://pubmed.ncbi.nlm.nih.gov/33545940/,2026-09-30
33548747,"Effect of therapeutic touch on daytime sleepiness, stress and fatigue among students of nursing and midwifery: A randomized sham-controlled trial.",10.1016/j.ctcp.2021.101322,,Journal Article;Randomized Controlled Trial,True,[],THERAPEUTIC_TOUCH,False,ELIGIBILITY_SCREENING_PENDING,https://pubmed.ncbi.nlm.nih.gov/33548747/,2026-09-30
33573826,Being present: Examining the efficacy of an Internet Mantram Program on RN-delivered patient-centered care.,10.1016/j.outlook.2021.01.001,PMC7869680,"Journal Article;Research Support, U.S. Gov't, P.H.S.",True,[],MANTRA_PRACTICES,False,ELIGIBILITY_SCREENING_PENDING,https://pubmed.ncbi.nlm.nih.gov/33573826/,2026-09-30
33630509,The role of organizational learning and resilience for change in building quality improvement capacity in primary care.,10.1097/HMR.0000000000000281,PMC7541444,"Journal Article;Randomized Controlled Trial;Research Support, N.I.H., Extramural",True,[],EXTERNAL_QIGONG,False,ELIGIBILITY_SCREENING_PENDING,https://pubmed.ncbi.nlm.nih.gov/33630509/,2026-09-30
33639516,"The effects of reiki on heart rate, blood pressure, body temperature, and stress levels: A pilot randomized, double-blinded, and placebo-controlled study.",10.1016/j.ctcp.2021.101328,,Journal Article;Randomized Controlled Trial,True,[],REIKI,True,SEE_EARLIER_REGISTER,https://pubmed.ncbi.nlm.nih.gov/33639516/,2026-09-30
33654502,Pain Improvement After Healing Touch and Massage in Breast Cancer: an Observational Retrospective Study.,,PMC7892332,Journal Article,True,[],HEALING_TOUCH,False,ELIGIBILITY_SCREENING_PENDING,https://pubmed.ncbi.nlm.nih.gov/33654502/,2026-09-30
33661680,Neo-Catholics against new psychology in 19th century Spain: The journal La Ciencia Cristiana (1877-1887).,10.1037/hop0000181,,Historical Article;Journal Article,True,[],CHRISTIAN_SCIENCE_HEALING,False,ELIGIBILITY_SCREENING_PENDING,https://pubmed.ncbi.nlm.nih.gov/33661680/,2026-09-30
33675935,Effect of Reiki on the stress level of caregivers of patients with cancer: Qualitative and single-blind randomized controlled trial.,10.1016/j.ctim.2021.102708,,Journal Article;Randomized Controlled Trial,True,[],REIKI,False,ELIGIBILITY_SCREENING_PENDING,https://pubmed.ncbi.nlm.nih.gov/33675935/,2026-09-30
33676997,The Effect of Reconnection to Mechanical Ventilation for 1 Hour After Spontaneous Breathing Trial on Reintubation Among Patients Ventilated for More Than 12 Hours: A Randomized Clinical Trial.,10.1016/j.chest.2021.02.064,,Journal Article;Randomized Controlled Trial,True,"[{""type"": ""CommentIn"", ""pmid"": ""34246361""}]",,True,SEE_EARLIER_REGISTER,https://pubmed.ncbi.nlm.nih.gov/33676997/,2026-09-30
33682592,Heartfulness meditation improves loneliness and sleep in physicians and advance practice providers during COVID-19 pandemic.,10.1080/21548331.2021.1896858,,Journal Article;Randomized Controlled Trial,True,[],HEARTFULNESS,True,SEE_EARLIER_REGISTER,https://pubmed.ncbi.nlm.nih.gov/33682592/,2026-09-30
33683643,Randomized controlled trial of energy healing effects on pain and anxiety in AIS posterior surgery: a pilot study.,10.1007/s43390-021-00317-3,,Journal Article;Randomized Controlled Trial,True,[],BRENNAN_HEALING,True,SEE_EARLIER_REGISTER,https://pubmed.ncbi.nlm.nih.gov/33683643/,2026-09-30
33701117,"The Immorality of ""Christian Science"".",,PMC6970676,Journal Article,False,[],CHRISTIAN_SCIENCE_HEALING,False,ELIGIBILITY_SCREENING_PENDING,https://pubmed.ncbi.nlm.nih.gov/33701117/,2026-09-30
33742792,A rapid evidence assessment of recent therapeutic touch research.,10.1002/nop2.841,PMC8363410,Journal Article;Review,True,[],THERAPEUTIC_TOUCH,False,ELIGIBILITY_SCREENING_PENDING,https://pubmed.ncbi.nlm.nih.gov/33742792/,2026-09-30
33762231,Impact of sensory interventions on the quality of life of long-term care residents: a scoping review.,10.1136/bmjopen-2020-042466,PMC7993237,Journal Article;Scoping Review,True,[],THERAPEUTIC_TOUCH,False,ELIGIBILITY_SCREENING_PENDING,https://pubmed.ncbi.nlm.nih.gov/33762231/,2026-09-30
33774892,An integrative healthcare model with heartfulness meditation and care coordination improves outcomes in cyclic vomiting syndrome.,10.1111/nmo.14132,PMC9872271,"Journal Article;Randomized Controlled Trial;Research Support, N.I.H., Extramural;Research Support, Non-U.S. Gov't",True,[],HEARTFULNESS,False,ELIGIBILITY_SCREENING_PENDING,https://pubmed.ncbi.nlm.nih.gov/33774892/,2026-09-30
33787777,Reiki therapy in the Unified Health System: meanings and experiences in integral health care.,10.1590/0034-7167-2019-0816,,Journal Article,True,[],REIKI,False,ELIGIBILITY_SCREENING_PENDING,https://pubmed.ncbi.nlm.nih.gov/33787777/,2026-09-30
33789431,"Rotator Cuff-Related Shoulder Pain: Is It Time to Reframe the Advice, ""You Need to Strengthen Your Shoulder""?",10.2519/jospt.2021.10199,,Journal Article,True,[],THERAPEUTIC_TOUCH,False,ELIGIBILITY_SCREENING_PENDING,https://pubmed.ncbi.nlm.nih.gov/33789431/,2026-09-30
33796013,Resting State Functional Connectivity Associated With Sahaja Yoga Meditation.,10.3389/fnhum.2021.614882,PMC8007769,Journal Article,True,[],SAHAJA_YOGA,False,ELIGIBILITY_SCREENING_PENDING,https://pubmed.ncbi.nlm.nih.gov/33796013/,2026-09-30
33836405,The effect of Acupressure and Reiki application on Patient's pain and comfort level after laparoscopic cholecystectomy: A randomized controlled trial.,10.1016/j.ctcp.2021.101385,,Journal Article;Randomized Controlled Trial,True,[],REIKI,False,ELIGIBILITY_SCREENING_PENDING,https://pubmed.ncbi.nlm.nih.gov/33836405/,2026-09-30
33861467,The effects of therapeutic touch on spiritual care and sleep quality in patients receiving palliative care.,10.1111/ppc.12801,,Journal Article,True,[],THERAPEUTIC_TOUCH,False,ELIGIBILITY_SCREENING_PENDING,https://pubmed.ncbi.nlm.nih.gov/33861467/,2026-09-30
33895982,Retraction Note to: External Qi of Yan Xin Qigong induces G2/M arrest and apoptosis of androgen-independent prostate cancer cells by inhibiting Akt and NF- B pathways.,10.1007/s11010-021-04163-9,,Retraction Notice,False,"[{""type"": ""RetractionOf"", ""pmid"": ""18080802""}]",EXTERNAL_QIGONG,False,ELIGIBILITY_SCREENING_PENDING,https://pubmed.ncbi.nlm.nih.gov/33895982/,2026-09-30
33944424,A Christian Science Cure in the Sixteenth Century: Introducing the Reader into Very High Society.,,PMC7946081,Journal Article,False,[],CHRISTIAN_SCIENCE_HEALING,False,ELIGIBILITY_SCREENING_PENDING,https://pubmed.ncbi.nlm.nih.gov/33944424/,2026-09-30
33994324,Reiki and pain: Continuous citation of a flawed meta-analysis.,10.1016/j.ctcp.2021.101412,,Meta-Analysis;Letter,False,[],REIKI,False,ELIGIBILITY_SCREENING_PENDING,https://pubmed.ncbi.nlm.nih.gov/33994324/,2026-09-30
34029232,Home-Based Reiki by Informal Caregivers: A Mixed-Methods Pilot Study.,10.1097/HNP.0000000000000450,,Journal Article,True,[],REIKI,False,ELIGIBILITY_SCREENING_PENDING,https://pubmed.ncbi.nlm.nih.gov/34029232/,2026-09-30
34037196,Effectiveness of complementary therapies for the management of symptom clusters in palliative care in pediatric oncology: a systematic review.,10.1590/S1980-220X2020025103709,,Journal Article;Meta-Analysis;Systematic Review,True,[],REIKI,False,ELIGIBILITY_SCREENING_PENDING,https://pubmed.ncbi.nlm.nih.gov/34037196/,2026-09-30
34066393,The Immediate Effect of Informational Manual Therapy for Improving Quiet Standing and Bodily Pain in University Population.,10.3390/ijerph18094940,PMC8124965,Journal Article,True,[],THERAPEUTIC_TOUCH,False,ELIGIBILITY_SCREENING_PENDING,https://pubmed.ncbi.nlm.nih.gov/34066393/,2026-09-30
34083124,"Corrigendum to ""The effect of reiki on pain: A meta-analysis"" [Compl. Ther. Clin. Pract. 31C (2018) 384-387].",10.1016/j.ctcp.2021.101423,,Published Erratum,False,"[{""type"": ""ErratumFor"", ""pmid"": ""29551623""}]",REIKI,False,ELIGIBILITY_SCREENING_PENDING,https://pubmed.ncbi.nlm.nih.gov/34083124/,2026-09-30
34097862,Effect of Heartfulness Meditation on Anxiety and Perceived Pain in Patients Undergoing Impacted Third Molar Surgery.,10.1016/j.joms.2021.04.027,,Journal Article;Randomized Controlled Trial,True,[],HEARTFULNESS,False,ELIGIBILITY_SCREENING_PENDING,https://pubmed.ncbi.nlm.nih.gov/34097862/,2026-09-30
34109412,Complementary Medicine Use in Patients with Low Back or Neck Pain: Results of the 2017 National Health Interview Survey.,10.1093/pm/pnab169,,Journal Article,True,[],MANTRA_PRACTICES,False,ELIGIBILITY_SCREENING_PENDING,https://pubmed.ncbi.nlm.nih.gov/34109412/,2026-09-30
34115737,Effects of Reiki on Mental Health Care: A Systematic Review.,10.1097/HNP.0000000000000456,,Journal Article;Systematic Review,True,[],REIKI,False,ELIGIBILITY_SCREENING_PENDING,https://pubmed.ncbi.nlm.nih.gov/34115737/,2026-09-30
34123883,Suraksha Chakra: A new scoring system to protect the healthcare workers from COVID.,10.4103/jfmpc.jfmpc_1768_20,PMC8144755,Journal Article;Review,True,[],CHAKRA_AURA,False,ELIGIBILITY_SCREENING_PENDING,https://pubmed.ncbi.nlm.nih.gov/34123883/,2026-09-30
34149467,"Case Report: Dynamic Interdependencies Between Complementary and Alternative Medicine (CAM) Practice, Urinary Interleukin-6 Levels, and Fatigue in a Breast Cancer Survivor.",10.3389/fpsyt.2021.592379,PMC8208488,Case Reports;Journal Article,True,[],JIN_SHIN_JYUTSU,True,SEE_EARLIER_REGISTER,https://pubmed.ncbi.nlm.nih.gov/34149467/,2026-09-30
34199174,"Perspectives, Measurability and Effects of Non-Contact Biofield-Based Practices: A Narrative Review of Quantitative Research.",10.3390/ijerph18126397,PMC8296239,Journal Article;Review,True,[],REIKI;THERAPEUTIC_TOUCH;HEALING_TOUCH;DISTANCE_HEALING;EXTERNAL_QIGONG,False,ELIGIBILITY_SCREENING_PENDING,https://pubmed.ncbi.nlm.nih.gov/34199174/,2026-09-30
34255215,"The Need, Feasibility and Willingness to Explore ""Meditation on Twin Hearts"" as a Self-administered Tool for Mental Health Management among Transgender Women: An Exploratory Survey.",10.1007/s10597-021-00869-8,PMC8276206,"Journal Article;Research Support, Non-U.S. Gov't",True,[],PRANIC_HEALING,True,SEE_EARLIER_REGISTER,https://pubmed.ncbi.nlm.nih.gov/34255215/,2026-09-30
34262006,Feasibility and Acceptability of a Reiki Intervention With Very Young Children Receiving Palliative Care.,10.1097/NNR.0000000000000540,,"Comparative Study;Journal Article;Research Support, Non-U.S. Gov't",True,[],REIKI,False,ELIGIBILITY_SCREENING_PENDING,https://pubmed.ncbi.nlm.nih.gov/34262006/,2026-09-30
34293753,Feasibility and Effect of Reiki on the Physiology and Self-perceived Stress of Nurses in a Large US Hospital.,10.1097/HNP.0000000000000475,,Journal Article,True,[],REIKI,False,ELIGIBILITY_SCREENING_PENDING,https://pubmed.ncbi.nlm.nih.gov/34293753/,2026-09-30
34312086,The effects of Reiki and back massage on women's pain and vital signs post-abdominal hysterectomy: A randomized controlled trial: The Effects of Reiki and Back Massage on Women's Pain and Vital Signs.,10.1016/j.explore.2021.07.004,,Journal Article;Randomized Controlled Trial,True,[],REIKI,False,ELIGIBILITY_SCREENING_PENDING,https://pubmed.ncbi.nlm.nih.gov/34312086/,2026-09-30
34342807,A pilot clinical trial of a self-management intervention in patients with a left ventricular assist device.,10.1007/s10047-021-01289-x,,Journal Article;Randomized Controlled Trial,True,[],,True,SEE_EARLIER_REGISTER,https://pubmed.ncbi.nlm.nih.gov/34342807/,2026-09-30
34387236,Effect of Reiki Therapy on Quality of Life and Fatigue Levels of Breast Cancer Patients Receiving Chemotherapy.,10.1097/NCC.0000000000000970,,Journal Article,True,[],REIKI,False,ELIGIBILITY_SCREENING_PENDING,https://pubmed.ncbi.nlm.nih.gov/34387236/,2026-09-30
34408877,New approaches and procedures for cancer treatment: Current perspectives.,10.1177/20503121211034366,PMC8366192,Journal Article;Review,True,"[{""type"": ""ExpressionOfConcernIn"", ""pmid"": ""39479382""}]",RADIONICS,False,ELIGIBILITY_SCREENING_PENDING,https://pubmed.ncbi.nlm.nih.gov/34408877/,2026-09-30
34421729,"Differential Effects of Ethical Education, Physical Hatha Yoga, and Mantra Meditation on Well-Being and Stress in Healthy Participants-An Experimental Single-Case Study.",10.3389/fpsyg.2021.672301,PMC8375679,Journal Article,True,[],MANTRA_PRACTICES,True,SEE_EARLIER_REGISTER,https://pubmed.ncbi.nlm.nih.gov/34421729/,2026-09-30
34536666,Effect of therapeutic touch on sleep quality and anxiety in individuals with chronic obstructive pulmonary disease: A randomized controlled trial.,10.1016/j.ctcp.2021.101481,,Journal Article;Randomized Controlled Trial,True,[],THERAPEUTIC_TOUCH,False,ELIGIBILITY_SCREENING_PENDING,https://pubmed.ncbi.nlm.nih.gov/34536666/,2026-09-30
34577790,"Self-Reiki, Consideration of a Potential Option for Managing Chronic Pain during Pandemic COVID-19 Period.",10.3390/medicina57090867,PMC8466281,Journal Article,True,[],REIKI;THERAPEUTIC_TOUCH;HEALING_TOUCH,False,ELIGIBILITY_SCREENING_PENDING,https://pubmed.ncbi.nlm.nih.gov/34577790/,2026-09-30
34600308,Sustained effects of mantra meditation compared to music listening on neurocognitive outcomes of breast cancer survivors: A brief report of a randomized control trial.,10.1016/j.jpsychores.2021.110628,PMC8783371,"Journal Article;Randomized Controlled Trial;Research Support, N.I.H., Extramural",True,[],MANTRA_PRACTICES,True,SEE_EARLIER_REGISTER,https://pubmed.ncbi.nlm.nih.gov/34600308/,2026-09-30
34612802,Pilot clinical trial of a clinical meditation and imagery intervention for chronic pain after spinal cord injury.,10.1080/10790268.2021.1970894,PMC9135436,"Journal Article;Randomized Controlled Trial;Research Support, Non-U.S. Gov't",True,[],MANTRA_PRACTICES,True,SEE_EARLIER_REGISTER,https://pubmed.ncbi.nlm.nih.gov/34612802/,2026-09-30
34647912,"The Effect of Reiki on Pain, Fatigue, and Quality of Life in Adolescents With Dysmenorrhea.",10.1097/HNP.0000000000000477,,Journal Article;Randomized Controlled Trial,True,[],REIKI,False,ELIGIBILITY_SCREENING_PENDING,https://pubmed.ncbi.nlm.nih.gov/34647912/,2026-09-30
34649428,Laser-Induced Remote Healing of Stretchable Diselenide-Containing Conductive Composites.,10.1021/acsami.1c15855,,Journal Article,True,[],DISTANCE_HEALING,False,ELIGIBILITY_SCREENING_PENDING,https://pubmed.ncbi.nlm.nih.gov/34649428/,2026-09-30
34721219,Using Heartfulness Meditation and Brainwave Entrainment to Improve Teenage Mental Wellbeing.,10.3389/fpsyg.2021.742892,PMC8554296,Journal Article,True,[],HEARTFULNESS,False,ELIGIBILITY_SCREENING_PENDING,https://pubmed.ncbi.nlm.nih.gov/34721219/,2026-09-30
34723183,Implementation and outcomes of complementary therapies in hospice care: an integrative review.,10.1177/26323524211051753,PMC8552400,Journal Article;Review,True,[],REIKI;THERAPEUTIC_TOUCH,False,ELIGIBILITY_SCREENING_PENDING,https://pubmed.ncbi.nlm.nih.gov/34723183/,2026-09-30
34733054,Sleep Patterns of Resident Physicians and the Effect of Heartfulness Meditation.,10.1177/09727531211039070,PMC8558985,Journal Article,True,[],HEARTFULNESS,False,ELIGIBILITY_SCREENING_PENDING,https://pubmed.ncbi.nlm.nih.gov/34733054/,2026-09-30
34766380,Radiomics signature for temporal evolution and recurrence patterns of glioblastoma using multimodal magnetic resonance imaging.,10.1002/nbm.4647,,"Journal Article;Research Support, Non-U.S. Gov't",True,[],RADIONICS,False,ELIGIBILITY_SCREENING_PENDING,https://pubmed.ncbi.nlm.nih.gov/34766380/,2026-09-30
34769634,"Impact of Virtual Heartfulness Meditation Program on Stress, Quality of Sleep, and Psychological Wellbeing during the COVID-19 Pandemic: A Mixed-Method Study.",10.3390/ijerph182111114,PMC8583339,"Journal Article;Research Support, U.S. Gov't, Non-P.H.S.",True,[],HEARTFULNESS,False,ELIGIBILITY_SCREENING_PENDING,https://pubmed.ncbi.nlm.nih.gov/34769634/,2026-09-30
34802955,Effects of meditation compared to music listening on biomarkers in breast cancer survivors with cognitive complaints: secondary outcomes of a pilot randomized control trial.,10.1016/j.explore.2021.10.011,PMC9085959,Randomized Controlled Trial;Journal Article,True,[],MANTRA_PRACTICES,True,SEE_EARLIER_REGISTER,https://pubmed.ncbi.nlm.nih.gov/34802955/,2026-09-30
34816263,#COVIDisAirborne: AI-Enabled Multiscale Computational Microscopy of Delta SARS-CoV-2 in a Respiratory Aerosol.,10.1101/2021.11.12.468428,PMC8609898,Preprint;Journal Article,True,"[{""type"": ""UpdateIn"", ""pmid"": ""36647365""}]",CHAKRA_AURA,False,ELIGIBILITY_SCREENING_PENDING,https://pubmed.ncbi.nlm.nih.gov/34816263/,2026-09-30
34846326,The Future of Integrative Health: What Case Managers Need to Know?,10.1097/NCM.0000000000000546,,Journal Article,False,[],,True,SEE_EARLIER_REGISTER,https://pubmed.ncbi.nlm.nih.gov/34846326/,2026-09-30
34855539,Complementary and Integrative Health Interventions for Insomnia in Veterans and Military Populations.,10.1177/00332941211048473,,Journal Article;Review,True,[],MANTRA_PRACTICES,False,ELIGIBILITY_SCREENING_PENDING,https://pubmed.ncbi.nlm.nih.gov/34855539/,2026-09-30
34901438,Nursing Student's Experiences of Meditation on Twin Hearts During Eight Weeks Practice: A Qualitative Content Analysis.,10.1177/23779608211052118,PMC8661116,Journal Article,True,[],CHAKRA_AURA,False,ELIGIBILITY_SCREENING_PENDING,https://pubmed.ncbi.nlm.nih.gov/34901438/,2026-09-30
34969609,Beneficial Effects of Receiving Johrei on General Health or Hypothermia Tendency.,10.1016/j.explore.2021.12.001,,Journal Article;Randomized Controlled Trial,True,[],JOHREI,True,SEE_EARLIER_REGISTER,https://pubmed.ncbi.nlm.nih.gov/34969609/,2026-09-30
34990899,"Reiki practitioners' perceptions of the impact of the COVID-19 pandemic on the experience, practice and future of Reiki.",10.1016/j.ctcp.2021.101530,PMC8721325,Journal Article,True,[],REIKI,False,ELIGIBILITY_SCREENING_PENDING,https://pubmed.ncbi.nlm.nih.gov/34990899/,2026-09-30
35074604,A study of Reiki therapy on unpleasant symptoms in children with cerebral palsy.,10.1016/j.ctcp.2021.101529,,Journal Article,True,[],REIKI,False,ELIGIBILITY_SCREENING_PENDING,https://pubmed.ncbi.nlm.nih.gov/35074604/,2026-09-30
35101554,Complementary medicine use in US adults with hypertension: A nationally representative survey.,10.1016/j.ctim.2022.102812,,Journal Article,True,[],MANTRA_PRACTICES,False,ELIGIBILITY_SCREENING_PENDING,https://pubmed.ncbi.nlm.nih.gov/35101554/,2026-09-30
35151306,Complementary medicine use in stroke survivors: a US nationally representative survey.,10.1186/s12906-022-03525-0,PMC8840627,Journal Article,True,[],MANTRA_PRACTICES,False,ELIGIBILITY_SCREENING_PENDING,https://pubmed.ncbi.nlm.nih.gov/35151306/,2026-09-30
35191790,Bioenergy for Stress Relief in University Students: A Randomized Controlled Trial.,10.1080/07370016.2022.2028061,,Journal Article;Randomized Controlled Trial,True,[],HEALING_TOUCH;CHAKRA_AURA,True,SEE_EARLIER_REGISTER,https://pubmed.ncbi.nlm.nih.gov/35191790/,2026-09-30
35248473,Effects of different music on HEK293T cell growth and mitochondrial functions.,10.1016/j.explore.2022.01.002,,Journal Article,True,[],EXTERNAL_QIGONG,False,ELIGIBILITY_SCREENING_PENDING,https://pubmed.ncbi.nlm.nih.gov/35248473/,2026-09-30
35250723,Therapeutic Alliance as Active Inference: The Role of Therapeutic Touch and Synchrony.,10.3389/fpsyg.2022.783694,PMC8892201,Journal Article,True,[],THERAPEUTIC_TOUCH,False,ELIGIBILITY_SCREENING_PENDING,https://pubmed.ncbi.nlm.nih.gov/35250723/,2026-09-30
35269273,MOVPE Growth of GaN via Graphene Layers on GaN/Sapphire Templates.,10.3390/nano12050785,PMC8912371,Journal Article,True,[],,True,SEE_EARLIER_REGISTER,https://pubmed.ncbi.nlm.nih.gov/35269273/,2026-09-30
35331408,Quantitative Myocardial Perfusion Predicts Outcomes in Patients With Prior Surgical Revascularization.,10.1016/j.jacc.2021.12.037,PMC9034686,"Journal Article;Research Support, Non-U.S. Gov't",True,"[{""type"": ""CommentIn"", ""pmid"": ""35331409""}]",,True,SEE_EARLIER_REGISTER,https://pubmed.ncbi.nlm.nih.gov/35331408/,2026-09-30
35340008,Therapeutic Touch in the Management of Responsive Behaviors in Patients with Dementia.,10.1159/000523752,,Journal Article;Randomized Controlled Trial,True,[],THERAPEUTIC_TOUCH,True,SEE_EARLIER_REGISTER,https://pubmed.ncbi.nlm.nih.gov/35340008/,2026-09-30
35384302,Impact of the Heartfulness program on loneliness in high schoolers: Randomized survey study.,10.1111/aphw.12360,PMC10084022,"Randomized Controlled Trial;Journal Article;Research Support, Non-U.S. Gov't",True,[],HEARTFULNESS,True,SEE_EARLIER_REGISTER,https://pubmed.ncbi.nlm.nih.gov/35384302/,2026-09-30
35386478,"A Retrospective Analysis of Three Focused Attention Meditation Techniques: Mantra, Breath, and External-Point Meditation.",10.7759/cureus.23589,PMC8967094,Journal Article,True,[],MANTRA_PRACTICES,False,ELIGIBILITY_SCREENING_PENDING,https://pubmed.ncbi.nlm.nih.gov/35386478/,2026-09-30
35435859,"The Effect of Distant Reiki on the Stress and Fatigue Levels of Nurses Working in COVID-19 Clinics: A Randomized-Controlled, Single-Blind Study.",10.1097/HNP.0000000000000519,,Randomized Controlled Trial;Journal Article,True,[],REIKI,False,ELIGIBILITY_SCREENING_PENDING,https://pubmed.ncbi.nlm.nih.gov/35435859/,2026-09-30
35435869,"Group Coaching Using Energy-Based Practices for Health, Healing, and Personal Growth: Program Design and Training Outcomes.",10.1097/HNP.0000000000000504,,Journal Article,True,[],,True,SEE_EARLIER_REGISTER,https://pubmed.ncbi.nlm.nih.gov/35435869/,2026-09-30
35470800,"Health-Related Quality of Life Outcomes With Regular Yoga and Heartfulness Meditation Practice: Results From a Multinational, Cross-sectional Study.",10.2196/37876,PMC9116454,Journal Article,True,[],HEARTFULNESS,False,ELIGIBILITY_SCREENING_PENDING,https://pubmed.ncbi.nlm.nih.gov/35470800/,2026-09-30
35481320,Improving Breast Surgery Outcomes Through Alternative Therapy: A Systematic Review.,10.7759/cureus.23443,PMC9034658,Journal Article;Review,True,[],REIKI,False,ELIGIBILITY_SCREENING_PENDING,https://pubmed.ncbi.nlm.nih.gov/35481320/,2026-09-30
35513998,Nonpharmacological interventions for agitation in the adult intensive care unit: A systematic review.,10.1016/j.aucc.2022.02.005,,Systematic Review;Journal Article,True,[],HEALING_TOUCH,False,ELIGIBILITY_SCREENING_PENDING,https://pubmed.ncbi.nlm.nih.gov/35513998/,2026-09-30
35613402,An Evaluation of the Subjective Experience of Receiving Reiki: Qualitative Results from a Pragmatic Effectiveness Study.,10.1089/jicm.2022.0477,,Journal Article;Pragmatic Clinical Trial,True,[],REIKI,False,ELIGIBILITY_SCREENING_PENDING,https://pubmed.ncbi.nlm.nih.gov/35613402/,2026-09-30
35613519,'Reflexology: Exploring the mechanism of action'.,10.1016/j.ctcp.2022.101606,,Journal Article,True,[],THERAPEUTIC_TOUCH,False,ELIGIBILITY_SCREENING_PENDING,https://pubmed.ncbi.nlm.nih.gov/35613519/,2026-09-30
35619781,Heartfulness Meditation: A Yogic and Neuroscientific Perspective.,10.3389/fpsyg.2022.806131,PMC9128627,Journal Article,True,[],HEARTFULNESS,False,ELIGIBILITY_SCREENING_PENDING,https://pubmed.ncbi.nlm.nih.gov/35619781/,2026-09-30
35713599,Higher frequency of mantram repetition practice is associated with enhanced clinical benefits among United States Veterans with posttraumatic stress disorder.,10.1080/20008198.2022.2078564,PMC9196752,"Journal Article;Research Support, U.S. Gov't, Non-P.H.S.;Research Support, Non-U.S. Gov't",True,[],MANTRA_PRACTICES,False,ELIGIBILITY_SCREENING_PENDING,https://pubmed.ncbi.nlm.nih.gov/35713599/,2026-09-30
35722865,Reiki Therapy for Very Young Hospitalized Children Receiving Palliative Care.,10.1177/27527530211059435,,"Journal Article;Research Support, Non-U.S. Gov't",True,[],REIKI,False,ELIGIBILITY_SCREENING_PENDING,https://pubmed.ncbi.nlm.nih.gov/35722865/,2026-09-30
35738774,[Body care in anorexia nervosa].,10.1016/j.spsy.2022.01.017,,Journal Article,True,[],THERAPEUTIC_TOUCH,False,ELIGIBILITY_SCREENING_PENDING,https://pubmed.ncbi.nlm.nih.gov/35738774/,2026-09-30
35749707,Acceptability of the Mantram Repetition Program to Reduce Stress in Adolescent Survivors of Pediatric Cancer or Brain Tumors.,10.1089/jayao.2022.0035,,Journal Article,True,[],MANTRA_PRACTICES,False,ELIGIBILITY_SCREENING_PENDING,https://pubmed.ncbi.nlm.nih.gov/35749707/,2026-09-30
35752581,The effects of Reiki and hand massage on pain and fatigue in patients with rheumatoid arthritis.,10.1016/j.explore.2022.06.006,,Randomized Controlled Trial;Journal Article,True,[],REIKI,False,ELIGIBILITY_SCREENING_PENDING,https://pubmed.ncbi.nlm.nih.gov/35752581/,2026-09-30
35784417,Age estimation of individuals aged 5-23 years based on dental development of the Indonesian population.,10.1080/20961790.2021.1886648,PMC9245992,Journal Article,True,[],BENGSTON_METHOD,False,ELIGIBILITY_SCREENING_PENDING,https://pubmed.ncbi.nlm.nih.gov/35784417/,2026-09-30
35800975,Effects of Occupational Therapy Program Based on Active Meditation on Hair Cortisol Levels in Undergraduate Healthcare Students.,10.1155/2022/2174397,PMC9200593,Journal Article,True,[],CHAKRA_AURA,False,ELIGIBILITY_SCREENING_PENDING,https://pubmed.ncbi.nlm.nih.gov/35800975/,2026-09-30
35829593,Christian Science and Death.,,PMC9199296,Editorial,False,[],CHRISTIAN_SCIENCE_HEALING,False,ELIGIBILITY_SCREENING_PENDING,https://pubmed.ncbi.nlm.nih.gov/35829593/,2026-09-30
35829610,So-called Christian Science.,,PMC9201862,Editorial,False,[],CHRISTIAN_SCIENCE_HEALING,False,ELIGIBILITY_SCREENING_PENDING,https://pubmed.ncbi.nlm.nih.gov/35829610/,2026-09-30
35846789,Therapeutic Alliance as Active Inference: The Role of Therapeutic Touch and Biobehavioural Synchrony in Musculoskeletal Care.,10.3389/fnbeh.2022.897247,PMC9280207,Journal Article,True,[],THERAPEUTIC_TOUCH,False,ELIGIBILITY_SCREENING_PENDING,https://pubmed.ncbi.nlm.nih.gov/35846789/,2026-09-30
35851503,The subjective experience of Reiki.,10.1016/j.explore.2022.06.015,,Journal Article,False,[],REIKI,False,ELIGIBILITY_SCREENING_PENDING,https://pubmed.ncbi.nlm.nih.gov/35851503/,2026-09-30
35871986,"Knowledge of local folk healers, the so-called whisperers, among paramedic students from eastern Poland.",10.1016/j.explore.2022.07.003,,Journal Article,True,[],DISTANCE_HEALING,False,ELIGIBILITY_SCREENING_PENDING,https://pubmed.ncbi.nlm.nih.gov/35871986/,2026-09-30
35911042,Does Reiki Benefit Mental Health Symptoms Above Placebo?,10.3389/fpsyg.2022.897312,PMC9326483,Systematic Review;Journal Article,True,[],REIKI,False,ELIGIBILITY_SCREENING_PENDING,https://pubmed.ncbi.nlm.nih.gov/35911042/,2026-09-30
35939040,Clinical efficacy and safety of robot assisted surgery for choledochal cysts excisions: a systematic review and meta-analysis.,10.1080/17474124.2022.2109464,,Journal Article;Meta-Analysis;Systematic Review,True,[],SOUND_HEALING,True,SEE_EARLIER_REGISTER,https://pubmed.ncbi.nlm.nih.gov/35939040/,2026-09-30
35951066,Effect of Reiki Therapy on Blood Pressure and Alcohol Consumption in Young Adults: A Clinical Trial.,,,Randomized Controlled Trial;Journal Article,True,[],REIKI,False,ELIGIBILITY_SCREENING_PENDING,https://pubmed.ncbi.nlm.nih.gov/35951066/,2026-09-30
35956171,Who Benefits Most? Interactions between Personality Traits and Outcomes of Four Incremental Meditation and Yoga Treatments.,10.3390/jcm11154553,PMC9369882,Journal Article,True,[],MANTRA_PRACTICES,True,SEE_EARLIER_REGISTER,https://pubmed.ncbi.nlm.nih.gov/35956171/,2026-09-30
35976274,Reiki for promotion of health and sleep quality in hospital nursing professionals.,10.1590/0034-7167-2021-0535,,Journal Article,True,[],REIKI,False,ELIGIBILITY_SCREENING_PENDING,https://pubmed.ncbi.nlm.nih.gov/35976274/,2026-09-30
35981119,"Stress and Anxiety Reduction Effects of a Reiki Program During the COVID-19 Pandemic Among Employees in Lima, Peru.",10.1097/HNP.0000000000000545,PMC9377362,Journal Article,True,[],REIKI,False,ELIGIBILITY_SCREENING_PENDING,https://pubmed.ncbi.nlm.nih.gov/35981119/,2026-09-30
35997686,"The feasibility of a brief, Internet-based mantram repetition program for undergraduate students.",10.1080/07448481.2022.2112044,,"Journal Article;Research Support, Non-U.S. Gov't",True,[],MANTRA_PRACTICES,False,ELIGIBILITY_SCREENING_PENDING,https://pubmed.ncbi.nlm.nih.gov/35997686/,2026-09-30
36018960,The Christian-Science Bubble.,,PMC6677466,Journal Article,False,[],CHRISTIAN_SCIENCE_HEALING,False,ELIGIBILITY_SCREENING_PENDING,https://pubmed.ncbi.nlm.nih.gov/36018960/,2026-09-30
36019018,A Facer for Christian Science.,,PMC8946326,Editorial,False,[],CHRISTIAN_SCIENCE_HEALING,False,ELIGIBILITY_SCREENING_PENDING,https://pubmed.ncbi.nlm.nih.gov/36019018/,2026-09-30
36019289,Another Word about Christian Science.,,PMC8952122,Editorial,False,[],CHRISTIAN_SCIENCE_HEALING,False,ELIGIBILITY_SCREENING_PENDING,https://pubmed.ncbi.nlm.nih.gov/36019289/,2026-09-30
36019904,The Christian Science Bubble.,,PMC9001284,Editorial,False,[],CHRISTIAN_SCIENCE_HEALING,False,ELIGIBILITY_SCREENING_PENDING,https://pubmed.ncbi.nlm.nih.gov/36019904/,2026-09-30
36020914,"Christian Science ""The Religo-Medical Masquerade"".",,PMC9070276,Journal Article,False,[],CHRISTIAN_SCIENCE_HEALING,False,ELIGIBILITY_SCREENING_PENDING,https://pubmed.ncbi.nlm.nih.gov/36020914/,2026-09-30
36065401,"Relation of Mindfulness, Heartfulness and Well-Being in Students during the Coronavirus-Pandemic.",10.1007/s41042-022-00075-1,PMC9429999,Journal Article,True,[],HEARTFULNESS,False,ELIGIBILITY_SCREENING_PENDING,https://pubmed.ncbi.nlm.nih.gov/36065401/,2026-09-30
36109024,Impact of spiritual healing on moderate depression in adults: a study protocol of a pilot randomised controlled trial (RCT).,10.1136/bmjopen-2022-062683,PMC9478841,"Clinical Trial Protocol;Journal Article;Research Support, Non-U.S. Gov't",True,[],,True,SEE_EARLIER_REGISTER,https://pubmed.ncbi.nlm.nih.gov/36109024/,2026-09-30
36121655,Efficacy of Transcendental Meditation to Reduce Stress Among Health Care Workers: A Randomized Clinical Trial.,10.1001/jamanetworkopen.2022.31917,PMC9486450,"Journal Article;Randomized Controlled Trial;Research Support, N.I.H., Extramural;Research Support, Non-U.S. Gov't;Research Support, U.S. Gov't, Non-P.H.S.",True,[],MANTRA_PRACTICES,True,SEE_EARLIER_REGISTER,https://pubmed.ncbi.nlm.nih.gov/36121655/,2026-09-30
36142006,"Embodied Cognition in Meditation, Yoga, and Ethics-An Experimental Single-Case Study on the Differential Effects of Four Mind-Body Treatments.",10.3390/ijerph191811734,PMC9517053,"Journal Article;Randomized Controlled Trial;Research Support, Non-U.S. Gov't",True,[],MANTRA_PRACTICES,True,SEE_EARLIER_REGISTER,https://pubmed.ncbi.nlm.nih.gov/36142006/,2026-09-30
36166091,Bioenergy therapies as a complementary treatment: a systematic review to evaluate the efficacy of bioenergy therapies in relieving treatment toxicities in patients with cancer.,10.1007/s00432-022-04362-x,PMC10129966,Systematic Review;Journal Article,True,[],REIKI;THERAPEUTIC_TOUCH;HEALING_TOUCH;POLARITY_THERAPY,True,SEE_EARLIER_REGISTER,https://pubmed.ncbi.nlm.nih.gov/36166091/,2026-09-30
36173262,Complementary therapies in substance use recovery with pregnant women and girls.,10.1177/17455057221126807,PMC9528000,Journal Article,True,[],REIKI,False,ELIGIBILITY_SCREENING_PENDING,https://pubmed.ncbi.nlm.nih.gov/36173262/,2026-09-30
36185309,Predicting lymphovascular invasion in clinically node-negative breast cancer detected by abbreviated magnetic resonance imaging: Transfer learning vs. radiomics.,10.3389/fonc.2022.890659,PMC9520481,Journal Article,True,[],RADIONICS,False,ELIGIBILITY_SCREENING_PENDING,https://pubmed.ncbi.nlm.nih.gov/36185309/,2026-09-30
36189047,How Do You Touch an Impossible Thing?,10.3389/fresc.2022.934698,PMC9397965,Journal Article,True,[],THERAPEUTIC_TOUCH,False,ELIGIBILITY_SCREENING_PENDING,https://pubmed.ncbi.nlm.nih.gov/36189047/,2026-09-30
36189075,The Significance of Touch in Pediatric Physiotherapy.,10.3389/fresc.2022.893551,PMC9397783,Journal Article,True,[],THERAPEUTIC_TOUCH,False,ELIGIBILITY_SCREENING_PENDING,https://pubmed.ncbi.nlm.nih.gov/36189075/,2026-09-30
36272846,"The Effect of Reiki on Anxiety, Stress, and Comfort Levels Before Gastrointestinal Endoscopy: A Randomized Sham-Controlled Trial.",10.1016/j.jopan.2022.08.010,,Randomized Controlled Trial;Journal Article,True,[],REIKI,True,SEE_EARLIER_REGISTER,https://pubmed.ncbi.nlm.nih.gov/36272846/,2026-09-30
36278509,"The suggestive nature of words. Media coverage of homeopathy, acupuncture, reiki and Bach flower remedies in Spanish press 2011-2016.",10.1017/S0021932022000384,,Journal Article,True,[],REIKI,False,ELIGIBILITY_SCREENING_PENDING,https://pubmed.ncbi.nlm.nih.gov/36278509/,2026-09-30
36308730,Experiences With a Distant Reiki Intervention During the COVID-19 Pandemic Using the Science of Unitary Human Beings Framework.,10.1097/ANS.0000000000000441,PMC9622335,Journal Article,True,[],REIKI,False,ELIGIBILITY_SCREENING_PENDING,https://pubmed.ncbi.nlm.nih.gov/36308730/,2026-09-30
36317026,Effects of Heartfulness Meditation Practices on Control of Alzheimer's Disease: A Comprehensive Review.,10.18502/ijph.v50i12.7925,PMC9577164,Journal Article;Review,True,[],HEARTFULNESS,False,ELIGIBILITY_SCREENING_PENDING,https://pubmed.ncbi.nlm.nih.gov/36317026/,2026-09-30
36329765,Scientific Evidence of Health Benefits by Practicing Mantra Meditation: Narrative Review.,10.4103/ijoy.ijoy_53_22,PMC9623891,Journal Article;Review,True,[],MANTRA_PRACTICES,True,SEE_EARLIER_REGISTER,https://pubmed.ncbi.nlm.nih.gov/36329765/,2026-09-30
36331090,The Effect of Distant Reiki Sessions on Holistic Well-Being.,10.1097/HNP.0000000000000557,,Journal Article,True,[],REIKI,False,ELIGIBILITY_SCREENING_PENDING,https://pubmed.ncbi.nlm.nih.gov/36331090/,2026-09-30
36398997,Correction Statement: Country Affiliations and Conflict of Interest Statements.,10.1177/08980101221127086,PMC9807834,Published Erratum,False,"[{""type"": ""ErratumFor"", ""pmid"": ""32448052""}, {""type"": ""ErratumFor"", ""pmid"": ""32460584""}, {""type"": ""ErratumFor"", ""pmid"": ""32552346""}, {""type"": ""ErratumFor"", ""pmid"": ""32567450""}, {""type"": ""ErratumFor"", ""pmid"": ""32618216""}, {""type"": ""ErratumFor"", ""pmid"": ""32633610""}, {""type"": ""ErratumFor"", ""pmid"": ""32639847""}, {""type"": ""ErratumFor"", ""pmid"": ""32649851""}, {""type"": ""ErratumFor"", ""pmid"": ""32667244""}, {""type"": ""ErratumFor"", ""pmid"": ""32700622""}, {""type"": ""ErratumFor"", ""pmid"": ""32815476""}, {""type"": ""ErratumFor"", ""pmid"": ""32921255""}, {""type"": ""ErratumFor"", ""pmid"": ""32959720""}, {""type"": ""ErratumFor"", ""pmid"": ""32985338""}, {""type"": ""ErratumFor"", ""pmid"": ""33030086""}, {""type"": ""ErratumFor"", ""pmid"": ""33030096""}, {""type"": ""ErratumFor"", ""pmid"": ""33089740""}, {""type"": ""ErratumFor"", ""pmid"": ""33238800""}, {""type"": ""ErratumFor"", ""pmid"": ""33251933""}, {""type"": ""ErratumFor"", ""pmid"": ""33287641""}, {""type"": ""ErratumFor"", ""pmid"": ""33307966""}, {""type"": ""ErratumFor"", ""pmid"": ""33317377""}, {""type"": ""ErratumFor"", ""pmid"": ""33461386""}, {""type"": ""ErratumFor"", ""pmid"": ""33729867""}, {""type"": ""ErratumFor"", ""pmid"": ""33843358""}, {""type"": ""ErratumFor"", ""pmid"": ""33856238""}, {""type"": ""ErratumFor"", ""pmid"": ""33861185""}, {""type"": ""ErratumFor"", ""pmid"": ""33876977""}, {""type"": ""ErratumFor"", ""pmid"": ""33998935""}, {""type"": ""ErratumFor"", ""pmid"": ""34029129""}, {""type"": ""ErratumFor"", ""pmid"": ""34048319""}, {""type"": ""ErratumFor"", ""pmid"": ""34106020""}, {""type"": ""ErratumFor"", ""pmid"": ""34125628""}, {""type"": ""ErratumFor"", ""pmid"": ""34142899""}, {""type"": ""ErratumFor"", ""pmid"": ""34166126""}, {""type"": ""ErratumFor"", ""pmid"": ""34213955""}, {""type"": ""ErratumFor"", ""pmid"": ""34213960""}, {""type"": ""ErratumFor"", ""pmid"": ""34279129""}, {""type"": ""ErratumFor"", ""pmid"": ""34319188""}, {""type"": ""ErratumFor"", ""pmid"": ""34382477""}, {""type"": ""ErratumFor"", ""pmid"": ""34402341""}, {""type"": ""ErratumFor"", ""pmid"": ""34463166""}, {""type"": ""ErratumFor"", ""pmid"": ""34469181""}, {""type"": ""ErratumFor"", ""pmid"": ""34482761""}, {""type"": ""ErratumFor"", ""pmid"": ""34636677""}, {""type"": ""ErratumFor"", ""pmid"": ""34636689""}, {""type"": ""ErratumFor"", ""pmid"": ""34665078""}, {""type"": ""ErratumFor"", ""pmid"": ""35876350""}]",,True,SEE_EARLIER_REGISTER,https://pubmed.ncbi.nlm.nih.gov/36398997/,2026-09-30
36427257,Mantram repetition and psychological distress: A systematic review and meta-analysis.,10.1111/jpm.12886,,Meta-Analysis;Systematic Review;Journal Article,True,[],MANTRA_PRACTICES,False,ELIGIBILITY_SCREENING_PENDING,https://pubmed.ncbi.nlm.nih.gov/36427257/,2026-09-30
36444780,A systematic review of interventional trials reporting relationships between silent mantram repetition and health in adults.,10.1016/j.ctcp.2022.101709,,Systematic Review;Journal Article,False,[],MANTRA_PRACTICES,False,ELIGIBILITY_SCREENING_PENDING,https://pubmed.ncbi.nlm.nih.gov/36444780/,2026-09-30
36445978,Integrative Oncology in Young Women With Breast Cancer.,10.46883/2022.25920978,,Journal Article,True,[],HEALING_TOUCH,False,ELIGIBILITY_SCREENING_PENDING,https://pubmed.ncbi.nlm.nih.gov/36445978/,2026-09-30
36458088,Acceptability and feasibility of the Heartfulness Way: A social-emotional learning program for school-going adolescents in India.,10.4103/indianjpsychiatry.indianjpsychiatry_293_22,PMC9707669,Journal Article,True,[],HEARTFULNESS,False,ELIGIBILITY_SCREENING_PENDING,https://pubmed.ncbi.nlm.nih.gov/36458088/,2026-09-30
36476354,The effect of acupressure or reiki interventions on the levels of pain and fatigue of cancer patients receiving palliative care: A randomized controlled study.,10.1016/j.explore.2022.11.007,,Randomized Controlled Trial;Journal Article,True,[],REIKI,False,ELIGIBILITY_SCREENING_PENDING,https://pubmed.ncbi.nlm.nih.gov/36476354/,2026-09-30
36481177,"The effect of reiki on anxiety, fear, pain, and oxygen saturation in abdominal surgery patients: A randomized controlled trial.",10.1016/j.explore.2022.11.005,,Randomized Controlled Trial;Journal Article,True,[],REIKI,True,SEE_EARLIER_REGISTER,https://pubmed.ncbi.nlm.nih.gov/36481177/,2026-09-30
36492029,Christian Science.,,PMC9236401,Journal Article,False,[],CHRISTIAN_SCIENCE_HEALING,False,ELIGIBILITY_SCREENING_PENDING,https://pubmed.ncbi.nlm.nih.gov/36492029/,2026-09-30
36492243,Christian Science Outdone.,,PMC9238863,Journal Article,False,[],CHRISTIAN_SCIENCE_HEALING,False,ELIGIBILITY_SCREENING_PENDING,https://pubmed.ncbi.nlm.nih.gov/36492243/,2026-09-30
36493236,Christian Science.,,PMC9238963,Journal Article,False,[],CHRISTIAN_SCIENCE_HEALING,False,ELIGIBILITY_SCREENING_PENDING,https://pubmed.ncbi.nlm.nih.gov/36493236/,2026-09-30
36493280,"""Christian Science"" Cures.",,PMC9239015,Journal Article,False,[],CHRISTIAN_SCIENCE_HEALING,False,ELIGIBILITY_SCREENING_PENDING,https://pubmed.ncbi.nlm.nih.gov/36493280/,2026-09-30
36505903,The Effect of Heartfulness Meditation Program on Burnout and Satisfaction With Life Among Accounting Professionals.,10.1177/2164957X221123559,PMC9729999,Journal Article,True,[],HEARTFULNESS,False,ELIGIBILITY_SCREENING_PENDING,https://pubmed.ncbi.nlm.nih.gov/36505903/,2026-09-30
36514421,Patient Reported Outcomes of Scalp and Forehead Reconstruction for Defects Following Oncological Resections (North-East Indian Tertiary Cancer Centre Study).,10.1007/s12070-021-02606-9,PMC9741686,Journal Article,True,[],BIOGEOMETRY,False,ELIGIBILITY_SCREENING_PENDING,https://pubmed.ncbi.nlm.nih.gov/36514421/,2026-09-30
36517809,Use of complementary and alternative medicine in pregnancy and labour pain: a cross-sectional study from turkey.,10.1186/s12906-022-03804-w,PMC9749170,Journal Article,True,[],THERAPEUTIC_TOUCH,False,ELIGIBILITY_SCREENING_PENDING,https://pubmed.ncbi.nlm.nih.gov/36517809/,2026-09-30
36529594,The effect of therapeutic touch and music rest on sleep parameters in children with liver transplantation.,10.1016/j.pedn.2022.12.008,,Journal Article,True,[],THERAPEUTIC_TOUCH,False,ELIGIBILITY_SCREENING_PENDING,https://pubmed.ncbi.nlm.nih.gov/36529594/,2026-09-30
36646612,The effect of Reiki on fatigue and comfort in hemodialysis patients.,10.1016/j.explore.2022.12.009,,Randomized Controlled Trial;Journal Article,True,[],REIKI,False,ELIGIBILITY_SCREENING_PENDING,https://pubmed.ncbi.nlm.nih.gov/36646612/,2026-09-30
36683892,Propeller Flaps.,10.1055/s-0041-1740529,PMC9859681,Journal Article,True,[],BIOGEOMETRY,True,SEE_EARLIER_REGISTER,https://pubmed.ncbi.nlm.nih.gov/36683892/,2026-09-30
36693813,"Configuring the Professional Touch in Physical Examinations in Chinese Outpatient Clinical Interaction: Talk, Touch, Professional Vision, and Intersubjectivity.",10.1080/10410236.2023.2164965,,"Journal Article;Research Support, Non-U.S. Gov't",True,[],THERAPEUTIC_TOUCH,False,ELIGIBILITY_SCREENING_PENDING,https://pubmed.ncbi.nlm.nih.gov/36693813/,2026-09-30
36710104,An exploratory investigation of human biofield responses to encountering a sacred object.,10.1016/j.explore.2023.01.007,,Journal Article,True,[],CHAKRA_AURA,True,SEE_EARLIER_REGISTER,https://pubmed.ncbi.nlm.nih.gov/36710104/,2026-09-30
36714962,Healing Touch: A Strategy for Acute Care Nurses' Stress Reduction.,10.1177/08980101221142193,,Journal Article;Randomized Controlled Trial,True,"[{""type"": ""ErratumIn"", ""pmid"": ""38562055""}]",HEALING_TOUCH,False,ELIGIBILITY_SCREENING_PENDING,https://pubmed.ncbi.nlm.nih.gov/36714962/,2026-09-30
36777474,Who Sticks with Meditation? Rates and Predictors of Persistence in a Population-based Sample in the USA.,10.1007/s12671-022-02061-9,PMC9910079,Journal Article,True,[],MANTRA_PRACTICES,False,ELIGIBILITY_SCREENING_PENDING,https://pubmed.ncbi.nlm.nih.gov/36777474/,2026-09-30
36810482,Prevention and Treatment of Chemotherapy-Induced Peripheral Neuropathy (CIPN) with Non-Pharmacological Interventions: Clinical Recommendations from a Systematic Scoping Review and an Expert Consensus Process.,10.3390/medsci11010015,PMC9944490,Journal Article;Scoping Review;Consensus Statement,True,[],THERAPEUTIC_TOUCH,False,ELIGIBILITY_SCREENING_PENDING,https://pubmed.ncbi.nlm.nih.gov/36810482/,2026-09-30
36884770,The Christian Science Deception.,,PMC8723244,Editorial,False,[],CHRISTIAN_SCIENCE_HEALING,False,ELIGIBILITY_SCREENING_PENDING,https://pubmed.ncbi.nlm.nih.gov/36884770/,2026-09-30
36884775,Christian Science Methods.,,PMC8723250,Journal Article,False,[],CHRISTIAN_SCIENCE_HEALING,False,ELIGIBILITY_SCREENING_PENDING,https://pubmed.ncbi.nlm.nih.gov/36884775/,2026-09-30
36886317,Christian Science.,,PMC8732096,Editorial,False,[],CHRISTIAN_SCIENCE_HEALING,False,ELIGIBILITY_SCREENING_PENDING,https://pubmed.ncbi.nlm.nih.gov/36886317/,2026-09-30
36887218,Harold Frederic and Christian Science.,,PMC8736462,Editorial,False,[],CHRISTIAN_SCIENCE_HEALING,False,ELIGIBILITY_SCREENING_PENDING,https://pubmed.ncbi.nlm.nih.gov/36887218/,2026-09-30
36887248,Christian Science-A Sociological Study.,,PMC8736515,Editorial,False,[],CHRISTIAN_SCIENCE_HEALING,False,ELIGIBILITY_SCREENING_PENDING,https://pubmed.ncbi.nlm.nih.gov/36887248/,2026-09-30
36891912,Epigenomic impacts of meditative practices.,10.2217/epi-2022-0306,,Journal Article;Review,True,[],HEARTFULNESS,False,ELIGIBILITY_SCREENING_PENDING,https://pubmed.ncbi.nlm.nih.gov/36891912/,2026-09-30
36923275,Therapeutic touch and therapeutic alliance in pediatric care and neonatology: An active inference framework.,10.3389/fped.2023.961075,PMC10009260,Journal Article,True,[],THERAPEUTIC_TOUCH,False,ELIGIBILITY_SCREENING_PENDING,https://pubmed.ncbi.nlm.nih.gov/36923275/,2026-09-30
36925913,MRI-based pre-Radiomics and delta-Radiomics models accurately predict the post-treatment response of rectal adenocarcinoma to neoadjuvant chemoradiotherapy.,10.3389/fonc.2023.1133008,PMC10013156,Journal Article,True,[],RADIONICS,False,ELIGIBILITY_SCREENING_PENDING,https://pubmed.ncbi.nlm.nih.gov/36925913/,2026-09-30
36938168,"Effect of Heartfulness Meditation Among Long-Term, Short-Term and Non-meditators on Prefrontal Cortex Activity of Brain Using Machine Learning Classification: A Cross-Sectional Study.",10.7759/cureus.34977,PMC10019753,Journal Article,True,[],HEARTFULNESS,False,ELIGIBILITY_SCREENING_PENDING,https://pubmed.ncbi.nlm.nih.gov/36938168/,2026-09-30
36943587,Comparison of the safety and effectiveness of different surgical timing for acute cholecystitis after percutaneous transhepatic gallbladder drainage: a systematic review and meta-analysis.,10.1007/s00423-023-02861-0,,Meta-Analysis;Systematic Review;Journal Article,True,[],SOUND_HEALING,True,SEE_EARLIER_REGISTER,https://pubmed.ncbi.nlm.nih.gov/36943587/,2026-09-30
36949832,Heartfulness Meditation Alters Electroencephalogram Oscillations: An Electroencephalogram Study.,10.4103/ijoy.ijoy_138_22,PMC10026341,Journal Article,True,[],HEARTFULNESS,False,ELIGIBILITY_SCREENING_PENDING,https://pubmed.ncbi.nlm.nih.gov/36949832/,2026-09-30
36949840,"Effect of 4-Week Heartfulness Meditation on Stress Scores, Sleep Quality, and Oxidative and Inflammatory Biochemical Parameters in COVID-19 Patients after Completion of Standard Treatment - A Randomized Controlled Trial.",10.4103/ijoy.ijoy_95_22,PMC10026342,Journal Article,True,[],HEARTFULNESS,True,SEE_EARLIER_REGISTER,https://pubmed.ncbi.nlm.nih.gov/36949840/,2026-09-30
36953269,Christian Science(?).,,PMC9173139,Journal Article,False,[],CHRISTIAN_SCIENCE_HEALING,False,ELIGIBILITY_SCREENING_PENDING,https://pubmed.ncbi.nlm.nih.gov/36953269/,2026-09-30
36954329,"""Christian Science"" and the Practice of Medicine.",,PMC9590845,Journal Article,False,[],CHRISTIAN_SCIENCE_HEALING,False,ELIGIBILITY_SCREENING_PENDING,https://pubmed.ncbi.nlm.nih.gov/36954329/,2026-09-30
36954359,Christian Science and the Law.,,PMC9590883,Journal Article,False,[],CHRISTIAN_SCIENCE_HEALING,False,ELIGIBILITY_SCREENING_PENDING,https://pubmed.ncbi.nlm.nih.gov/36954359/,2026-09-30
36954376,"The Reductio Ad Absurdum of ""Christian Science"".",,PMC9590906,Journal Article,False,[],CHRISTIAN_SCIENCE_HEALING,False,ELIGIBILITY_SCREENING_PENDING,https://pubmed.ncbi.nlm.nih.gov/36954376/,2026-09-30
36955252,Christian Science and Diphtheria; Important Decision.,,PMC9595921,Journal Article,False,[],CHRISTIAN_SCIENCE_HEALING,False,ELIGIBILITY_SCREENING_PENDING,https://pubmed.ncbi.nlm.nih.gov/36955252/,2026-09-30
36981851,"Heartfulness in Vegans, Vegetarians, and Omnivores.",10.3390/ijerph20064943,PMC10049544,Journal Article,True,[],HEARTFULNESS,False,ELIGIBILITY_SCREENING_PENDING,https://pubmed.ncbi.nlm.nih.gov/36981851/,2026-09-30
37023932,Sound healing reduces generalized anxiety during the pandemic: A feasibility study.,10.1016/j.ctim.2023.102947,,Journal Article,True,[],DISTANCE_HEALING;BIOFIELD_TUNING;SOUND_HEALING,True,SEE_EARLIER_REGISTER,https://pubmed.ncbi.nlm.nih.gov/37023932/,2026-09-30
37070840,Evaluation of the Impacts of Reiki Touch Therapy on Patients Diagnosed With Fibromyalgia Who Are Followed in the Pain Clinic.,10.1097/HNP.0000000000000497,,Journal Article,True,[],REIKI,False,ELIGIBILITY_SCREENING_PENDING,https://pubmed.ncbi.nlm.nih.gov/37070840/,2026-09-30
37103669,A Meditation Based Cognitive Therapy (HMBCT) for Primary Insomnia: A Treatment Feasibility Pilot Study.,10.1007/s10484-023-09586-2,,"Randomized Controlled Trial;Journal Article;Research Support, Non-U.S. Gov't",True,[],MANTRA_PRACTICES,False,ELIGIBILITY_SCREENING_PENDING,https://pubmed.ncbi.nlm.nih.gov/37103669/,2026-09-30
37119541,Immediate Effect of Nada Yoga Meditation on Energy Levels and Alignment of Seven Chakras as Assessed by Electro-photonic Imaging: A Randomized Controlled Crossover Pilot Study.,,,Randomized Controlled Trial;Journal Article,True,[],CHAKRA_AURA,True,SEE_EARLIER_REGISTER,https://pubmed.ncbi.nlm.nih.gov/37119541/,2026-09-30
37119543,Understanding Pranic Energy Experiences: A Qualitative Approach.,,,Journal Article,True,[],PRANIC_HEALING,False,ELIGIBILITY_SCREENING_PENDING,https://pubmed.ncbi.nlm.nih.gov/37119543/,2026-09-30
37165635,Energy Healers' Distance Healing Experience.,10.1177/08980101231169884,,Journal Article,True,[],HEALING_TOUCH;DISTANCE_HEALING,True,SEE_EARLIER_REGISTER,https://pubmed.ncbi.nlm.nih.gov/37165635/,2026-09-30
37184330,Comparison of mother's therapeutic touch and voice stimulus in reduce pain in premature infants undergoing invasive procedures.,10.4081/pmc.2021.259,,Journal Article,True,[],THERAPEUTIC_TOUCH,False,ELIGIBILITY_SCREENING_PENDING,https://pubmed.ncbi.nlm.nih.gov/37184330/,2026-09-30
37193512,Millets (Shrianna) and lifestyle diseases: A healing touch.,10.1016/j.mjafi.2023.04.001,PMC10182399,Journal Article;Review,True,[],HEALING_TOUCH,False,ELIGIBILITY_SCREENING_PENDING,https://pubmed.ncbi.nlm.nih.gov/37193512/,2026-09-30
37269379,Antinociceptive Efficacy of Shamanic Healing for the Management of Temporomandibular Disorders: An Evidence-Based Review.,10.1007/s10943-023-01844-1,,Journal Article;Systematic Review,True,[],,True,SEE_EARLIER_REGISTER,https://pubmed.ncbi.nlm.nih.gov/37269379/,2026-09-30
37270354,Client experiences of virtual energy healing.,10.1016/j.explore.2023.03.012,PMC10212593,Journal Article;Comment,True,"[{""type"": ""CommentOn"", ""pmid"": ""26665037""}]",REIKI;THERAPEUTIC_TOUCH;HEALING_TOUCH,False,ELIGIBILITY_SCREENING_PENDING,https://pubmed.ncbi.nlm.nih.gov/37270354/,2026-09-30
37325440,Differential In Vivo Effects on Cancer Models by Recorded Magnetic Signals Derived From a Healing Technique.,10.1177/15593258231179903,PMC10265331,Journal Article,True,[],BENGSTON_METHOD,False,ELIGIBILITY_SCREENING_PENDING,https://pubmed.ncbi.nlm.nih.gov/37325440/,2026-09-30
37342644,"Impact of Heartfulness meditation practice on anxiety, perceived stress, well-being, and telomere length.",10.3389/fpsyg.2023.1158760,PMC10278541,Journal Article,True,[],HEARTFULNESS,True,SEE_EARLIER_REGISTER,https://pubmed.ncbi.nlm.nih.gov/37342644/,2026-09-30
37342727,An Exploratory Analysis of the Association Between Hospital Labor Costs and the Quality of Care.,10.2147/RMHP.S410296,PMC10278947,Journal Article,True,[],HEALING_TOUCH,False,ELIGIBILITY_SCREENING_PENDING,https://pubmed.ncbi.nlm.nih.gov/37342727/,2026-09-30
37404216,Non-Pharmacologic Approaches to Sleep Problems for Palliative Care Cancer Patients: A Systematic Review.,10.5152/FNJN.2023.23051,PMC10440962,Journal Article,True,[],THERAPEUTIC_TOUCH,False,ELIGIBILITY_SCREENING_PENDING,https://pubmed.ncbi.nlm.nih.gov/37404216/,2026-09-30
37416675,Development of value-added sustainable products from paper mill sludge: An experimental approach.,10.1016/j.heliyon.2023.e17517,PMC10320070,Journal Article,True,[],CHAKRA_AURA,False,ELIGIBILITY_SCREENING_PENDING,https://pubmed.ncbi.nlm.nih.gov/37416675/,2026-09-30
37487162,Managing Mental Health: Eight Extraordinary Vessels.,10.1097/NCM.0000000000000676,,Journal Article,False,[],,True,SEE_EARLIER_REGISTER,https://pubmed.ncbi.nlm.nih.gov/37487162/,2026-09-30
37492023,The process of implementing culture change across a city-operated long-term care home and the importance of stakeholder engagement.,10.1177/08404704231188961,,Journal Article,True,[],EXTERNAL_QIGONG,False,ELIGIBILITY_SCREENING_PENDING,https://pubmed.ncbi.nlm.nih.gov/37492023/,2026-09-30
37537086,Patient experiences and outcomes in a virtual healing setting: A feasibility study.,10.1016/j.explore.2023.04.009,,Journal Article,True,[],DISTANCE_HEALING;BIOFIELD_TUNING;SOUND_HEALING,True,SEE_EARLIER_REGISTER,https://pubmed.ncbi.nlm.nih.gov/37537086/,2026-09-30
37577894,"[Clinical thinking of acupuncture for snoring based on ""disharmony qi leads to restlessness""].",10.13703/j.0255-2930.20221117-0006,,English Abstract;Journal Article,True,[],EXTERNAL_QIGONG,False,ELIGIBILITY_SCREENING_PENDING,https://pubmed.ncbi.nlm.nih.gov/37577894/,2026-09-30
37595119,The Effect of Reiki on Pain Applied to Patients With Cancer: A Systematic Review.,10.1097/HNP.0000000000000601,,Journal Article;Systematic Review,True,[],REIKI,False,ELIGIBILITY_SCREENING_PENDING,https://pubmed.ncbi.nlm.nih.gov/37595119/,2026-09-30
37601988,Prophylactic Use of Mepitel® Film to Prevent Radiation-Induced Moist Desquamation in Cancer Patients.,10.7759/cureus.42186,PMC10439668,Journal Article;Review,True,"[{""type"": ""ErratumIn"", ""pmid"": ""38347918""}]",RADIONICS,False,ELIGIBILITY_SCREENING_PENDING,https://pubmed.ncbi.nlm.nih.gov/37601988/,2026-09-30
37614464,Evaluation of a Distance Reiki Program for Frontline Healthcare Workers' Health-Related Quality of Life During the COVID-19 Pandemic.,10.1177/27536130231187368,PMC10443426,Journal Article,True,[],REIKI,False,ELIGIBILITY_SCREENING_PENDING,https://pubmed.ncbi.nlm.nih.gov/37614464/,2026-09-30
37640590,The effect of therapeutic touch on sleep quality and fatigue in menopausal women.,10.1016/j.explore.2023.08.007,,"Randomized Controlled Trial;Journal Article;Research Support, Non-U.S. Gov't",True,[],THERAPEUTIC_TOUCH,False,ELIGIBILITY_SCREENING_PENDING,https://pubmed.ncbi.nlm.nih.gov/37640590/,2026-09-30
37711602,"Perception of Subtle Energy ""Prana"", and Its Effects During Biofield Practices: A Qualitative Meta-Synthesis.",10.1177/27536130231200477,PMC10498708,Journal Article;Review,True,[],PRANIC_HEALING;REIKI,False,ELIGIBILITY_SCREENING_PENDING,https://pubmed.ncbi.nlm.nih.gov/37711602/,2026-09-30
37738314,Non-pharmacological therapies for cancer patients in Portugal and Brazil: an experience report.,10.1590/1980-220X-REEUSP-2023-0091en,PMC10516480,Journal Article,True,[],REIKI,False,ELIGIBILITY_SCREENING_PENDING,https://pubmed.ncbi.nlm.nih.gov/37738314/,2026-09-30
37780621,A multicenter study on the application of artificial intelligence radiological characteristics to predict prognosis after percutaneous nephrolithotomy.,10.3389/fendo.2023.1184608,PMC10541026,Multicenter Study;Journal Article,True,[],RADIONICS,False,ELIGIBILITY_SCREENING_PENDING,https://pubmed.ncbi.nlm.nih.gov/37780621/,2026-09-30
37788602,Patient Perceptions of Integrating Meditation-based Interventions in Office-based Opioid Treatment with Buprenorphine: A Mixed-methods Survey.,10.1097/ADM.0000000000001160,PMC10533745,"Journal Article;Research Support, N.I.H., Extramural",True,[],MANTRA_PRACTICES,False,ELIGIBILITY_SCREENING_PENDING,https://pubmed.ncbi.nlm.nih.gov/37788602/,2026-09-30
37792581,Implementing Healing Touch Pilot in an Inpatient Rehabilitation Unit: Reductions in Pain and Anxiety.,10.1177/08980101231204434,,Journal Article,True,[],HEALING_TOUCH,False,ELIGIBILITY_SCREENING_PENDING,https://pubmed.ncbi.nlm.nih.gov/37792581/,2026-09-30
37797350,Effect of Heartfulness meditation based integrative therapy on infertility outcomes: A retrospective case series evaluation.,10.1016/j.jaim.2023.100793,PMC10562913,Journal Article,True,[],HEARTFULNESS,False,ELIGIBILITY_SCREENING_PENDING,https://pubmed.ncbi.nlm.nih.gov/37797350/,2026-09-30
37851347,Effects of Reiki on the Perception of Quality of Life Determined by the Questionnaire WHOQOL-BREF.,10.1097/HNP.0000000000000614,,Journal Article,True,[],REIKI,False,ELIGIBILITY_SCREENING_PENDING,https://pubmed.ncbi.nlm.nih.gov/37851347/,2026-09-30
37851350,"The Effect of Reiki and Aromatherapy on Vital Signs, Oxygen Saturation, and Anxiety Level in Patients Undergoing Upper Gastrointestinal Endoscopy: A Randomized Controlled Study.",10.1097/HNP.0000000000000611,,Randomized Controlled Trial;Journal Article,True,[],REIKI,False,ELIGIBILITY_SCREENING_PENDING,https://pubmed.ncbi.nlm.nih.gov/37851350/,2026-09-30
37859402,Healing Touch: A Strategy for Acute Care Nurses' Stress Reduction.,10.1177/08980101231208494,,Journal Article,False,[],HEALING_TOUCH,False,ELIGIBILITY_SCREENING_PENDING,https://pubmed.ncbi.nlm.nih.gov/37859402/,2026-09-30
37874963,"The effects of therapeutic touch and music on sleep quality, menopausal symptoms, and quality of life in menopausal women.",10.1097/GME.0000000000002269,,Journal Article,True,[],THERAPEUTIC_TOUCH,False,ELIGIBILITY_SCREENING_PENDING,https://pubmed.ncbi.nlm.nih.gov/37874963/,2026-09-30
37881236,"Pranic Healing as a Complementary Therapy in Diabetic Foot Ulcer Management: A Randomised, Controlled, Double-Blind Trial.",10.1177/27536130231183429,PMC10594964,Journal Article,True,"[{""type"": ""ErratumIn"", ""pmid"": ""39291236""}]",PRANIC_HEALING,True,SEE_EARLIER_REGISTER,https://pubmed.ncbi.nlm.nih.gov/37881236/,2026-09-30
37926497,[Healing the mind by healing the body in anorexia nervosa].,10.1016/j.spsy.2023.09.009,,English Abstract;Journal Article,True,[],THERAPEUTIC_TOUCH,False,ELIGIBILITY_SCREENING_PENDING,https://pubmed.ncbi.nlm.nih.gov/37926497/,2026-09-30
37931880,A Radiomics Model Based on CT Images Combined with Multiple Machine Learning Models to Predict the Prognosis of Spontaneous Intracerebral Hemorrhage.,10.1016/j.wneu.2023.11.002,,Journal Article,True,[],RADIONICS,False,ELIGIBILITY_SCREENING_PENDING,https://pubmed.ncbi.nlm.nih.gov/37931880/,2026-09-30
37957605,Monitoring the neural activity associated with praying in Sahaja Yoga meditation.,10.1186/s12868-023-00828-x,PMC10642040,"Journal Article;Research Support, Non-U.S. Gov't",True,[],SAHAJA_YOGA,False,ELIGIBILITY_SCREENING_PENDING,https://pubmed.ncbi.nlm.nih.gov/37957605/,2026-09-30
37966988,The Effect of Reiki Intervention on Fatigue and Anxiety in Hemodialysis Patients: A Randomized Controlled Study.,10.1097/HNP.0000000000000625,,Randomized Controlled Trial;Journal Article,True,[],REIKI,False,ELIGIBILITY_SCREENING_PENDING,https://pubmed.ncbi.nlm.nih.gov/37966988/,2026-09-30
37966989,Global Meditation Practices: A Literature Review.,10.1097/HNP.0000000000000626,,Review;Journal Article,True,[],MANTRA_PRACTICES,False,ELIGIBILITY_SCREENING_PENDING,https://pubmed.ncbi.nlm.nih.gov/37966989/,2026-09-30
37968599,The value of a dual-energy CT Iodine map radiomics model for the prediction of collagen fiber content in the ccRCC tumor microenvironment.,10.1186/s12880-023-01127-x,PMC10648380,"Journal Article;Research Support, Non-U.S. Gov't",True,[],RADIONICS,False,ELIGIBILITY_SCREENING_PENDING,https://pubmed.ncbi.nlm.nih.gov/37968599/,2026-09-30
38025468,Effect of Heartfulness meditation program on perceived stress and satisfaction with life of female students.,10.3389/fpsyt.2023.1214603,PMC10652785,Journal Article,True,[],HEARTFULNESS,False,ELIGIBILITY_SCREENING_PENDING,https://pubmed.ncbi.nlm.nih.gov/38025468/,2026-09-30
38030555,The Effect of Distant Reiki Applied to Individuals with Extremity Amputation on Pain Level and Holistic Well-Being: A Quasi-experimental Study.,10.1016/j.pmn.2023.11.003,,Journal Article,True,[],REIKI,False,ELIGIBILITY_SCREENING_PENDING,https://pubmed.ncbi.nlm.nih.gov/38030555/,2026-09-30
38131135,Reiki intervention for supporting healthcare professional care behaviors in pediatric palliative care: A pilot study.,10.1017/S1478951523001852,,Journal Article,True,[],REIKI,False,ELIGIBILITY_SCREENING_PENDING,https://pubmed.ncbi.nlm.nih.gov/38131135/,2026-09-30
38152342,Yoga Plus Mantram Repetition to Reduce Chronic Pain in Veterans With Post-Traumatic Stress Disorder: A Feasibility Trial.,10.1177/27536130231220623,PMC10752061,Journal Article,True,[],MANTRA_PRACTICES,False,ELIGIBILITY_SCREENING_PENDING,https://pubmed.ncbi.nlm.nih.gov/38152342/,2026-09-30
38159779,"The economics of nature's healing touch: A systematic review and conceptual framework of green space, pharmaceutical prescriptions, and healthcare expenditure associations.",10.1016/j.scitotenv.2023.169635,,Systematic Review;Journal Article,True,[],HEALING_TOUCH,False,ELIGIBILITY_SCREENING_PENDING,https://pubmed.ncbi.nlm.nih.gov/38159779/,2026-09-30
38166894,The acceptability and feasibility of a virtual mantram program for patients with posttraumatic stress disorder and substance use disorders: mixed method results.,10.1186/s12906-023-04312-1,PMC10759462,Journal Article,True,[],MANTRA_PRACTICES,False,ELIGIBILITY_SCREENING_PENDING,https://pubmed.ncbi.nlm.nih.gov/38166894/,2026-09-30
38204769,Heart-brain Rhythmic Synchronization during Meditation: A Nonlinear Signal Analysis.,10.4103/ijoy.ijoy_161_23,PMC10775837,Journal Article,True,[],HEARTFULNESS,False,ELIGIBILITY_SCREENING_PENDING,https://pubmed.ncbi.nlm.nih.gov/38204769/,2026-09-30
38204770,Effect of Various Lengths of Respiration on Heart Rate Variability during Simple Bhramari (Humming).,10.4103/ijoy.ijoy_113_23,PMC10775838,Journal Article,True,[],MANTRA_PRACTICES,False,ELIGIBILITY_SCREENING_PENDING,https://pubmed.ncbi.nlm.nih.gov/38204770/,2026-09-30
38218673,Implementing integrative therapies in adult critical care: Barriers and strategies.,10.1016/j.aucc.2023.11.002,,"Journal Article;Research Support, Non-U.S. Gov't",True,[],THERAPEUTIC_TOUCH,False,ELIGIBILITY_SCREENING_PENDING,https://pubmed.ncbi.nlm.nih.gov/38218673/,2026-09-30
38268021,"Non-pharmacological labor pain relive methods: utilization and associated factors among midwives and maternity nurses in Najran, Saudi Arabia.",10.1186/s12978-023-01737-2,PMC10809473,Journal Article,True,[],THERAPEUTIC_TOUCH,False,ELIGIBILITY_SCREENING_PENDING,https://pubmed.ncbi.nlm.nih.gov/38268021/,2026-09-30
38286705,Mixed-methods randomised study exploring the feasibility and acceptability of eye-movement desensitisation and reprocessing for improving the mental health of traumatised survivors of intensive care following hospital discharge: protocol.,10.1136/bmjopen-2023-081969,PMC10826543,"Clinical Trial Protocol;Journal Article;Research Support, Non-U.S. Gov't",True,[],THERAPEUTIC_TOUCH,False,ELIGIBILITY_SCREENING_PENDING,https://pubmed.ncbi.nlm.nih.gov/38286705/,2026-09-30
38300148,Biofield Therapies: Guidelines for Reporting Clinical Trials.,10.1089/jicm.2024.29128.rh,PMC10910875,Journal Article,True,[],REIKI;THERAPEUTIC_TOUCH;HEALING_TOUCH;EXTERNAL_QIGONG,False,ELIGIBILITY_SCREENING_PENDING,https://pubmed.ncbi.nlm.nih.gov/38300148/,2026-09-30
38304734,Biofield Therapies: Guidelines for Reporting Clinical Trials.,10.1177/27536130231202501,PMC10832441,Journal Article,True,[],REIKI;THERAPEUTIC_TOUCH;HEALING_TOUCH;EXTERNAL_QIGONG,True,SEE_EARLIER_REGISTER,https://pubmed.ncbi.nlm.nih.gov/38304734/,2026-09-30
38307809,Biofield therapies: Guidelines for reporting clinical trials.,10.1016/j.ctim.2023.103011,,Journal Article,True,[],REIKI;THERAPEUTIC_TOUCH;HEALING_TOUCH;EXTERNAL_QIGONG,False,ELIGIBILITY_SCREENING_PENDING,https://pubmed.ncbi.nlm.nih.gov/38307809/,2026-09-30
38307816,Biofield therapies: Guidelines for reporting clinical trials.,10.1016/j.explore.2023.08.001,,"Journal Article;Research Support, Non-U.S. Gov't",True,[],REIKI;THERAPEUTIC_TOUCH;HEALING_TOUCH;EXTERNAL_QIGONG,False,ELIGIBILITY_SCREENING_PENDING,https://pubmed.ncbi.nlm.nih.gov/38307816/,2026-09-30
38382911,A narrative review of research linking non-sexual social touch to sleep quality.,10.1111/jsr.14174,,"Journal Article;Review;Research Support, Non-U.S. Gov't",True,[],THERAPEUTIC_TOUCH,False,ELIGIBILITY_SCREENING_PENDING,https://pubmed.ncbi.nlm.nih.gov/38382911/,2026-09-30
38466050,Heartfulness Cleaning and Meditation: Short-Term Effects on Attention and Affect.,,,Journal Article;Randomized Controlled Trial,True,[],HEARTFULNESS,False,ELIGIBILITY_SCREENING_PENDING,https://pubmed.ncbi.nlm.nih.gov/38466050/,2026-09-30
38490826,Effect of reiki application on menopausal symptoms.,10.1016/j.explore.2024.03.001,,Journal Article;Randomized Controlled Trial,True,[],REIKI,False,ELIGIBILITY_SCREENING_PENDING,https://pubmed.ncbi.nlm.nih.gov/38490826/,2026-09-30
38498783,Paired-Related Homeobox 1-Positive Cells Are Needed for Osseointegration.,10.11607/jomi.10852,,Journal Article,True,[],SOUND_HEALING,False,ELIGIBILITY_SCREENING_PENDING,https://pubmed.ncbi.nlm.nih.gov/38498783/,2026-09-30
38546686,"The Effect of Reiki on Pain, Functional Status, and Holistic Well-Being in Patients With Knee Osteoarthritis: A Randomized Controlled Trial.",10.1097/NOR.0000000000001017,,Randomized Controlled Trial;Journal Article,True,[],REIKI,False,ELIGIBILITY_SCREENING_PENDING,https://pubmed.ncbi.nlm.nih.gov/38546686/,2026-09-30
38547155,Enhanced amygdala-anterior cingulate white matter structural connectivity in Sahaja Yoga Meditators.,10.1371/journal.pone.0301283,PMC10977753,"Journal Article;Research Support, Non-U.S. Gov't",True,"[{""type"": ""ErratumIn"", ""pmid"": ""40168409""}]",SAHAJA_YOGA,False,ELIGIBILITY_SCREENING_PENDING,https://pubmed.ncbi.nlm.nih.gov/38547155/,2026-09-30
38562055,Corrigendum to Healing Touch: A Strategy for Acute Care Nurses' Stress Reduction.,10.1177/08980101241245019,,Published Erratum,False,"[{""type"": ""ErratumFor"", ""pmid"": ""36714962""}]",HEALING_TOUCH,False,ELIGIBILITY_SCREENING_PENDING,https://pubmed.ncbi.nlm.nih.gov/38562055/,2026-09-30
38563780,The use of biofield energy therapy as complementary and alternative medicine in human health care system: a narrative review and potential mechanisms.,10.1515/jcim-2024-0027,,Journal Article;Review,True,[],REIKI;DISTANCE_HEALING,False,ELIGIBILITY_SCREENING_PENDING,https://pubmed.ncbi.nlm.nih.gov/38563780/,2026-09-30
38577121,Validation of the Awareness Atlas-a new measure of the manifestation of consciousness.,10.3389/fpsyg.2024.1283980,PMC10994143,Journal Article,True,[],HEARTFULNESS,False,ELIGIBILITY_SCREENING_PENDING,https://pubmed.ncbi.nlm.nih.gov/38577121/,2026-09-30
38652801,"Is Reiki effective in reducing heart rhythm, cortisol levels, and anxiety and improving biochemical parameters in individuals with cardiac disease? Randomized placebo-controlled trial.",10.1093/eurjcn/zvae051,,Journal Article;Randomized Controlled Trial,True,[],REIKI,True,SEE_EARLIER_REGISTER,https://pubmed.ncbi.nlm.nih.gov/38652801/,2026-09-30
38662012,Past Is Prologue: Ethical Issues in Pediatric Psychedelics Research and Treatment.,10.1353/pbm.2023.0007,,Journal Article,True,[],THERAPEUTIC_TOUCH,False,ELIGIBILITY_SCREENING_PENDING,https://pubmed.ncbi.nlm.nih.gov/38662012/,2026-09-30
38713142,Acute and Long-Term Effects of App-Delivered Heartfulness Meditation on Psychological Outcomes and the Endocannabinoid Signaling System in Cyclic Vomiting Syndrome.,10.14309/ctg.0000000000000711,PMC11272346,Journal Article,True,[],HEARTFULNESS,False,ELIGIBILITY_SCREENING_PENDING,https://pubmed.ncbi.nlm.nih.gov/38713142/,2026-09-30
38729141,The Effect of Distance Reiki on State Test Anxiety and Test Performance: A Randomized Controlled Trial of Nursing Students.,10.3928/01484834-20240305-04,,Journal Article;Randomized Controlled Trial,True,[],REIKI,False,ELIGIBILITY_SCREENING_PENDING,https://pubmed.ncbi.nlm.nih.gov/38729141/,2026-09-30
38746536,Complementary and Alternative Medicine to Treat Fibromyalgia Symptoms. A Systematic Review.,10.2147/JPR.S450735,PMC11092974,Journal Article;Review,True,[],REIKI,False,ELIGIBILITY_SCREENING_PENDING,https://pubmed.ncbi.nlm.nih.gov/38746536/,2026-09-30
38837237,Interventions for postburn pruritus.,10.1002/14651858.CD013468.pub2,PMC11152192,Systematic Review;Journal Article;Meta-Analysis,True,"[{""type"": ""UpdateOf"", ""pmid"": null}]",THERAPEUTIC_TOUCH,False,ELIGIBILITY_SCREENING_PENDING,https://pubmed.ncbi.nlm.nih.gov/38837237/,2026-09-30
38848338,Impact of heartfulness meditation practice compared to the gratitude practices on wellbeing and work engagement among healthcare professionals: Randomized trial.,10.1371/journal.pone.0304093,PMC11161083,Journal Article;Randomized Controlled Trial,True,[],HEARTFULNESS,True,SEE_EARLIER_REGISTER,https://pubmed.ncbi.nlm.nih.gov/38848338/,2026-09-30
38872168,Therapeutic effects of Reiki on interventions for anxiety: a meta-analysis.,10.1186/s12904-024-01439-x,PMC11170819,Journal Article;Meta-Analysis,True,[],REIKI,False,ELIGIBILITY_SCREENING_PENDING,https://pubmed.ncbi.nlm.nih.gov/38872168/,2026-09-30
38905700,A systematic review of manual therapy modalities and anxiety.,10.1515/jom-2024-0001,,Systematic Review;Journal Article,True,[],THERAPEUTIC_TOUCH;HEALING_TOUCH,False,ELIGIBILITY_SCREENING_PENDING,https://pubmed.ncbi.nlm.nih.gov/38905700/,2026-09-30
38939830,Time to sense biofield (Prana) experiences between hands: A preliminary single blinded randomized placebo controlled trial.,10.12688/f1000research.139737.5,PMC11208854,Journal Article;Randomized Controlled Trial,True,[],PRANIC_HEALING,True,SEE_EARLIER_REGISTER,https://pubmed.ncbi.nlm.nih.gov/38939830/,2026-09-30
38948578,Impact of the heartfulness program on stress and sleep among healthcare professionals: Pre experimental study.,10.4103/jfmpc.jfmpc_1434_23,PMC11213363,Journal Article,True,[],HEARTFULNESS,False,ELIGIBILITY_SCREENING_PENDING,https://pubmed.ncbi.nlm.nih.gov/38948578/,2026-09-30
38963809,Exploring the therapeutic potential of Reiki in patients with arrhythmias: a step towards holistic healing.,10.1093/eurjcn/zvae087,,Journal Article,False,[],REIKI,False,ELIGIBILITY_SCREENING_PENDING,https://pubmed.ncbi.nlm.nih.gov/38963809/,2026-09-30
38971115,The effect of reiki on fatigue and sleep quality in individuals with multiple sclerosis: a randomised controlled study.,10.1016/j.explore.2024.103018,,Journal Article;Randomized Controlled Trial,True,[],REIKI,False,ELIGIBILITY_SCREENING_PENDING,https://pubmed.ncbi.nlm.nih.gov/38971115/,2026-09-30
38974327,Effectiveness of meditation on wellness management among corporate employees in India: An interventional study.,10.1002/hsr2.1950,PMC11226405,Journal Article,True,[],HEARTFULNESS,False,ELIGIBILITY_SCREENING_PENDING,https://pubmed.ncbi.nlm.nih.gov/38974327/,2026-09-30
38998887,The Effects of Osteopathic Manipulative Treatment on Brain Activity: A Scoping Review of MRI and EEG Studies.,10.3390/healthcare12131353,PMC11241316,Journal Article;Scoping Review,True,[],THERAPEUTIC_TOUCH,False,ELIGIBILITY_SCREENING_PENDING,https://pubmed.ncbi.nlm.nih.gov/38998887/,2026-09-30
39010072,A study predicting long-term survival capacity in postoperative advanced gastric cancer patients based on MAOA and subcutaneous muscle fat characteristics.,10.1186/s12957-024-03466-7,PMC11251287,Journal Article,True,[],RADIONICS,False,ELIGIBILITY_SCREENING_PENDING,https://pubmed.ncbi.nlm.nih.gov/39010072/,2026-09-30
39033882,Effectiveness of Pranic Healing as complementary therapy on lower urinary tract symptoms and sleep: Single-blind randomized trial.,10.1016/j.ctim.2024.103067,,Journal Article;Randomized Controlled Trial,True,[],PRANIC_HEALING;CHAKRA_AURA,True,SEE_EARLIER_REGISTER,https://pubmed.ncbi.nlm.nih.gov/39033882/,2026-09-30
39035734,An MRI radiomics-based model for the prediction of invasion of the lymphovascular space in patients with cervical cancer.,10.3389/fonc.2024.1394427,PMC11259963,Journal Article,True,[],RADIONICS,False,ELIGIBILITY_SCREENING_PENDING,https://pubmed.ncbi.nlm.nih.gov/39035734/,2026-09-30
39042101,Zen Den: A Novel Approach to Promote Well-Being in the Workplace.,10.1177/08980101241263131,,Journal Article,True,[],REIKI,False,ELIGIBILITY_SCREENING_PENDING,https://pubmed.ncbi.nlm.nih.gov/39042101/,2026-09-30
39042182,The Effects of Reiki on the Stress of Japanese Nurses: Mixed Methods Pilot Study.,10.1177/08980101241265534,,Journal Article,True,[],REIKI,False,ELIGIBILITY_SCREENING_PENDING,https://pubmed.ncbi.nlm.nih.gov/39042182/,2026-09-30
39042722,The Effect of Reiki on Fatigue Symptoms of Cancer Patients: A Systematic Review.,10.1097/HNP.0000000000000664,,Journal Article;Systematic Review,True,[],REIKI,False,ELIGIBILITY_SCREENING_PENDING,https://pubmed.ncbi.nlm.nih.gov/39042722/,2026-09-30
39043113,Effectiveness of mind-body interventions in labour pain management during normal delivery: A systematic review and meta-analysis.,10.1016/j.ijnurstu.2024.104858,,Systematic Review;Journal Article;Meta-Analysis,True,[],THERAPEUTIC_TOUCH,False,ELIGIBILITY_SCREENING_PENDING,https://pubmed.ncbi.nlm.nih.gov/39043113/,2026-09-30
39044890,Effect of Heartfulness Meditation on Oxidative Stress and Mindfulness in Healthy Participants.,10.7759/cureus.62943,PMC11265543,Journal Article,True,[],HEARTFULNESS,False,ELIGIBILITY_SCREENING_PENDING,https://pubmed.ncbi.nlm.nih.gov/39044890/,2026-09-30
39046336,"Sound Baths, Trauma Talk, and the Wellness Paradox in the USA.",10.1080/01459740.2024.2377289,,"Journal Article;Research Support, Non-U.S. Gov't",True,[],SOUND_HEALING,False,ELIGIBILITY_SCREENING_PENDING,https://pubmed.ncbi.nlm.nih.gov/39046336/,2026-09-30
39047180,Self-Care Program as a Tool for Alleviating Anxiety and Loneliness and Promoting Satisfaction With Life in High School Students and Staff: Randomized Survey Study.,10.2196/56355,PMC11474114,"Journal Article;Randomized Controlled Trial;Research Support, Non-U.S. Gov't",True,[],HEARTFULNESS,False,ELIGIBILITY_SCREENING_PENDING,https://pubmed.ncbi.nlm.nih.gov/39047180/,2026-09-30
39069224,Intrinsic neural timescales exhibit different lengths in distinct meditation techniques.,10.1016/j.neuroimage.2024.120745,,"Journal Article;Research Support, Non-U.S. Gov't",True,[],MANTRA_PRACTICES,False,ELIGIBILITY_SCREENING_PENDING,https://pubmed.ncbi.nlm.nih.gov/39069224/,2026-09-30
39083412,Trait Mindfulness Moderates Treatment Outcomes in a Randomized Controlled Trial of Mantram Repetition Program for Veterans with Post-Traumatic Stress Disorder.,10.1089/jicm.2024.0181,,Journal Article;Randomized Controlled Trial,True,[],MANTRA_PRACTICES,False,ELIGIBILITY_SCREENING_PENDING,https://pubmed.ncbi.nlm.nih.gov/39083412/,2026-09-30
39097970,The impact of Reiki practice on episiotomy recovery and perineal pain: A randomized controlled study.,10.29063/ajrh2024/v28i7.4,,Journal Article;Randomized Controlled Trial,True,[],REIKI;THERAPEUTIC_TOUCH,False,ELIGIBILITY_SCREENING_PENDING,https://pubmed.ncbi.nlm.nih.gov/39097970/,2026-09-30
39115285,Gingerol containing polymeric nanofibers: a healing touch for accelerated wound recovery.,10.1080/03639045.2024.2390033,,Journal Article,True,[],HEALING_TOUCH,False,ELIGIBILITY_SCREENING_PENDING,https://pubmed.ncbi.nlm.nih.gov/39115285/,2026-09-30
39120250,"Complementary and Alternative Medicine (CAM) Practices: A Narrative Review Elucidating the Impact on Healthcare Systems, Mechanisms and Paediatric Applications.",10.3390/healthcare12151547,PMC11311728,Journal Article;Review,True,[],REIKI,False,ELIGIBILITY_SCREENING_PENDING,https://pubmed.ncbi.nlm.nih.gov/39120250/,2026-09-30
39121752,The effects of Reiki application on sleep and quality of life in patients with epilepsy.,10.1016/j.yebeh.2024.109938,,Journal Article;Randomized Controlled Trial,True,[],REIKI,False,ELIGIBILITY_SCREENING_PENDING,https://pubmed.ncbi.nlm.nih.gov/39121752/,2026-09-30
39143930,The effect of therapeutic touch on colic symptoms in infantile colic infants: A randomised controlled study.,10.1111/jpc.16646,,Journal Article;Randomized Controlled Trial,True,[],THERAPEUTIC_TOUCH,False,ELIGIBILITY_SCREENING_PENDING,https://pubmed.ncbi.nlm.nih.gov/39143930/,2026-09-30
39144513,Management of Root Fractures in Young Immature Permanent Teeth: Three Case Reports.,10.5005/jp-journals-10005-2810,PMC11320783,Case Reports;Journal Article,True,[],SOUND_HEALING,False,ELIGIBILITY_SCREENING_PENDING,https://pubmed.ncbi.nlm.nih.gov/39144513/,2026-09-30
39156622,"Global Effect on Cortical Activity in Young Indian Males in Response to ""OM"" Chanting: A High-Density Quantitative Electro-Encephalography Study.",10.1177/09727531231183219,PMC11325691,Journal Article,True,[],MANTRA_PRACTICES,False,ELIGIBILITY_SCREENING_PENDING,https://pubmed.ncbi.nlm.nih.gov/39156622/,2026-09-30
39171772,Brushing away barriers: The healing touch of art as an intervention in children with autism.,10.1177/13623613241274845,,Editorial,False,[],HEALING_TOUCH,False,ELIGIBILITY_SCREENING_PENDING,https://pubmed.ncbi.nlm.nih.gov/39171772/,2026-09-30
39224415,The Bilobed Flap - Critical Analysis and New Mathematically Precise Design.,,PMC11367157,Journal Article,True,[],BIOGEOMETRY,True,SEE_EARLIER_REGISTER,https://pubmed.ncbi.nlm.nih.gov/39224415/,2026-09-30
39225031,'It's not a me thing': the role of transcendence and critical politics in Black LGBTQ wellness in Montreal.,10.1080/13691058.2024.2390893,,Journal Article,True,[],REIKI,False,ELIGIBILITY_SCREENING_PENDING,https://pubmed.ncbi.nlm.nih.gov/39225031/,2026-09-30
39242604,Pretrainable geometric graph neural network for antibody affinity maturation.,10.1038/s41467-024-51563-8,PMC11379722,"Journal Article;Research Support, Non-U.S. Gov't",True,"[{""type"": ""ErratumIn"", ""pmid"": ""39375360""}]",,True,SEE_EARLIER_REGISTER,https://pubmed.ncbi.nlm.nih.gov/39242604/,2026-09-30
39255457,"The Effect of Reiki on the Self-Efficacy, Death Anxiety, and Sleep Quality of Patients Diagnosed With Chronic Obstructive Pulmonary Disease: A Randomized-Controlled Study.",10.1097/HNP.0000000000000694,,Journal Article;Randomized Controlled Trial,True,[],REIKI,False,ELIGIBILITY_SCREENING_PENDING,https://pubmed.ncbi.nlm.nih.gov/39255457/,2026-09-30
39270308,Assessment of cognitive-motor functions in adults with perceived neuropsychological problems using NIH toolbox after remote biofield energy treatment as non-pharmacological intervention: A randomized double-blind placebo controlled trial.,10.1002/npr2.12482,PMC11609756,Journal Article;Randomized Controlled Trial;Retracted Publication,True,"[{""type"": ""RetractionIn"", ""pmid"": ""41703379""}]",REIKI;THERAPEUTIC_TOUCH,False,ELIGIBILITY_SCREENING_PENDING,https://pubmed.ncbi.nlm.nih.gov/39270308/,2026-09-30
39291236,"Corrigendum to ""Pranic Healing as a Complementary Therapy in Diabetic Foot Ulcer Management: A Randomised, Controlled, Double-Blind Trial"".",10.1177/27536130241228055,PMC11406629,Published Erratum,True,"[{""type"": ""ErratumFor"", ""pmid"": ""37881236""}]",PRANIC_HEALING,True,SEE_EARLIER_REGISTER,https://pubmed.ncbi.nlm.nih.gov/39291236/,2026-09-30
39304481,The Power of Reiki: Its Effects on Pain and Biochemical Parameters in Patients Undergoing Bone Marrow Transplantation: A Randomized Prospective Controlled Study.,10.1016/j.pmn.2024.08.008,,Journal Article;Randomized Controlled Trial,True,[],REIKI,False,ELIGIBILITY_SCREENING_PENDING,https://pubmed.ncbi.nlm.nih.gov/39304481/,2026-09-30
39319886,Sociodemographic and training profile of nursing professionals in the state of São Paulo in relation to Integrative and Complementary Health Practices.,10.1590/1518-8345.7144.4203,PMC11421516,"Journal Article;Research Support, Non-U.S. Gov't",True,[],REIKI,False,ELIGIBILITY_SCREENING_PENDING,https://pubmed.ncbi.nlm.nih.gov/39319886/,2026-09-30
39327376,"Retraction Note: External Qi of Yan Xin Qigong induces cell death and gene expression alterations promoting apoptosis and inhibiting proliferation, migration and glucose metabolism in small-cell lung cancer cells.",10.1007/s11010-024-05107-9,PMC11842195,Journal Article;Retraction Notice,False,"[{""type"": ""RetractionOf"", ""pmid"": ""22160803""}]",EXTERNAL_QIGONG,False,ELIGIBILITY_SCREENING_PENDING,https://pubmed.ncbi.nlm.nih.gov/39327376/,2026-09-30
39331608,"Effects of an 8-week intervention of anulom vilom pranayama combined with heartfulness meditation on psychological stress, autonomic function, inflammatory biomarkers, and oxidative stress in healthcare workers during COVID-19 pandemic: a randomized controlled trial.",10.1515/jbcpp-2024-0001,,Journal Article;Randomized Controlled Trial,True,[],HEARTFULNESS,True,SEE_EARLIER_REGISTER,https://pubmed.ncbi.nlm.nih.gov/39331608/,2026-09-30
39375360,Author Correction: Pretrainable geometric graph neural network for antibody affinity maturation.,10.1038/s41467-024-52887-1,PMC11458867,Published Erratum,False,"[{""type"": ""ErratumFor"", ""pmid"": ""39242604""}]",,True,SEE_EARLIER_REGISTER,https://pubmed.ncbi.nlm.nih.gov/39375360/,2026-09-30
39400912,Efficacy of facilitated tucking position and Reiki given to preterm infants during orogastric tube insertion: A randomised controlled trial.,10.1111/jpc.16686,,Journal Article;Randomized Controlled Trial,True,[],REIKI,False,ELIGIBILITY_SCREENING_PENDING,https://pubmed.ncbi.nlm.nih.gov/39400912/,2026-09-30
39405793,"The effect of reiki and acupressure on pain, anxiety and vital signs during femoral sheath removal in patients undergoing percutaneous coronary intervention: A randomized controlled study.",10.1016/j.explore.2024.103070,,Journal Article;Randomized Controlled Trial,True,[],REIKI;CHAKRA_AURA,True,SEE_EARLIER_REGISTER,https://pubmed.ncbi.nlm.nih.gov/39405793/,2026-09-30
39415754,Effects of Mantram Repetition on Spiritual Well-Being: A Systematic Review and Meta-Analysis.,10.1089/jicm.2024.0348,,Journal Article;Systematic Review;Meta-Analysis,True,[],MANTRA_PRACTICES,False,ELIGIBILITY_SCREENING_PENDING,https://pubmed.ncbi.nlm.nih.gov/39415754/,2026-09-30
39427264,An Internet Mantram Repetition Program to Promote Well-being in Breast Cancer Survivors: A Feasibility Randomized Controlled Trial.,10.1177/15347354241290504,PMC11494668,"Journal Article;Randomized Controlled Trial;Research Support, Non-U.S. Gov't",True,[],MANTRA_PRACTICES,False,ELIGIBILITY_SCREENING_PENDING,https://pubmed.ncbi.nlm.nih.gov/39427264/,2026-09-30
39442826,Mulberry's healing Touch: Exploring ethnobotanical roots and medicinal potentials in the treatment of atopic dermatitis.,10.1016/j.jep.2024.118981,,Journal Article;Randomized Controlled Trial,True,[],HEALING_TOUCH,False,ELIGIBILITY_SCREENING_PENDING,https://pubmed.ncbi.nlm.nih.gov/39442826/,2026-09-30
39480321,Evaluating the mobile Mantram Repetition Program for veterans with PTSD: A multimethod randomized feasibility trial of self-directed versus text support delivery.,10.1037/tra0001811,PMC12041292,Journal Article;Randomized Controlled Trial,True,[],MANTRA_PRACTICES,False,ELIGIBILITY_SCREENING_PENDING,https://pubmed.ncbi.nlm.nih.gov/39480321/,2026-09-30
39489657,"Multiparameter and Ultrasound Radiomics Nomogram to Predict the Aggressiveness of Papillary Thyroid Carcinomas: A Multicenter, Retrospective Study.",10.1016/j.acra.2024.10.015,,"Journal Article;Multicenter Study;Research Support, Non-U.S. Gov't",True,[],RADIONICS,False,ELIGIBILITY_SCREENING_PENDING,https://pubmed.ncbi.nlm.nih.gov/39489657/,2026-09-30
39499888,Teaching Evidence-Based Medicine and Non-conventional (Alternative) Therapies in Portuguese Veterinary Schools-A Curricular Assessment.,10.3138/jvme-2023-0055,,Journal Article,True,[],REIKI,False,ELIGIBILITY_SCREENING_PENDING,https://pubmed.ncbi.nlm.nih.gov/39499888/,2026-09-30
39513174,The effect of non-pharmacological methods on pain in patients undergoing open heart surgery: A systematic review and meta-analysis.,10.5606/tgkdc.dergisi.2024.25603,PMC11538938,Journal Article,True,[],THERAPEUTIC_TOUCH,False,ELIGIBILITY_SCREENING_PENDING,https://pubmed.ncbi.nlm.nih.gov/39513174/,2026-09-30
39528858,Machine learning-based models for prediction of survival in medulloblastoma: a systematic review and meta-analysis.,10.1007/s10072-024-07879-w,,Journal Article;Systematic Review;Meta-Analysis,True,[],RADIONICS,False,ELIGIBILITY_SCREENING_PENDING,https://pubmed.ncbi.nlm.nih.gov/39528858/,2026-09-30
39557196,Evidence-based cesarean delivery: postoperative care (part 10).,10.1016/j.ajogmf.2024.101549,,Journal Article;Review,True,[],REIKI,False,ELIGIBILITY_SCREENING_PENDING,https://pubmed.ncbi.nlm.nih.gov/39557196/,2026-09-30
39565707,Study on the Impact of Expectations and Beliefs in Distance Initiation Experiences in Reiki.,,,Journal Article,True,[],REIKI,False,ELIGIBILITY_SCREENING_PENDING,https://pubmed.ncbi.nlm.nih.gov/39565707/,2026-09-30
39602095,Effects of White Noise and Therapeutic Touch on Pain and Comfort in Newborns during Heel Lance: A Randomized Controlled Study.,10.1097/ANC.0000000000001200,,Journal Article;Randomized Controlled Trial,True,[],THERAPEUTIC_TOUCH,False,ELIGIBILITY_SCREENING_PENDING,https://pubmed.ncbi.nlm.nih.gov/39602095/,2026-09-30
39613272,Evaluation of a Reiki Volunteer Program within Two Cancer Infusion Centers.,10.1016/j.jpainsymman.2024.11.017,,"Clinical Trial;Journal Article;Multicenter Study;Research Support, N.I.H., Extramural;Research Support, Non-U.S. Gov't",True,[],REIKI,False,ELIGIBILITY_SCREENING_PENDING,https://pubmed.ncbi.nlm.nih.gov/39613272/,2026-09-30
39639605,Transformative Nature of Therapeutic Touch® as Compassion Meditation: Sculpting From Within.,10.1177/08980101241301124,,Journal Article,True,[],THERAPEUTIC_TOUCH;CHAKRA_AURA,False,ELIGIBILITY_SCREENING_PENDING,https://pubmed.ncbi.nlm.nih.gov/39639605/,2026-09-30
39667977,The effect of pranic healing based on Rogers' therapeutic touch on cardiorespiratory indices and pain during venipuncture in pediatrics: A randomized clinical trial.,10.1016/j.pedn.2024.12.001,,Journal Article;Randomized Controlled Trial,True,[],PRANIC_HEALING;THERAPEUTIC_TOUCH,True,SEE_EARLIER_REGISTER,https://pubmed.ncbi.nlm.nih.gov/39667977/,2026-09-30
39671363,Use of integrative and complementary practices in Brazil during the COVID-19 pandemic.,10.1371/journal.pone.0311832,PMC11642934,Journal Article,True,[],REIKI,False,ELIGIBILITY_SCREENING_PENDING,https://pubmed.ncbi.nlm.nih.gov/39671363/,2026-09-30
39678747,Utility of Keystone Flap in Armory of Dermatosurgeons.,10.4103/ijd.ijd_953_23,PMC11642468,Journal Article,True,[],BIOGEOMETRY,False,ELIGIBILITY_SCREENING_PENDING,https://pubmed.ncbi.nlm.nih.gov/39678747/,2026-09-30
39680432,"Effect of a Web-Based Heartfulness Program on the Mental Well-Being, Biomarkers, and Gene Expression Profile of Health Care Students: Randomized Controlled Trial.",10.2196/65506,PMC11686021,Journal Article,True,[],HEARTFULNESS,True,SEE_EARLIER_REGISTER,https://pubmed.ncbi.nlm.nih.gov/39680432/,2026-09-30
39680900,Emotional Touch Nursing Competencies Model of the Fourth Industrial Revolution: Instrument Validation Study.,10.2196/67928,PMC11686023,Journal Article,True,[],THERAPEUTIC_TOUCH,False,ELIGIBILITY_SCREENING_PENDING,https://pubmed.ncbi.nlm.nih.gov/39680900/,2026-09-30
39702917,Nurse stress relief: A pilot study on the impact of healing touch and chakra techniques on well-being.,10.1097/NSG.0000000000000117,PMC11658011,Journal Article,True,[],HEALING_TOUCH;CHAKRA_AURA,False,ELIGIBILITY_SCREENING_PENDING,https://pubmed.ncbi.nlm.nih.gov/39702917/,2026-09-30
39715572,Reiki and Humanistic Theory: Common Ground for Holistic Counseling.,,,Journal Article;Review,True,[],REIKI,False,ELIGIBILITY_SCREENING_PENDING,https://pubmed.ncbi.nlm.nih.gov/39715572/,2026-09-30
39742029,"Designing, Validation, and Feasibility of Integrated Approach of Heartfulness Meditation and Yoga Protocol (IAHFNM & YP) for Hypertensive Participants.",10.1155/2024/9289232,PMC11239227,Journal Article;Validation Study,True,[],HEARTFULNESS,False,ELIGIBILITY_SCREENING_PENDING,https://pubmed.ncbi.nlm.nih.gov/39742029/,2026-09-30
39789222,Adjunctive Mantram Repetition Program to Promote Lifestyle Modifications for Managing Impaired Glucose Tolerance: A Case Report from the USA.,10.1007/s10943-024-02245-8,,Journal Article;Case Reports,True,[],MANTRA_PRACTICES,False,ELIGIBILITY_SCREENING_PENDING,https://pubmed.ncbi.nlm.nih.gov/39789222/,2026-09-30
39827748,The effect of Reiki on anxiety level in mothers of hospitalized children: A randomized-controlled study.,10.1016/j.explore.2025.103128,,Journal Article;Randomized Controlled Trial,True,[],REIKI,False,ELIGIBILITY_SCREENING_PENDING,https://pubmed.ncbi.nlm.nih.gov/39827748/,2026-09-30
39828478,"The Effect of Reiki Applied to Cancer Patients on Pain, Anxiety, and Stress Levels: A Randomized Controlled Study.",10.1016/j.soncn.2024.151807,,"Journal Article;Randomized Controlled Trial;Research Support, Non-U.S. Gov't",True,[],REIKI,True,SEE_EARLIER_REGISTER,https://pubmed.ncbi.nlm.nih.gov/39828478/,2026-09-30
39854162,Biofield Therapies Clinical Research Landscape: A Scoping Review and Interactive Evidence Map.,10.1089/jicm.2024.0773,,Scoping Review;Journal Article,True,[],REIKI;THERAPEUTIC_TOUCH;HEALING_TOUCH;DISTANCE_HEALING;EXTERNAL_QIGONG,False,ELIGIBILITY_SCREENING_PENDING,https://pubmed.ncbi.nlm.nih.gov/39854162/,2026-09-30
39864754,Assessing the feasibility of a spiritual healing intervention for adults with moderate depression: A pilot randomized controlled trial.,10.1016/j.ctim.2025.103133,,Journal Article;Randomized Controlled Trial,True,[],,True,SEE_EARLIER_REGISTER,https://pubmed.ncbi.nlm.nih.gov/39864754/,2026-09-30
39877285,A Study on Quantification of the Effects of Heartfulness Meditation Intervention in Healthcare Professionals by Anchor-Based Method in Occupational Health Psychology.,10.4103/ijoem.ijoem_173_23,PMC11771291,Journal Article,True,[],HEARTFULNESS,False,ELIGIBILITY_SCREENING_PENDING,https://pubmed.ncbi.nlm.nih.gov/39877285/,2026-09-30
39899546,Investigation of Non-Pharmacological Distant Energy Therapy in Adults with Self-Perceived Mental and Psychological Health Problems: Proof-of-Concept Randomized Controlled Trial.,,,Journal Article;Randomized Controlled Trial,True,[],REIKI;HEALING_TOUCH,False,ELIGIBILITY_SCREENING_PENDING,https://pubmed.ncbi.nlm.nih.gov/39899546/,2026-09-30
39905265,Sound healing and beyond.,10.1038/s41587-025-02566-3,,Editorial,False,[],SOUND_HEALING,False,ELIGIBILITY_SCREENING_PENDING,https://pubmed.ncbi.nlm.nih.gov/39905265/,2026-09-30
39908098,Rapid restoration of potent neutralization activity against the latest Omicron variant JN.1 via AI rational design and antibody engineering.,10.1073/pnas.2406659122,PMC11831182,Journal Article,True,[],,True,SEE_EARLIER_REGISTER,https://pubmed.ncbi.nlm.nih.gov/39908098/,2026-09-30
39908578,"Investigation of the Effect of Reiki on Pain, Fatigue, and Itching in Hemodialysis Patients: Randomized Controlled Trial.",10.1111/hdi.13203,,Journal Article;Randomized Controlled Trial;Multicenter Study,True,[],REIKI,False,ELIGIBILITY_SCREENING_PENDING,https://pubmed.ncbi.nlm.nih.gov/39908578/,2026-09-30
39909533,"HER-SAFE study design: an open-label, randomised controlled trial to investigate the safety of withdrawal of pharmacological treatment for recovered HER2-targeted therapy-related cardiac dysfunction.",10.1136/bmjopen-2024-091917,PMC11800297,Journal Article;Clinical Trial Protocol,True,[],,True,SEE_EARLIER_REGISTER,https://pubmed.ncbi.nlm.nih.gov/39909533/,2026-09-30
39917985,Image Analysis as tool for Predicting Colorectal Cancer Molecular Alterations: A Scoping Review.,10.4274/mirt.galenos.2024.86402,PMC11827529,Journal Article,True,[],RADIONICS,False,ELIGIBILITY_SCREENING_PENDING,https://pubmed.ncbi.nlm.nih.gov/39917985/,2026-09-30
39918364,Educating Nurses and Providers on Therapeutic Touch® in Patients With Cancer to Increase Use in an Ambulatory Palliative Care Clinic.,10.1188/24.CJON.567-574,,Journal Article,True,[],THERAPEUTIC_TOUCH;HEALING_TOUCH,False,ELIGIBILITY_SCREENING_PENDING,https://pubmed.ncbi.nlm.nih.gov/39918364/,2026-09-30
39939954,Rapid shift of gut microbiome and enrichment of beneficial microbes during arhatic yoga meditation retreat in a single-arm pilot study.,10.1186/s12906-025-04783-4,PMC11823196,Clinical Trial;Journal Article,True,[],,True,SEE_EARLIER_REGISTER,https://pubmed.ncbi.nlm.nih.gov/39939954/,2026-09-30
39959512,Effectiveness of Yoga as a Complementary Therapy for Anorexia Nervosa: A Systematic Review.,10.4103/ijoy.ijoy_191_24,PMC11823557,Journal Article;Review,True,[],CHAKRA_AURA,False,ELIGIBILITY_SCREENING_PENDING,https://pubmed.ncbi.nlm.nih.gov/39959512/,2026-09-30
39960276,Neural Correlates of Impulsivity and Frontal Electroencephalogram Oscillations in Heartfulness Meditators: A Cross-Sectional Study.,,,Journal Article,True,[],HEARTFULNESS,False,ELIGIBILITY_SCREENING_PENDING,https://pubmed.ncbi.nlm.nih.gov/39960276/,2026-09-30
39978672,Investigating the effects of focused attention (mantra) meditation on mismatch negativity: Insights into sensory and cognitive processing using an intensity oddball paradigm.,10.1016/j.neuroscience.2025.02.017,,"Journal Article;Research Support, Non-U.S. Gov't",True,[],MANTRA_PRACTICES,False,ELIGIBILITY_SCREENING_PENDING,https://pubmed.ncbi.nlm.nih.gov/39978672/,2026-09-30
39990966,Radiomics Integration of Mammography and DCE-MRI for Predicting Molecular Subtypes in Breast Cancer Patients.,10.2147/BCTT.S488200,PMC11846489,Journal Article,True,[],RADIONICS,False,ELIGIBILITY_SCREENING_PENDING,https://pubmed.ncbi.nlm.nih.gov/39990966/,2026-09-30
39991409,Navigating Alternative Medicine Preferences in Palliative Care: Challenges and Collaborative Solutions.,10.7759/cureus.77864,PMC11846052,Case Reports;Journal Article,True,[],REIKI,False,ELIGIBILITY_SCREENING_PENDING,https://pubmed.ncbi.nlm.nih.gov/39991409/,2026-09-30
40034577,Effect of Reiki on Measures of Well-Being in Low-Income Patients with Mental Health Diagnoses.,10.1177/27536130251323581,PMC11873885,Journal Article,True,[],REIKI,False,ELIGIBILITY_SCREENING_PENDING,https://pubmed.ncbi.nlm.nih.gov/40034577/,2026-09-30
40051757,Getting in Touch with Touch: The Importance of Studying Touch in MDMA-Assisted Therapy and the Development of a New Self-Report Measure.,10.1089/psymed.2023.0033,PMC11658647,Journal Article;Review,True,[],THERAPEUTIC_TOUCH,False,ELIGIBILITY_SCREENING_PENDING,https://pubmed.ncbi.nlm.nih.gov/40051757/,2026-09-30
40073717,Plant polyphenols in gastric cancer: Nature's healing touch.,10.1053/j.seminoncol.2025.01.002,,Journal Article;Review,True,[],HEALING_TOUCH,False,ELIGIBILITY_SCREENING_PENDING,https://pubmed.ncbi.nlm.nih.gov/40073717/,2026-09-30
40115365,[Effects of therapeutic touch in preterm infants receiving nasal CPAP: A pilot trialEfeitos do toque terapéutico em prematuros com CPAP nasal: um estudo piloto].,10.15649/cuidarte.2356,PMC11559325,English Abstract;Journal Article,True,[],THERAPEUTIC_TOUCH,False,ELIGIBILITY_SCREENING_PENDING,https://pubmed.ncbi.nlm.nih.gov/40115365/,2026-09-30
40148795,"The effect of virtual reality (VR) glasses and therapeutic touch (TT) on pain, anxiety, and patient satisfaction during intrauterine insemination (IUI) compared to standard care: a single-blind, randomized controlled trial.",10.1186/s12884-025-07435-0,PMC11948925,Journal Article;Randomized Controlled Trial,True,[],THERAPEUTIC_TOUCH,False,ELIGIBILITY_SCREENING_PENDING,https://pubmed.ncbi.nlm.nih.gov/40148795/,2026-09-30
40148929,Effects of Reiki therapy on quality of life: a meta-analysis of randomized controlled trials.,10.1186/s13643-025-02811-5,PMC11951753,Journal Article;Meta-Analysis;Systematic Review,True,[],REIKI,True,SEE_EARLIER_REGISTER,https://pubmed.ncbi.nlm.nih.gov/40148929/,2026-09-30
40151965,Effect of Reiki on Surgical Fear and Anxiety in Cholecystectomy Patients: A Randomized Controlled Trial.,10.1177/08980101251324696,,Journal Article;Randomized Controlled Trial,True,[],REIKI,False,ELIGIBILITY_SCREENING_PENDING,https://pubmed.ncbi.nlm.nih.gov/40151965/,2026-09-30
40152697,Effectiveness of heartfulness meditation in the management of recurrent aphthous ulcers.,10.17219/dmp/168912,,Journal Article,True,[],HEARTFULNESS,False,ELIGIBILITY_SCREENING_PENDING,https://pubmed.ncbi.nlm.nih.gov/40152697/,2026-09-30
40160720,Nursing Supports for Managing Nausea and Vomiting in Patients with Cancer Having a Prognosis of Months or Weeks: A Multisite Cross-Sectional Study of Palliative Care Nurses in Japan.,10.1089/pmr.2024.0093,PMC11954575,Journal Article,True,[],REIKI;THERAPEUTIC_TOUCH,False,ELIGIBILITY_SCREENING_PENDING,https://pubmed.ncbi.nlm.nih.gov/40160720/,2026-09-30
40168409,Correction: Enhanced amygdala-anterior cingulate white matter structural connectivity in Sahaja Yoga Meditators.,10.1371/journal.pone.0321765,PMC11960964,Published Erratum,True,"[{""type"": ""ErratumFor"", ""pmid"": ""38547155""}]",SAHAJA_YOGA,False,ELIGIBILITY_SCREENING_PENDING,https://pubmed.ncbi.nlm.nih.gov/40168409/,2026-09-30
40237049,Mechanisms and Characteristics of Chronic Pain in Alzheimer's Disease: A Narrative Review.,10.2174/0109298673334477250204072429,,Journal Article;Review,True,[],REIKI,False,ELIGIBILITY_SCREENING_PENDING,https://pubmed.ncbi.nlm.nih.gov/40237049/,2026-09-30
40271908,"Effect of Heartfulness Meditation on Stress Biomarkers, Burnout and Well-Being: A Randomized Controlled Study.",10.1002/smi.70034,,Journal Article;Randomized Controlled Trial,True,[],HEARTFULNESS,True,SEE_EARLIER_REGISTER,https://pubmed.ncbi.nlm.nih.gov/40271908/,2026-09-30
40281041,Striatal functional connectivity associated with Sahaja Yoga meditation.,10.1038/s41598-025-98256-w,PMC12032267,Journal Article,True,[],SAHAJA_YOGA,False,ELIGIBILITY_SCREENING_PENDING,https://pubmed.ncbi.nlm.nih.gov/40281041/,2026-09-30
40300254,"Letter to the Editor concerning ""The effects of Reiki application on sleep and quality of life in patients with epilepsy"".",10.1016/j.yebeh.2025.110435,,Letter,False,[],REIKI;THERAPEUTIC_TOUCH,False,ELIGIBILITY_SCREENING_PENDING,https://pubmed.ncbi.nlm.nih.gov/40300254/,2026-09-30
40319664,Spirituality and neurosurgery: A salutogenic current perspective.,10.1016/j.clineuro.2025.108922,,Journal Article;Systematic Review,True,[],MANTRA_PRACTICES,False,ELIGIBILITY_SCREENING_PENDING,https://pubmed.ncbi.nlm.nih.gov/40319664/,2026-09-30
40326007,The Role of Touch in Psychedelic Therapy: Perspectives From a Survey of Practitioners in Research Settings.,10.1176/appi.psychotherapy.20240025,,Journal Article,True,[],THERAPEUTIC_TOUCH,False,ELIGIBILITY_SCREENING_PENDING,https://pubmed.ncbi.nlm.nih.gov/40326007/,2026-09-30
40332998,Reiki for Anxiety.,10.3928/01484834-20250410-01,,Letter,False,[],REIKI,False,ELIGIBILITY_SCREENING_PENDING,https://pubmed.ncbi.nlm.nih.gov/40332998/,2026-09-30
40364466,Efficacy of Facilitated Tucking Position and Reiki Given to Preterm Infants During Orogastric Tube Insertion: A Randomised Controlled Trial.,10.1111/jpc.70085,,Letter,False,[],REIKI,False,ELIGIBILITY_SCREENING_PENDING,https://pubmed.ncbi.nlm.nih.gov/40364466/,2026-09-30
40396344,"Letter to the Editor Concerning ""Efficacy of Facilitated Tucking Position and Reiki Given to Preterm Infants During Orogastric Tube Insertion: A Randomised Controlled Trial"".",10.1111/jpc.70090,,Letter,False,[],REIKI;THERAPEUTIC_TOUCH,False,ELIGIBILITY_SCREENING_PENDING,https://pubmed.ncbi.nlm.nih.gov/40396344/,2026-09-30
40414261,Ensuring catheter-tissue contact with intracardiac echocardiography during pulsed-field ablation improves procedure outcome in patients with atrial fibrillation.,10.1016/j.hrthm.2025.05.045,,Journal Article;Multicenter Study,True,[],,True,SEE_EARLIER_REGISTER,https://pubmed.ncbi.nlm.nih.gov/40414261/,2026-09-30
40425035,Navigating Intentional and Attentional Practices for Healing Across Psychedelic and Biofield Settings: A Comparative Ethnographic Study.,10.1089/jicm.2024.0713,,Journal Article;Comparative Study,True,[],REIKI,False,ELIGIBILITY_SCREENING_PENDING,https://pubmed.ncbi.nlm.nih.gov/40425035/,2026-09-30
40495640,Healing Touch as a Method for Supporting Holistic Nursing Practice: A Cluster Randomized Controlled Trial.,10.1177/08980101251337518,,Journal Article;Randomized Controlled Trial,True,[],HEALING_TOUCH,True,SEE_EARLIER_REGISTER,https://pubmed.ncbi.nlm.nih.gov/40495640/,2026-09-30
40547334,Autonomic and Respiratory Modulations Induced by Different Styles of Mantra Chanting.,10.1177/09727531251345310,PMC12181178,Journal Article,True,[],MANTRA_PRACTICES,False,ELIGIBILITY_SCREENING_PENDING,https://pubmed.ncbi.nlm.nih.gov/40547334/,2026-09-30
40574457,Australia's psychedelic experiment: reflections from a psychiatrist clinical researcher.,10.1177/10398562251347890,,Journal Article,True,[],THERAPEUTIC_TOUCH,False,ELIGIBILITY_SCREENING_PENDING,https://pubmed.ncbi.nlm.nih.gov/40574457/,2026-09-30
40668936,Informed Consent Documents from Psychedelic Clinical Trials: A Descriptive Ethical Analysis.,10.1080/23294515.2025.2526339,,Journal Article,True,[],THERAPEUTIC_TOUCH,False,ELIGIBILITY_SCREENING_PENDING,https://pubmed.ncbi.nlm.nih.gov/40668936/,2026-09-30
40673750,"Women's Use of Traditional, Complementary, and Integrative Medicine During Infertility Treatment.",10.1097/HNP.0000000000000752,,Journal Article,True,[],REIKI,False,ELIGIBILITY_SCREENING_PENDING,https://pubmed.ncbi.nlm.nih.gov/40673750/,2026-09-30
40685233,Psychosocial outcomes of risk-adapted prevention for prostate cancer predisposition: study protocol for a longitudinal observational mixed-methods study.,10.1136/bmjopen-2025-103679,PMC12278125,Journal Article;Clinical Trial Protocol,True,[],,True,SEE_EARLIER_REGISTER,https://pubmed.ncbi.nlm.nih.gov/40685233/,2026-09-30
40689652,The Concept of Energy in Martha Rogers' Humanistic Theory: A Theoretical Reflection.,10.1097/HNP.0000000000000716,,Journal Article,True,[],REIKI;THERAPEUTIC_TOUCH,False,ELIGIBILITY_SCREENING_PENDING,https://pubmed.ncbi.nlm.nih.gov/40689652/,2026-09-30
40708797,An Exploratory Study on 'Vancharya' as a Therapeutic Approach to the Bio-field of Young Adults Using Electronic Photographic Imaging.,10.1177/09727531251340505,PMC12283605,Journal Article,True,[],CHAKRA_AURA,False,ELIGIBILITY_SCREENING_PENDING,https://pubmed.ncbi.nlm.nih.gov/40708797/,2026-09-30
40709785,"Touch in psychotherapy: Experiences, desires and attitudes in a large population survey.",10.1080/10503307.2025.2534971,,Journal Article,True,[],THERAPEUTIC_TOUCH,False,ELIGIBILITY_SCREENING_PENDING,https://pubmed.ncbi.nlm.nih.gov/40709785/,2026-09-30
40773129,"Machine learning and deep learning in glioblastoma: a systematic review and meta-analysis of diagnosis, prognosis, and treatment.",10.1007/s12672-025-03303-7,PMC12331544,Journal Article,True,[],RADIONICS,False,ELIGIBILITY_SCREENING_PENDING,https://pubmed.ncbi.nlm.nih.gov/40773129/,2026-09-30
40775839,Remote Multimodal Study - Case: OM Chant.,10.3233/SHTI250821,,Journal Article,True,[],MANTRA_PRACTICES,False,ELIGIBILITY_SCREENING_PENDING,https://pubmed.ncbi.nlm.nih.gov/40775839/,2026-09-30
40802410,Reiki for decrease postmenopausal symptoms and depression: a randomized clinical trial.,10.1590/1806-9282.20250076,PMC12341404,Journal Article;Randomized Controlled Trial,True,[],REIKI,False,ELIGIBILITY_SCREENING_PENDING,https://pubmed.ncbi.nlm.nih.gov/40802410/,2026-09-30
40837116,Tridosha Influence on Prana Perception and Well-Being: An Exploratory Study of Pranic Healing Techniques Among Ayurveda Students.,10.1177/27536130251366954,PMC12361723,Journal Article,True,[],PRANIC_HEALING,True,SEE_EARLIER_REGISTER,https://pubmed.ncbi.nlm.nih.gov/40837116/,2026-09-30
40845346,The impact of daily self-reiki on perceived stress and well-being in college students.,10.1080/07448481.2025.2550386,,"Journal Article;Randomized Controlled Trial;Research Support, Non-U.S. Gov't",True,[],REIKI,False,ELIGIBILITY_SCREENING_PENDING,https://pubmed.ncbi.nlm.nih.gov/40845346/,2026-09-30
40856748,Addressing post-publication discussion on Reiki study.,10.29063/ajrh2025/v29i8.16,,Editorial,True,[],REIKI,False,ELIGIBILITY_SCREENING_PENDING,https://pubmed.ncbi.nlm.nih.gov/40856748/,2026-09-30
40856793,"Letter to the Editor concerning ""The impact of Reiki practice on episiotomy recovery and perineal pain: A randomized controlled study"".",10.29063/ajrh2025/v29i8.17,,Letter,True,[],REIKI,False,ELIGIBILITY_SCREENING_PENDING,https://pubmed.ncbi.nlm.nih.gov/40856793/,2026-09-30
40856898,Reiki.,10.29063/ajrh2025/v29i8.18,,Journal Article,True,[],REIKI;THERAPEUTIC_TOUCH;HEALING_TOUCH,False,ELIGIBILITY_SCREENING_PENDING,https://pubmed.ncbi.nlm.nih.gov/40856898/,2026-09-30
40900563,"Definitions of the elements of the NANDA-I nursing diagnosis ""Imbalanced Energy Field"": an integrative review.",10.1590/0034-7167-2024-0317,PMC12408085,Journal Article;Review,True,[],REIKI;THERAPEUTIC_TOUCH,False,ELIGIBILITY_SCREENING_PENDING,https://pubmed.ncbi.nlm.nih.gov/40900563/,2026-09-30
40907711,Mentalization and Emotional-Cognitive Rigidity as predictors of esketamine's effects on Treatment-Resistant Depression: Findings from a prospective observational study.,10.1016/j.jad.2025.120231,,Journal Article;Observational Study;Multicenter Study,True,[],,True,SEE_EARLIER_REGISTER,https://pubmed.ncbi.nlm.nih.gov/40907711/,2026-09-30
40908656,Metabolic Effects of Healing Touch During Cervical Cancer Treatment: An Exploratory Analysis.,10.1177/15347354251367793,PMC12411712,"Journal Article;Randomized Controlled Trial;Research Support, N.I.H., Extramural",True,[],HEALING_TOUCH,False,ELIGIBILITY_SCREENING_PENDING,https://pubmed.ncbi.nlm.nih.gov/40908656/,2026-09-30
40930005,Quantum touch for reducing transfer anxiety in pediatric emergency admissions: A randomized controlled trial.,10.1016/j.pedn.2025.08.021,,Journal Article;Randomized Controlled Trial,True,[],QUANTUM_TOUCH,True,SEE_EARLIER_REGISTER,https://pubmed.ncbi.nlm.nih.gov/40930005/,2026-09-30
40937093,Rediscovering Healing Through Touch: A Medical Student's Patient Perspective.,10.1177/23743735251375935,PMC12420958,Journal Article,True,[],THERAPEUTIC_TOUCH,False,ELIGIBILITY_SCREENING_PENDING,https://pubmed.ncbi.nlm.nih.gov/40937093/,2026-09-30
40941433,Defining Skill in Manual and Manipulative Therapy: Perspectives from Physical Therapists.,10.3390/healthcare13172081,PMC12428562,Journal Article,True,[],THERAPEUTIC_TOUCH,False,ELIGIBILITY_SCREENING_PENDING,https://pubmed.ncbi.nlm.nih.gov/40941433/,2026-09-30
40949718,Determining the depth of meditation through frontal alpha asymmetry.,10.3389/fnhum.2025.1576642,PMC12426279,Journal Article,True,"[{""type"": ""ErratumIn"", ""pmid"": ""41018239""}]",HEARTFULNESS,False,ELIGIBILITY_SCREENING_PENDING,https://pubmed.ncbi.nlm.nih.gov/40949718/,2026-09-30
40967425,How important are meditation and spirituality in Reiki practice?,10.1016/j.ctim.2025.103246,,Journal Article,True,[],REIKI,False,ELIGIBILITY_SCREENING_PENDING,https://pubmed.ncbi.nlm.nih.gov/40967425/,2026-09-30
40978603,Effect of Reiki therapy on quality of life among adolescents.,10.6026/973206300211375,PMC12449561,Journal Article,True,[],REIKI,False,ELIGIBILITY_SCREENING_PENDING,https://pubmed.ncbi.nlm.nih.gov/40978603/,2026-09-30
40978605,Impact of integrative energy healing on anxiety among individuals with cancer.,10.6026/973206300211755,PMC12449495,Journal Article,True,[],REIKI,False,ELIGIBILITY_SCREENING_PENDING,https://pubmed.ncbi.nlm.nih.gov/40978605/,2026-09-30
41004389,"The Effects of Reiki on Wellbeing, Postpartum Physical Symptom Severity, and Maternal Attachment in Women With Risky Pregnancies: A Randomized Controlled Trial.",10.1177/08980101251377482,,Journal Article,True,[],REIKI,False,ELIGIBILITY_SCREENING_PENDING,https://pubmed.ncbi.nlm.nih.gov/41004389/,2026-09-30
41015064,Does Reiki Therapy ReducePreoperative Anxiety and Postoperative Pain in Third Molar Surgery? A Randomized Controlled Trial.,10.1016/j.joms.2025.09.003,,Journal Article;Randomized Controlled Trial,True,[],REIKI,False,ELIGIBILITY_SCREENING_PENDING,https://pubmed.ncbi.nlm.nih.gov/41015064/,2026-09-30
41015812,Clinical observation of white eye distribution in patients with hyperlipidemia: an artificial intelligence digital visual examination technique.,10.19852/j.cnki.jtcm.20241231.001,PMC12454266,"Journal Article;Research Support, Non-U.S. Gov't",True,[],CHAKRA_AURA,False,ELIGIBILITY_SCREENING_PENDING,https://pubmed.ncbi.nlm.nih.gov/41015812/,2026-09-30
41018239,Correction: Determining the depth of meditation through frontal alpha asymmetry.,10.3389/fnhum.2025.1695594,PMC12465276,Published Erratum,True,"[{""type"": ""ErratumFor"", ""pmid"": ""40949718""}]",HEARTFULNESS,False,ELIGIBILITY_SCREENING_PENDING,https://pubmed.ncbi.nlm.nih.gov/41018239/,2026-09-30
41020360,Unveiling the Healing Potential of Energy Therapies in Chronic Obstructive Pulmonary Disease: A Systematic Review and Meta-Analysis With Implications for Nursing Practice.,10.1097/HNP.0000000000000755,,Journal Article;Systematic Review;Meta-Analysis,True,[],,True,SEE_EARLIER_REGISTER,https://pubmed.ncbi.nlm.nih.gov/41020360/,2026-09-30
41020673,Peripherally Inserted Central Catheter (PICC) Maintenance Affects Pain and Comfort in Preterm Infants: Effectiveness of a Therapeutic Touch.,10.1097/ANC.0000000000001300,,Journal Article;Randomized Controlled Trial,True,[],THERAPEUTIC_TOUCH,False,ELIGIBILITY_SCREENING_PENDING,https://pubmed.ncbi.nlm.nih.gov/41020673/,2026-09-30
41026955,Transformative Nature of Therapeutic Touch® as Compassion Meditation: Sculpting From Within.,10.1177/08980101251379660,,Journal Article,False,[],THERAPEUTIC_TOUCH,False,ELIGIBILITY_SCREENING_PENDING,https://pubmed.ncbi.nlm.nih.gov/41026955/,2026-09-30
41051913,"Effect of Reiki on Pain, Anxiety, and Hemodynamic Parameters in Mechanically Ventilated Patients: A Randomized, Single-Blind, and Placebo-Controlled Trial.",10.1177/27683605251384808,,Journal Article;Randomized Controlled Trial,True,"[{""type"": ""ErratumIn"", ""pmid"": ""41761986""}]",REIKI,True,SEE_EARLIER_REGISTER,https://pubmed.ncbi.nlm.nih.gov/41051913/,2026-09-30
41111187,Analyzing the role of connection in nurse well-being: A literature review.,10.1097/NSG.0000000000000261,,Journal Article;Review,True,[],THERAPEUTIC_TOUCH,False,ELIGIBILITY_SCREENING_PENDING,https://pubmed.ncbi.nlm.nih.gov/41111187/,2026-09-30
41116809,"Evaluating Brain Activity in Response to Short Meditation Stimuli Using R-Score, Electroencephalography, and Neural Networks.",10.1177/09727531251379925,PMC12535580,Journal Article,True,[],MANTRA_PRACTICES,False,ELIGIBILITY_SCREENING_PENDING,https://pubmed.ncbi.nlm.nih.gov/41116809/,2026-09-30
41135140,"Letter to the editor concerning critique by Thomas J. Wheeler of ""The effects of Reiki application on sleep and quality of life in patients with epilepsy"".",10.1016/j.yebeh.2025.110791,,Letter,False,[],REIKI,False,ELIGIBILITY_SCREENING_PENDING,https://pubmed.ncbi.nlm.nih.gov/41135140/,2026-09-30
41136125,Use of Complementary and Alternative Methods of Pain Management.,10.1016/j.cnur.2025.01.002,,Journal Article;Review,True,[],HEALING_TOUCH,False,ELIGIBILITY_SCREENING_PENDING,https://pubmed.ncbi.nlm.nih.gov/41136125/,2026-09-30
41164641,The Impact of Reiki Therapy on Comfort and Quality of Life among Elderly Inmates: A Quasi-Experimental Study.,10.4103/jpbs.jpbs_1036_25,PMC12563569,Journal Article,True,[],REIKI,False,ELIGIBILITY_SCREENING_PENDING,https://pubmed.ncbi.nlm.nih.gov/41164641/,2026-09-30
41171585,Effectiveness of Non-pharmacological Interventions for Reducing Anxiety in Endoscopy and Colonoscopy Procedures: A Systematic Review and Network Meta-Analysis.,10.1007/s10620-025-09447-4,,Journal Article;Systematic Review;Meta-Analysis,True,"[{""type"": ""ErratumIn"", ""pmid"": ""41701443""}]",REIKI,False,ELIGIBILITY_SCREENING_PENDING,https://pubmed.ncbi.nlm.nih.gov/41171585/,2026-09-30
41180129,Efficacy of an Integrated Heartfulness Meditation and Yoga Protocol in Hypertensive Patients: A Randomized Controlled Study.,10.1177/27536130251388378,PMC12575978,Journal Article,True,[],HEARTFULNESS,False,ELIGIBILITY_SCREENING_PENDING,https://pubmed.ncbi.nlm.nih.gov/41180129/,2026-09-30
41183719,Complementary therapies for chronic knee pain: A placebo-controlled RCT of Reiki and mindfulness.,10.1016/j.ctim.2025.103278,,Journal Article;Randomized Controlled Trial,True,"[{""type"": ""ErratumIn"", ""pmid"": ""42805879""}]",REIKI,False,ELIGIBILITY_SCREENING_PENDING,https://pubmed.ncbi.nlm.nih.gov/41183719/,2026-09-30
41199136,Corrective Experiencing as a Common Factor in Couple Therapy: Creating New and Positive Emotions in Relationships.,10.1111/famp.70087,,Journal Article,True,[],,True,SEE_EARLIER_REGISTER,https://pubmed.ncbi.nlm.nih.gov/41199136/,2026-09-30
41221955,Reiki as a tool to enhance care from the perspective of complexity: a qualitative study.,10.1590/0034-7167-2025-0082,PMC12594479,Journal Article,True,[],REIKI,False,ELIGIBILITY_SCREENING_PENDING,https://pubmed.ncbi.nlm.nih.gov/41221955/,2026-09-30
41222559,M3Site: multiclass multimodal learning for protein active site identification and classification.,10.1093/bib/bbaf590,PMC12609176,Journal Article,True,[],,True,SEE_EARLIER_REGISTER,https://pubmed.ncbi.nlm.nih.gov/41222559/,2026-09-30
41225691,Beyond Decline: Holistic Nursing Approaches to Multidimensional Frailty in Older Adults.,10.1097/HNP.0000000000000772,,Journal Article,True,[],THERAPEUTIC_TOUCH,False,ELIGIBILITY_SCREENING_PENDING,https://pubmed.ncbi.nlm.nih.gov/41225691/,2026-09-30
41229089,"Comment on ""Metabolic Effects of Healing Touch During Cervical Cancer Treatment: An Exploratory Analysis"".",10.1177/15347354251397374,PMC12615910,Letter,False,[],HEALING_TOUCH,False,ELIGIBILITY_SCREENING_PENDING,https://pubmed.ncbi.nlm.nih.gov/41229089/,2026-09-30
41244962,The ethical use of therapeutic touch in psychedelic-assisted therapy: a qualitative study of researcher perspectives and experiences.,10.1177/20451253251377191,PMC12618852,Journal Article,True,[],THERAPEUTIC_TOUCH,False,ELIGIBILITY_SCREENING_PENDING,https://pubmed.ncbi.nlm.nih.gov/41244962/,2026-09-30
41264460,Impact of Reiki Levels 1 and 2 on Pain and Quality of Life Among Hemodialysis Patients: A Comparative Study.,10.1177/08980101251393300,,Journal Article,True,[],REIKI,False,ELIGIBILITY_SCREENING_PENDING,https://pubmed.ncbi.nlm.nih.gov/41264460/,2026-09-30
41281382,Shamanism as a Clinical Intervention: A Scoping Review.,10.14200/jrm.2025.0005,PMC12636857,Journal Article,True,[],CORE_SHAMANISM,True,SEE_EARLIER_REGISTER,https://pubmed.ncbi.nlm.nih.gov/41281382/,2026-09-30
41291294,Multiparametric MRI-based radiomics machine learning nomogram for predicting aggressive histology in endometrial cancer.,10.1007/s00261-025-05305-z,,Journal Article;Multicenter Study,True,[],RADIONICS,False,ELIGIBILITY_SCREENING_PENDING,https://pubmed.ncbi.nlm.nih.gov/41291294/,2026-09-30
41305815,Heartfulness meditation alters neuroendocrine profiles: A randomized controlled trial on hormones of stress and well-being.,10.1097/MD.0000000000045559,PMC12643779,Journal Article;Randomized Controlled Trial,True,[],HEARTFULNESS,True,SEE_EARLIER_REGISTER,https://pubmed.ncbi.nlm.nih.gov/41305815/,2026-09-30
41328386,Galvanic Skin Response as a Measure of Anxiety: A Comparative Evaluation of Gayatri Mantra Chanting and Conventional Music Therapy in 6-10-year-old Children during Inferior Alveolar Nerve Block.,10.5005/jp-journals-10005-3323,PMC12658434,Journal Article,True,[],MANTRA_PRACTICES,False,ELIGIBILITY_SCREENING_PENDING,https://pubmed.ncbi.nlm.nih.gov/41328386/,2026-09-30
41341454,"Mind-body therapies for sleep disturbances, depression, and anxiety in menopausal women: a systematic review and meta-analysis of randomized controlled trials.",10.3389/fpubh.2025.1686981,PMC12669000,Journal Article;Systematic Review;Meta-Analysis,True,[],REIKI,False,ELIGIBILITY_SCREENING_PENDING,https://pubmed.ncbi.nlm.nih.gov/41341454/,2026-09-30
41370530,"Effects of Reiki on stress, anxiety, and depression: an observational study of undergraduate nursing students.",10.1590/0034-7167-2024-0468,,Journal Article;Observational Study,True,[],REIKI,False,ELIGIBILITY_SCREENING_PENDING,https://pubmed.ncbi.nlm.nih.gov/41370530/,2026-09-30
41377076,Investigating perceived stress and pain reduction following brief Reiki sessions in high-stress communities: an exploratory study.,10.3389/fpsyg.2025.1625414,PMC12687747,Journal Article,True,[],REIKI,False,ELIGIBILITY_SCREENING_PENDING,https://pubmed.ncbi.nlm.nih.gov/41377076/,2026-09-30
41428258,Neurophysiological Effects of Gayatri Mantra Meditation on Emotional Processing: An EEG-ERP Study.,10.1007/s10484-025-09753-7,,Journal Article,True,[],MANTRA_PRACTICES,False,ELIGIBILITY_SCREENING_PENDING,https://pubmed.ncbi.nlm.nih.gov/41428258/,2026-09-30
41430763,"Reiki in Contemporary Healthcare: Historical Development, Theoretical Foundations, Biofield Mechanisms, and Therapeutic Applications.",10.1097/HNP.0000000000000774,,Journal Article,True,[],REIKI,False,ELIGIBILITY_SCREENING_PENDING,https://pubmed.ncbi.nlm.nih.gov/41430763/,2026-09-30
41433417,"The Application of Reiki Therapy on Stress, Anxiety, and Well-Being in Health care Workers During the COVID-19 Pandemic: An Integrative Review.",10.1097/HNP.0000000000000751,,Journal Article,True,[],REIKI,False,ELIGIBILITY_SCREENING_PENDING,https://pubmed.ncbi.nlm.nih.gov/41433417/,2026-09-30
41506515,Dog Therapy for Dental Care Among Autistic Children: A Randomized Trial.,10.1542/peds.2025-073469,,Journal Article;Randomized Controlled Trial,True,[],THERAPEUTIC_TOUCH,False,ELIGIBILITY_SCREENING_PENDING,https://pubmed.ncbi.nlm.nih.gov/41506515/,2026-09-30
41555896,The Urgency of Stress Reduction Amongst Medical Students: Is Therapeutic Touch the Answer? A Literature Review on Therapeutic Touch in Students and Healthcare Personnel.,10.1007/s40670-025-02463-z,PMC12812148,Journal Article;Review,True,[],REIKI;THERAPEUTIC_TOUCH,False,ELIGIBILITY_SCREENING_PENDING,https://pubmed.ncbi.nlm.nih.gov/41555896/,2026-09-30
41574102,Neural Dynamics of Heartfulness Meditation: EEG Alpha Modulation Across Experience Levels.,10.1177/09727531251400095,PMC12819129,Journal Article,True,[],HEARTFULNESS,False,ELIGIBILITY_SCREENING_PENDING,https://pubmed.ncbi.nlm.nih.gov/41574102/,2026-09-30
41574421,Therapeutic Touch in the Human Validation Process Model: A Reflexive Thematic Analysis.,10.1111/jmft.70111,PMC12828641,Journal Article,True,[],THERAPEUTIC_TOUCH,False,ELIGIBILITY_SCREENING_PENDING,https://pubmed.ncbi.nlm.nih.gov/41574421/,2026-09-30
41588579,Cognitive Profiles in Adolescents and Young Adults With Co-Occurring Autism and First-Episode Psychosis: A Preliminary Neuropsychological Investigation.,10.1002/pchj.70073,PMC12834706,Journal Article,True,[],,True,SEE_EARLIER_REGISTER,https://pubmed.ncbi.nlm.nih.gov/41588579/,2026-09-30
41616681,"Evaluating the sound magnetic balance intervention in a randomized controlled trial: Effects on psychological distress, somatic pain, and physiological arousal.",10.1016/j.explore.2026.103323,,Journal Article;Randomized Controlled Trial,True,"[{""type"": ""ErratumIn"", ""pmid"": ""42085814""}]",SOUND_HEALING,True,SEE_EARLIER_REGISTER,https://pubmed.ncbi.nlm.nih.gov/41616681/,2026-09-30
41635184,Letter to the Editor Concerning Critique by Thomas J. Wheeler of 'Efficacy of Facilitated Tucking Position and Reiki Given to Preterm Infants During Orogastric Tube Insertion: A Randomised Controlled Trial'.,10.1111/jpc.70308,,Letter,False,[],REIKI,False,ELIGIBILITY_SCREENING_PENDING,https://pubmed.ncbi.nlm.nih.gov/41635184/,2026-09-30
41641846,"A comparative pharmacokinetic evaluation of two aqueous progesterone 25 mg injections in healthy postmenopausal women under fasting conditions: An open-label, balanced, randomized, two-treatment, two-period, two-sequence, single-dose, crossover bioequivalence study.",10.1002/cpdd.70025,PMC12875009,"Journal Article;Randomized Controlled Trial;Comparative Study;Research Support, Non-U.S. Gov't",True,[],,True,SEE_EARLIER_REGISTER,https://pubmed.ncbi.nlm.nih.gov/41641846/,2026-09-30
41662322,Comments on Critique by Thomas J. Wheeler Regarding Effects of Reiki on Patients with Epilepsy.,10.3928/01484834-20260113-01,,Letter,False,"[{""type"": ""ErratumIn"", ""pmid"": ""41789910""}]",REIKI,False,ELIGIBILITY_SCREENING_PENDING,https://pubmed.ncbi.nlm.nih.gov/41662322/,2026-09-30
41688284,Therapeutic Touch for Acute Pain and Comfort After Cesarean: A Randomized Trial.,10.1016/j.pmn.2026.01.006,,Journal Article;Randomized Controlled Trial,True,[],THERAPEUTIC_TOUCH,False,ELIGIBILITY_SCREENING_PENDING,https://pubmed.ncbi.nlm.nih.gov/41688284/,2026-09-30
41699875,Participant Experiences of Therapeutic Touch in Psilocybin-Assisted Therapy.,10.1002/brb3.71262,PMC12910122,Journal Article;Randomized Controlled Trial,True,[],THERAPEUTIC_TOUCH,False,ELIGIBILITY_SCREENING_PENDING,https://pubmed.ncbi.nlm.nih.gov/41699875/,2026-09-30
41709616,The Effects of Therapeutic Touch on Test Anxiety among Nursing Students: A Randomized Controlled Trial.,10.5152/FNJN.2026.24228,PMC12927342,Journal Article,True,[],THERAPEUTIC_TOUCH,True,SEE_EARLIER_REGISTER,https://pubmed.ncbi.nlm.nih.gov/41709616/,2026-09-30
41738840,"Touch, Trust, and Truth; Why the Physical Exam Still Matters In the Age of AI: A Framework for the Physical Exam as a Bridge to Trust, Healing, and Increased Patient Adherence.",10.1097/CRD.0000000000001214,,Journal Article,True,[],THERAPEUTIC_TOUCH,False,ELIGIBILITY_SCREENING_PENDING,https://pubmed.ncbi.nlm.nih.gov/41738840/,2026-09-30
41743302,Meta-analysis of the Effect of Yogic Techniques on Melatonin Levels: Implications for Sleep Health.,10.4103/ijoy.ijoy_17_25,PMC12931644,Journal Article;Review,True,[],MANTRA_PRACTICES,False,ELIGIBILITY_SCREENING_PENDING,https://pubmed.ncbi.nlm.nih.gov/41743302/,2026-09-30
41761986,"Corrigendum to: ""Effect of Reiki on Pain, Anxiety, and Hemodynamic Parameters in Mechanically Ventilated Patients: A Randomized, Single-Blind, and Placebo-Controlled Trial"".",10.1177/27683605261422726,,Journal Article;Published Erratum,False,"[{""type"": ""ErratumFor"", ""pmid"": ""41051913""}]",REIKI,False,ELIGIBILITY_SCREENING_PENDING,https://pubmed.ncbi.nlm.nih.gov/41761986/,2026-09-30
41765323,The Effectiveness of School-Based Sahaja Yoga Meditation in Dealing with Problematic Internet Use Among Adolescents in India.,10.17761/2025-D-24-00061,,Journal Article,True,[],SAHAJA_YOGA,True,SEE_EARLIER_REGISTER,https://pubmed.ncbi.nlm.nih.gov/41765323/,2026-09-30
41778078,A Service Evaluation of Heisei Shiatsu Massage as an Adjunct to the Pharmacological Management of Cancer Pain.,10.3822/ijtmb.v19i1.1207,PMC12952960,Journal Article,True,[],REIKI,False,ELIGIBILITY_SCREENING_PENDING,https://pubmed.ncbi.nlm.nih.gov/41778078/,2026-09-30
41789910,"Erratum for ""Comments on Critique by Thomas J. Wheeler Regarding Effects of Reiki on Patients with Epilepsy"".",10.3928/01484834-20260213-02,,Published Erratum,False,"[{""type"": ""ErratumFor"", ""pmid"": ""41662322""}]",REIKI,False,ELIGIBILITY_SCREENING_PENDING,https://pubmed.ncbi.nlm.nih.gov/41789910/,2026-09-30
41793784,"The effect of Reiki therapy performed on children with leukemia between the ages of 5-7 years on pain, vital signs and quality of life: A randomized controlled study.",10.1016/j.ejon.2025.103082,,Journal Article;Randomized Controlled Trial,True,[],REIKI,False,ELIGIBILITY_SCREENING_PENDING,https://pubmed.ncbi.nlm.nih.gov/41793784/,2026-09-30
41802174,Nursing Care Behaviours and Challenges Faced During Truth-Telling: A Phenomenological Study.,10.1111/jep.70396,PMC12971052,Journal Article,True,[],THERAPEUTIC_TOUCH,False,ELIGIBILITY_SCREENING_PENDING,https://pubmed.ncbi.nlm.nih.gov/41802174/,2026-09-30
41833700,"A pilot study of an 8-week, group-based, chakra-informed kundalini yoga intervention for adolescents and young adults with diabetes: Feasibility, youth outcomes, and caregiver distress.",10.1016/j.ctim.2026.103355,,Journal Article,True,[],CHAKRA_AURA,True,SEE_EARLIER_REGISTER,https://pubmed.ncbi.nlm.nih.gov/41833700/,2026-09-30
41845450,Inhaled methoxyflurane for fracture reduction in prehospital extremity trauma: an observational review of HEMS clinical practice.,10.1186/s13049-026-01591-8,PMC13112886,Journal Article;Observational Study,True,[],,True,SEE_EARLIER_REGISTER,https://pubmed.ncbi.nlm.nih.gov/41845450/,2026-09-30
41845859,Effect of Therapeutic Touch Based on Watson's Human Care Theory Applied to Infants With Infantile Colic for Different Durations on Colic Symptoms: A Randomized Controlled Study.,10.1177/01939459261422813,,Journal Article;Randomized Controlled Trial,True,[],THERAPEUTIC_TOUCH,False,ELIGIBILITY_SCREENING_PENDING,https://pubmed.ncbi.nlm.nih.gov/41845859/,2026-09-30
41851982,Addressing the theory-practice gap: a qualitative study of Bobath and non-Bobath physiotherapists using the rehabilitation treatment specification system (RTSS).,10.1080/09638288.2026.2642547,,Journal Article,True,[],THERAPEUTIC_TOUCH,False,ELIGIBILITY_SCREENING_PENDING,https://pubmed.ncbi.nlm.nih.gov/41851982/,2026-09-30
41852013,The Subjective Experience of Reiki is Differentially Associated with Improvements in Health-Related Symptoms.,10.1177/27683605261429406,,Journal Article,True,[],REIKI,False,ELIGIBILITY_SCREENING_PENDING,https://pubmed.ncbi.nlm.nih.gov/41852013/,2026-09-30
41864692,"Trauma, boundaries, and connection: Rethinking touch in psychiatric nursing practice.",10.1016/j.apnu.2025.152004,,Journal Article,True,[],THERAPEUTIC_TOUCH,False,ELIGIBILITY_SCREENING_PENDING,https://pubmed.ncbi.nlm.nih.gov/41864692/,2026-09-30
41884352,"Awareness and Use of Reiki, Reiki Research, Energy Healing, and Complementary Medicine amongst Australian Health Professionals and the Community.",10.1177/27536130261434249,PMC13010006,Journal Article,True,[],REIKI,False,ELIGIBILITY_SCREENING_PENDING,https://pubmed.ncbi.nlm.nih.gov/41884352/,2026-09-30
41907996,Impact of heartfulness meditation on psychophysiological parameters among medical students.,10.6026/973206300214643,PMC13018470,Journal Article,True,[],HEARTFULNESS,False,ELIGIBILITY_SCREENING_PENDING,https://pubmed.ncbi.nlm.nih.gov/41907996/,2026-09-30
41927768,Optimized multichannel 4 mA vs conventional transcranial direct current stimulation for major depressive disorder: A randomized sham-controlled trial.,10.1038/s41380-026-03560-0,PMC13364697,Journal Article;Randomized Controlled Trial,True,"[{""type"": ""ErratumIn"", ""pmid"": ""42509314""}]",,True,SEE_EARLIER_REGISTER,https://pubmed.ncbi.nlm.nih.gov/41927768/,2026-09-30
41951553,"Mental Health Promotion Through Nursing Interventions Focused on Anxiety, Sleep and Well-Being: A Scoping Review.",10.1111/inm.70254,PMC13061651,Journal Article;Scoping Review,True,[],REIKI;THERAPEUTIC_TOUCH,False,ELIGIBILITY_SCREENING_PENDING,https://pubmed.ncbi.nlm.nih.gov/41951553/,2026-09-30
41954493,Randomized Controlled Trial of the Psychological and Clinical Outcomes of Reiki Plus Manual Therapy After Open Heart Surgery.,10.1097/JCN.0000000000001334,,Journal Article,True,[],REIKI;THERAPEUTIC_TOUCH,False,ELIGIBILITY_SCREENING_PENDING,https://pubmed.ncbi.nlm.nih.gov/41954493/,2026-09-30
41982211,Lymphatic pumping technique in mice alters blood parameters and metastatic melanoma in an age-dependent manner.,10.3389/ebm.2026.10850,PMC13071501,Journal Article,True,[],THERAPEUTIC_TOUCH,False,ELIGIBILITY_SCREENING_PENDING,https://pubmed.ncbi.nlm.nih.gov/41982211/,2026-09-30
41984024,Effect of Reiki on Surgical Fear and Anxiety in Cholecystectomy Patients: A Randomized Controlled Trial.,10.1177/08980101261436843,,Journal Article,False,[],REIKI,False,ELIGIBILITY_SCREENING_PENDING,https://pubmed.ncbi.nlm.nih.gov/41984024/,2026-09-30
42002866,Holistic nursing: My journey into a way of being.,10.1097/NSG.0000000000000399,,Journal Article,True,[],HEALING_TOUCH,False,ELIGIBILITY_SCREENING_PENDING,https://pubmed.ncbi.nlm.nih.gov/42002866/,2026-09-30
42030677,"Power animal journeying in Western psychotherapy: Applications, therapeutic safety, and future promises.",10.1016/j.explore.2026.103419,,Journal Article,True,[],,True,SEE_EARLIER_REGISTER,https://pubmed.ncbi.nlm.nih.gov/42030677/,2026-09-30
42039726,Transfer Learning-driven Biofield Image Analysis for Predictive Modeling of Diabetes.,10.4103/jmp.jmp_245_25,PMC13105384,Journal Article,True,[],PRANIC_HEALING;REIKI;THERAPEUTIC_TOUCH,True,SEE_EARLIER_REGISTER,https://pubmed.ncbi.nlm.nih.gov/42039726/,2026-09-30
42060857,Touch-Based Therapies in Dementia Care: A Systematic Review and Narrative Synthesis.,10.1177/14713012261445473,,Journal Article,True,[],HEALING_TOUCH,False,ELIGIBILITY_SCREENING_PENDING,https://pubmed.ncbi.nlm.nih.gov/42060857/,2026-09-30
42068796,Understanding the role of interpersonal mindfulness and other foundations of healing in a traditional Chinese medicine encounter: a qualitative study.,10.1016/j.explore.2026.103411,,Journal Article,True,[],THERAPEUTIC_TOUCH,False,ELIGIBILITY_SCREENING_PENDING,https://pubmed.ncbi.nlm.nih.gov/42068796/,2026-09-30
42069826,What is the most effective non-pharmacological treatment for poor sleep quality in Chronic obstructive pulmonary disease patients? a systematic review.,10.1007/s11325-026-03692-1,PMC13135557,Journal Article;Systematic Review,True,[],THERAPEUTIC_TOUCH,False,ELIGIBILITY_SCREENING_PENDING,https://pubmed.ncbi.nlm.nih.gov/42069826/,2026-09-30
42108752,Reiki and Therapeutic Touch for symptom burden and quality of life in palliative settings: A systematic review.,10.1177/02692163261437606,PMC13365623,Journal Article;Systematic Review,True,[],REIKI;THERAPEUTIC_TOUCH,False,ELIGIBILITY_SCREENING_PENDING,https://pubmed.ncbi.nlm.nih.gov/42108752/,2026-09-30
42128173,Prognostic value of radionics based on 18F-FDG PET/CT in Hodgkin lymphoma: A systematic review.,10.1016/j.remnie.2026.500323,,Journal Article,True,[],RADIONICS,False,ELIGIBILITY_SCREENING_PENDING,https://pubmed.ncbi.nlm.nih.gov/42128173/,2026-09-30
42131538,Neurophysiological and autonomic patterns associated with heartfulness and bell meditation: a three-arm exploratory study.,10.3389/fpsyg.2026.1787149,PMC13160812,Journal Article,True,[],HEARTFULNESS,False,ELIGIBILITY_SCREENING_PENDING,https://pubmed.ncbi.nlm.nih.gov/42131538/,2026-09-30
42140041,Improved anticancer efficacy of plant leaf extracts from homa environment: A preliminary study.,10.1016/j.jaim.2025.101316,PMC13199881,Journal Article,True,[],AGNIHOTRA,True,SEE_EARLIER_REGISTER,https://pubmed.ncbi.nlm.nih.gov/42140041/,2026-09-30
42159299,"Interplay Among Reward Processing, Schizotypal Traits, and Psychosocial Stress in a Large Chinese Young Adult Sample: A Cross-Sectional Network Analysis.",10.1002/pchj.70102,PMC13240555,Journal Article,True,[],,True,SEE_EARLIER_REGISTER,https://pubmed.ncbi.nlm.nih.gov/42159299/,2026-09-30
42228731,"Socio-cultural components related to the cropping, harvesting, and consumption of guayusa (Ilex guayusa Loes) in Amazonian Kichwa communities.",10.1371/journal.pone.0349762,PMC13229370,Journal Article,True,[],CHAKRA_AURA,False,ELIGIBILITY_SCREENING_PENDING,https://pubmed.ncbi.nlm.nih.gov/42228731/,2026-09-30
42263755,Feasibility and Efficacy of Reiki Versus Massage for Cancer-Related Fatigue in Patients With Breast and Prostate Cancer Receiving Hormone Therapy.,10.6004/jnccn.2026.7010,PMC13312423,Journal Article;Randomized Controlled Trial,True,[],REIKI,False,ELIGIBILITY_SCREENING_PENDING,https://pubmed.ncbi.nlm.nih.gov/42263755/,2026-09-30
42281140,Meditation Enhances Small-World Network Efficiency: MEG-Based Evidence from Attention and Control Systems.,10.1177/21580014261455602,,Journal Article,True,[],CHAKRA_AURA,False,ELIGIBILITY_SCREENING_PENDING,https://pubmed.ncbi.nlm.nih.gov/42281140/,2026-09-30
42287220,Engineered Nonheme Iron Enzymes Enable Asymmetric Hydrogenation of Alkenes.,10.1021/jacs.6c08443,,"Journal Article;Research Support, Non-U.S. Gov't",True,[],,True,SEE_EARLIER_REGISTER,https://pubmed.ncbi.nlm.nih.gov/42287220/,2026-09-30
42315636,The effects of Reiki practice on breast cancer patients: a systematic review.,10.1007/s00520-026-10889-3,PMC13279659,Journal Article;Systematic Review,True,[],REIKI,False,ELIGIBILITY_SCREENING_PENDING,https://pubmed.ncbi.nlm.nih.gov/42315636/,2026-09-30
42328361,Effects of heartfulness and bell meditation on brain activities and autonomic function in university students: An exploratory study.,10.4103/jehp.jehp_1436_25,PMC13278605,Journal Article,True,[],HEARTFULNESS,True,SEE_EARLIER_REGISTER,https://pubmed.ncbi.nlm.nih.gov/42328361/,2026-09-30
42334391,Redo Ablation Following LSI Algorithm-Guided High-Power Short-Duration vs LSI Algorithm-Guided Conventional Radiofrequency for Atrial Fibrillation.,10.1016/j.jacep.2026.04.029,,Journal Article,True,[],,True,SEE_EARLIER_REGISTER,https://pubmed.ncbi.nlm.nih.gov/42334391/,2026-09-30
42385109,Implementation and Patient-Reported Outcomes of an Insurance-Supported Integrative Oncology Symptom Management Program.,10.1200/OP-26-00274,,Journal Article,True,[],REIKI,False,ELIGIBILITY_SCREENING_PENDING,https://pubmed.ncbi.nlm.nih.gov/42385109/,2026-09-30
42392933,Effect of Reiki on Pain Severity and Quality of Life in Hemodialysis Patients.,10.1016/j.pmn.2026.06.004,,Journal Article,True,[],REIKI,False,ELIGIBILITY_SCREENING_PENDING,https://pubmed.ncbi.nlm.nih.gov/42392933/,2026-09-30
42427118,A Feasibility Study of Reiki Therapy to Improve Symptoms in Cancer Survivors at an Integrative Oncology Clinic.,10.1177/15347354261467711,PMC13354905,Journal Article,True,[],REIKI,False,ELIGIBILITY_SCREENING_PENDING,https://pubmed.ncbi.nlm.nih.gov/42427118/,2026-09-30
42453487,Mantra meditation in sport: a scoping review of its use as a mental training and coping strategy for psychological well-being.,10.1080/00049530.2026.2700236,PMC13366644,Journal Article;Review,True,[],MANTRA_PRACTICES,False,ELIGIBILITY_SCREENING_PENDING,https://pubmed.ncbi.nlm.nih.gov/42453487/,2026-09-30
42456633,Neuroimaging findings in extrasensory perception research: A PRISMA-informed descriptive synthesis.,10.1016/j.explore.2026.103478,,Journal Article;Systematic Review,True,[],DISTANCE_HEALING,False,ELIGIBILITY_SCREENING_PENDING,https://pubmed.ncbi.nlm.nih.gov/42456633/,2026-09-30
42469949,Comparing TCIM use and patient satisfaction in germany: impact of health self-management across migration backgrounds.,10.1186/s41043-026-01395-7,PMC13504977,"Journal Article;Comparative Study;Research Support, Non-U.S. Gov't",True,[],REIKI,False,ELIGIBILITY_SCREENING_PENDING,https://pubmed.ncbi.nlm.nih.gov/42469949/,2026-09-30
42475613,Evaluation of the effect of Healing Touch on coronary artery bypass grafting recovery: A randomized controlled trial.,10.1097/NSG.0000000000000440,,Journal Article;Randomized Controlled Trial,True,[],HEALING_TOUCH,True,SEE_EARLIER_REGISTER,https://pubmed.ncbi.nlm.nih.gov/42475613/,2026-09-30
42491574,A Detailed Description of Complementary and Alternative Medicine Use in a Convenience Sample of Cancer Survivors.,,PMC13377773,Journal Article,True,[],REIKI,False,ELIGIBILITY_SCREENING_PENDING,https://pubmed.ncbi.nlm.nih.gov/42491574/,2026-09-30
42508010,"Traditional, Complementary, and Integrative Medicine on X (Formerly Twitter) From 2015 to 2024 Across English, Spanish, and French: Retrospective Observational Study.",10.2196/97760,PMC13458356,Journal Article;Observational Study,True,[],REIKI,False,ELIGIBILITY_SCREENING_PENDING,https://pubmed.ncbi.nlm.nih.gov/42508010/,2026-09-30
42509575,"Manual therapists and people living with borderline personality disorder (BPD): a commentary on building safety, trust, and therapeutic effectiveness in physical care.",10.1186/s12998-026-00666-8,PMC13412130,Journal Article,True,[],THERAPEUTIC_TOUCH,False,ELIGIBILITY_SCREENING_PENDING,https://pubmed.ncbi.nlm.nih.gov/42509575/,2026-09-30
42521909,Beyond Perceptual Heuristics: A Biosemiotic Reinterpretation of Gestalt Laws in Human Meaning Construction.,10.1007/s12124-026-10018-z,,Journal Article,True,[],,True,SEE_EARLIER_REGISTER,https://pubmed.ncbi.nlm.nih.gov/42521909/,2026-09-30
42534037,Complementary and integrative health interventions for PTSD in Veterans and family members: A rapid systematic review and meta-analysis.,10.3138/jmvfh-2025-0068,PMC13305456,Journal Article,True,[],MANTRA_PRACTICES,False,ELIGIBILITY_SCREENING_PENDING,https://pubmed.ncbi.nlm.nih.gov/42534037/,2026-09-30
42551571,Investigation and assessment of sham Reiki protocols in Reiki research.,10.1016/j.ctim.2026.103415,,Journal Article;Review,True,[],REIKI,False,ELIGIBILITY_SCREENING_PENDING,https://pubmed.ncbi.nlm.nih.gov/42551571/,2026-09-30
42553883,Therapeutic Evaluation of Mind Sound Resonance Technique (A Guided Yogic Meditative Technique) on Human Psychophysiology - A Narrative Review.,10.4103/ijoy.ijoy_39_25,PMC13436611,Journal Article,True,[],MANTRA_PRACTICES,False,ELIGIBILITY_SCREENING_PENDING,https://pubmed.ncbi.nlm.nih.gov/42553883/,2026-09-30
42555361,Efficacy of Heartfulness Meditation as Adjunctive Therapy for Moderate to Severe Psoriasis: A Randomised Controlled Trial.,10.4103/ijd.ijd_858_24,PMC13336643,Journal Article,True,[],HEARTFULNESS,True,SEE_EARLIER_REGISTER,https://pubmed.ncbi.nlm.nih.gov/42555361/,2026-09-30
42592032,"Generative AI-driven de novo design of high-affinity, epitope-specific antibodies targeting the CD93-IGFBP7 axis for cancer immunotherapy.",10.1093/abt/tbag019,PMC13463625,Journal Article,True,[],,True,SEE_EARLIER_REGISTER,https://pubmed.ncbi.nlm.nih.gov/42592032/,2026-09-30
42605255,Understanding How Pranic Healing Facilitators' Observed Experiences and Outcomes Arise: A Critical Realist Explanatory Model.,10.7759/cureus.112819,PMC13477499,Journal Article,True,[],PRANIC_HEALING,True,SEE_EARLIER_REGISTER,https://pubmed.ncbi.nlm.nih.gov/42605255/,2026-09-30
42622803,"Nurse-Led SP6 and LI4 Acupressure for Improving Labour Pain, Maternal Coping, and Intrapartum Maternal Comfort: A Three-Arm Pilot Randomized Controlled Trial Guided by Swanson's Theory of Caring.",10.1177/08980101261477557,,Journal Article,True,[],THERAPEUTIC_TOUCH,False,ELIGIBILITY_SCREENING_PENDING,https://pubmed.ncbi.nlm.nih.gov/42622803/,2026-09-30
42624695,Therapeutic Touch vs Distraction for Labor Pain: A Randomized Controlled Trial.,10.1016/j.pmn.2026.07.010,,Journal Article,True,[],THERAPEUTIC_TOUCH,True,SEE_EARLIER_REGISTER,https://pubmed.ncbi.nlm.nih.gov/42624695/,2026-09-30
42626333,Enhancing self-efficacy in nursing internship students through Reiki practices: A randomized controlled trial.,10.4103/jehp.jehp_192_25,PMC13492830,Journal Article,True,[],REIKI;THERAPEUTIC_TOUCH,False,ELIGIBILITY_SCREENING_PENDING,https://pubmed.ncbi.nlm.nih.gov/42626333/,2026-09-30
42669033,Safety of withdrawal of pharmacological treatment after recovery from HER2 therapy-related cardiac dysfunction: the HER-SAFE trial.,10.1093/eurheartj/ehag707,,Journal Article,True,[],,True,SEE_EARLIER_REGISTER,https://pubmed.ncbi.nlm.nih.gov/42669033/,2026-09-30
42677350,"The Effect of Maternal Lullaby Singing, Affectionate Touch, and a Developmental Support Program on Comfort and Development in Premature Infants: A Randomized Controlled Trial.",10.1002/nop2.70788,PMC13531359,Journal Article;Randomized Controlled Trial,True,[],THERAPEUTIC_TOUCH,False,ELIGIBILITY_SCREENING_PENDING,https://pubmed.ncbi.nlm.nih.gov/42677350/,2026-09-30
42709485,Advancing the Quadruple Aim Through Workplace-Integrated Holistic Wellness Interventions: A Quality Improvement Evaluation.,10.1177/08980101261486512,,Journal Article,True,[],JIN_SHIN_JYUTSU,True,SEE_EARLIER_REGISTER,https://pubmed.ncbi.nlm.nih.gov/42709485/,2026-09-30
42721754,The effectiveness of Reiki in surgical care: A systematic review and meta-analysis.,10.1016/j.iccn.2026.104560,,Journal Article;Review,True,[],REIKI,False,ELIGIBILITY_SCREENING_PENDING,https://pubmed.ncbi.nlm.nih.gov/42721754/,2026-09-30
42723022,Virtual reality versus companion-delivered therapeutic touch for reducing pain and anxiety during suturing: a randomized controlled trial.,10.1186/s12245-026-01360-5,PMC13560451,Journal Article,True,[],THERAPEUTIC_TOUCH,False,ELIGIBILITY_SCREENING_PENDING,https://pubmed.ncbi.nlm.nih.gov/42723022/,2026-09-30
42724159,"Heartfulness Meditation-induced State and Trait Effects on Long-term, Short-term and Non-meditators Using Connectivity Analysis: An EEG Study on Prefrontal Cortex.",10.1177/09727531261470953,PMC13558469,Journal Article,True,[],HEARTFULNESS,False,ELIGIBILITY_SCREENING_PENDING,https://pubmed.ncbi.nlm.nih.gov/42724159/,2026-09-30
42730089,"Enhancement of Vagal Tone, Cognitive Processing, and Self-Regulation Through Short-Term Audible Mantram Repetition Practice in Novice Meditators.",,PMC13567168,Journal Article,True,[],MANTRA_PRACTICES,False,ELIGIBILITY_SCREENING_PENDING,https://pubmed.ncbi.nlm.nih.gov/42730089/,2026-09-30
42736683,A Randomized Controlled Trial: Efficacy of Wangbi Capsule Plus Conventional Therapy for Knee Osteoarthritis and Its Modulation of the Ferroptosis Pathway.,10.2174/0115733971512249260902052806,,Journal Article,True,[],EXTERNAL_QIGONG,False,ELIGIBILITY_SCREENING_PENDING,https://pubmed.ncbi.nlm.nih.gov/42736683/,2026-09-30
42766343,Therapeutic potential of galvanic vestibular stimulation for postural and spatial rehabilitation after stroke: A systematic review.,10.1080/09602011.2026.2735365,,Journal Article;Review,True,[],,True,SEE_EARLIER_REGISTER,https://pubmed.ncbi.nlm.nih.gov/42766343/,2026-09-30
42766936,The effectiveness of Reiki in surgical care: A systematic review and meta-analysis.,10.1016/j.iccn.2026.104534,,Journal Article;Review,True,[],REIKI,False,ELIGIBILITY_SCREENING_PENDING,https://pubmed.ncbi.nlm.nih.gov/42766936/,2026-09-30
42773216,Matters arising: Methodological concerns and interpretative limitations of assessing subjective effects of ketamine.,10.1038/s44184-026-00240-3,PMC13598064,Letter,True,[],,True,SEE_EARLIER_REGISTER,https://pubmed.ncbi.nlm.nih.gov/42773216/,2026-09-30
42779489,Household Income and Sexual Activity Patterns Among Japanese Men: A Latent Class Analysis of a Nationwide Survey.,10.1111/iju.70645,,Journal Article,True,[],,True,SEE_EARLIER_REGISTER,https://pubmed.ncbi.nlm.nih.gov/42779489/,2026-09-30
42786348,"[Fatigue, PEM and patient care].",10.1007/s15006-026-6177-3,,Journal Article,False,[],,True,SEE_EARLIER_REGISTER,https://pubmed.ncbi.nlm.nih.gov/42786348/,2026-09-30
42786418,Brief meditation and acute stress in undergraduate nursing students: a pre-post study of an embedded wellness intervention.,10.1080/07448481.2026.2730592,,Journal Article,True,[],SAHAJA_YOGA,True,SEE_EARLIER_REGISTER,https://pubmed.ncbi.nlm.nih.gov/42786418/,2026-09-30
42805879,"Corrigendum to ""Complementary therapies for chronic knee pain: A placebo-controlled RCT of Reiki and mindfulness"" [Complement Ther Med 95 (2025) 103278].",10.1016/j.ctim.2026.103440,,Published Erratum,False,"[{""type"": ""ErratumFor"", ""pmid"": ""41183719""}]",REIKI,False,ELIGIBILITY_SCREENING_PENDING,https://pubmed.ncbi.nlm.nih.gov/42805879/,2026-09-30
42813884,"Feasibility and Preliminary Outcomes of the ""Naru"" Program, a Reiki-Informed Meditative Intervention for First-Year Nursing Students: A Single-Group Pilot Study.",10.1177/08980101261488093,,Journal Article,True,[],REIKI,False,ELIGIBILITY_SCREENING_PENDING,https://pubmed.ncbi.nlm.nih.gov/42813884/,2026-09-30
