pmid,title,source_url,triage_hint,hint_reason,review_status,triage_provenance,checked_on
177954,Alternative medicine: radionics.,https://pubmed.ncbi.nlm.nih.gov/177954/,NO_ABSTRACT_SOURCE_PRIORITY,No primary abstract returned. Read title and acquire original source; no efficacy conclusion extracted.,SCREENING_PENDING,Automated metadata prioritization; no eligibility decision,2026-09-30
177956,Alternative medicine: therapeutic touch.,https://pubmed.ncbi.nlm.nih.gov/177956/,NO_ABSTRACT_SOURCE_PRIORITY,No primary abstract returned. Read title and acquire original source; no efficacy conclusion extracted.,SCREENING_PENDING,Automated metadata prioritization; no eligibility decision,2026-09-30
242525,The healing touch.,https://pubmed.ncbi.nlm.nih.gov/242525/,NO_ABSTRACT_SOURCE_PRIORITY,No primary abstract returned. Read title and acquire original source; no efficacy conclusion extracted.,SCREENING_PENDING,Automated metadata prioritization; no eligibility decision,2026-09-30
248276,How to acquire the healing touch.,https://pubmed.ncbi.nlm.nih.gov/248276/,NO_ABSTRACT_SOURCE_PRIORITY,No primary abstract returned. Read title and acquire original source; no efficacy conclusion extracted.,SCREENING_PENDING,Automated metadata prioritization; no eligibility decision,2026-09-30
254477,"[The Chakra model, role determination of nursing].",https://pubmed.ncbi.nlm.nih.gov/254477/,NO_ABSTRACT_SOURCE_PRIORITY,No primary abstract returned. Read title and acquire original source; no efficacy conclusion extracted.,SCREENING_PENDING,Automated metadata prioritization; no eligibility decision,2026-09-30
255051,Therapeutic touch in practice.,https://pubmed.ncbi.nlm.nih.gov/255051/,NO_ABSTRACT_SOURCE_PRIORITY,No primary abstract returned. Read title and acquire original source; no efficacy conclusion extracted.,SCREENING_PENDING,Automated metadata prioritization; no eligibility decision,2026-09-30
255540,The use of therapeutic touch in nursing.,https://pubmed.ncbi.nlm.nih.gov/255540/,NO_ABSTRACT_SOURCE_PRIORITY,No primary abstract returned. Read title and acquire original source; no efficacy conclusion extracted.,SCREENING_PENDING,Automated metadata prioritization; no eligibility decision,2026-09-30
256325,"[The Chakra-model, a place determination for nursing].",https://pubmed.ncbi.nlm.nih.gov/256325/,NO_ABSTRACT_SOURCE_PRIORITY,No primary abstract returned. Read title and acquire original source; no efficacy conclusion extracted.,SCREENING_PENDING,Automated metadata prioritization; no eligibility decision,2026-09-30
259269,An explanation of therapeutic touch using the science of unitary man.,https://pubmed.ncbi.nlm.nih.gov/259269/,NO_ABSTRACT_SOURCE_PRIORITY,No primary abstract returned. Read title and acquire original source; no efficacy conclusion extracted.,SCREENING_PENDING,Automated metadata prioritization; no eligibility decision,2026-09-30
364668,The doctor's touch: tactile communication in the doctor-patient relationship.,https://pubmed.ncbi.nlm.nih.gov/364668/,ABSTRACT_SCREENING_PRIORITY,Available abstract needs eligibility review; metadata hint is not an inclusion/exclusion decision.,SCREENING_PENDING,Automated metadata prioritization; no eligibility decision,2026-09-30
373441,Therapeutic touch: searching for evidence of physiological change.,https://pubmed.ncbi.nlm.nih.gov/373441/,NO_ABSTRACT_SOURCE_PRIORITY,No primary abstract returned. Read title and acquire original source; no efficacy conclusion extracted.,SCREENING_PENDING,Automated metadata prioritization; no eligibility decision,2026-09-30
458550,Multidimensional reaction to therapeutic touch in a hospital setting.,https://pubmed.ncbi.nlm.nih.gov/458550/,ABSTRACT_SCREENING_PRIORITY,Available abstract needs eligibility review; metadata hint is not an inclusion/exclusion decision.,SCREENING_PENDING,Automated metadata prioritization; no eligibility decision,2026-09-30
585080,"What they believe and why. Part 1. Roman Catholics, Jehovah Witnesses, and Christian Scientists.",https://pubmed.ncbi.nlm.nih.gov/585080/,NO_ABSTRACT_SOURCE_PRIORITY,No primary abstract returned. Read title and acquire original source; no efficacy conclusion extracted.,SCREENING_PENDING,Automated metadata prioritization; no eligibility decision,2026-09-30
1039264,Therapeutic touch: the imprimatur of nursing.,https://pubmed.ncbi.nlm.nih.gov/1039264/,NO_ABSTRACT_SOURCE_PRIORITY,No primary abstract returned. Read title and acquire original source; no efficacy conclusion extracted.,SCREENING_PENDING,Automated metadata prioritization; no eligibility decision,2026-09-30
1056435,"Therapeutic touch; an ancient, but unorthodox nursing intervention.",https://pubmed.ncbi.nlm.nih.gov/1056435/,NO_ABSTRACT_SOURCE_PRIORITY,No primary abstract returned. Read title and acquire original source; no efficacy conclusion extracted.,SCREENING_PENDING,Automated metadata prioritization; no eligibility decision,2026-09-30
1074007,The Christian science patient.,https://pubmed.ncbi.nlm.nih.gov/1074007/,NO_ABSTRACT_SOURCE_PRIORITY,No primary abstract returned. Read title and acquire original source; no efficacy conclusion extracted.,SCREENING_PENDING,Automated metadata prioritization; no eligibility decision,2026-09-30
1295046,Trigeminal nucleus caudalis dorsal root entry zone: a new surgical approach.,https://pubmed.ncbi.nlm.nih.gov/1295046/,ABSTRACT_SCREENING_PRIORITY,Available abstract needs eligibility review; metadata hint is not an inclusion/exclusion decision.,SCREENING_PENDING,Automated metadata prioritization; no eligibility decision,2026-09-30
1301421,Therapeutic touch and post-Hurricane Hugo stress.,https://pubmed.ncbi.nlm.nih.gov/1301421/,ABSTRACT_SCREENING_PRIORITY,Available abstract needs eligibility review; metadata hint is not an inclusion/exclusion decision.,SCREENING_PENDING,Automated metadata prioritization; no eligibility decision,2026-09-30
1342476,[Radiofrequency fulguration in patients with reciprocating tachycardias].,https://pubmed.ncbi.nlm.nih.gov/1342476/,ABSTRACT_SCREENING_PRIORITY,Available abstract needs eligibility review; metadata hint is not an inclusion/exclusion decision.,SCREENING_PENDING,Automated metadata prioritization; no eligibility decision,2026-09-30
1345418,An international perspective from New Zealand on healing touch.,https://pubmed.ncbi.nlm.nih.gov/1345418/,NO_ABSTRACT_SOURCE_PRIORITY,No primary abstract returned. Read title and acquire original source; no efficacy conclusion extracted.,SCREENING_PENDING,Automated metadata prioritization; no eligibility decision,2026-09-30
1353653,Detection of extraordinary large bio-magnetic field strength from human hand during external Qi emission.,https://pubmed.ncbi.nlm.nih.gov/1353653/,ABSTRACT_SCREENING_PRIORITY,Available abstract needs eligibility review; metadata hint is not an inclusion/exclusion decision.,SCREENING_PENDING,Automated metadata prioritization; no eligibility decision,2026-09-30
1419661,"Complementary therapy, therapeutic touch--research and reality.",https://pubmed.ncbi.nlm.nih.gov/1419661/,NO_ABSTRACT_SOURCE_PRIORITY,No primary abstract returned. Read title and acquire original source; no efficacy conclusion extracted.,SCREENING_PENDING,Automated metadata prioritization; no eligibility decision,2026-09-30
1447328,The senior's therapeutic touch education program.,https://pubmed.ncbi.nlm.nih.gov/1447328/,NO_ABSTRACT_SOURCE_PRIORITY,No primary abstract returned. Read title and acquire original source; no efficacy conclusion extracted.,SCREENING_PENDING,Automated metadata prioritization; no eligibility decision,2026-09-30
1515308,Complementary therapies. A healing touch.,https://pubmed.ncbi.nlm.nih.gov/1515308/,NO_ABSTRACT_SOURCE_PRIORITY,No primary abstract returned. Read title and acquire original source; no efficacy conclusion extracted.,SCREENING_PENDING,Automated metadata prioritization; no eligibility decision,2026-09-30
1551006,Healing touch certificate program continues to bring the human dimension to the nation's nurses.,https://pubmed.ncbi.nlm.nih.gov/1551006/,NO_ABSTRACT_SOURCE_PRIORITY,No primary abstract returned. Read title and acquire original source; no efficacy conclusion extracted.,SCREENING_PENDING,Automated metadata prioritization; no eligibility decision,2026-09-30
1607495,The experience of receiving therapeutic touch.,https://pubmed.ncbi.nlm.nih.gov/1607495/,ABSTRACT_SCREENING_PRIORITY,Available abstract needs eligibility review; metadata hint is not an inclusion/exclusion decision.,SCREENING_PENDING,Automated metadata prioritization; no eligibility decision,2026-09-30
1620780,Geophysical variables and behavior: LXX. Testing electromagnetic explanations for a possible psychokinetic effect of therapeutic touch on germinating corn seed.,https://pubmed.ncbi.nlm.nih.gov/1620780/,ABSTRACT_SCREENING_PRIORITY,Available abstract needs eligibility review; metadata hint is not an inclusion/exclusion decision.,SCREENING_PENDING,Automated metadata prioritization; no eligibility decision,2026-09-30
1678161,[Therapeutic touch].,https://pubmed.ncbi.nlm.nih.gov/1678161/,NO_ABSTRACT_SOURCE_PRIORITY,No primary abstract returned. Read title and acquire original source; no efficacy conclusion extracted.,SCREENING_PENDING,Automated metadata prioritization; no eligibility decision,2026-09-30
1718202,[Sacral bedsore: an evaluation of 10 years' treatment with the gluteus maximus muscle].,https://pubmed.ncbi.nlm.nih.gov/1718202/,REVIEW_CITATION_PRIORITY,Review metadata found. Consider citation chasing; do not count as independent primary replication.,SCREENING_PENDING,Automated metadata prioritization; no eligibility decision,2026-09-30
1738778,A force to promote bonding and wellbeing. Therapeutic touch and massage.,https://pubmed.ncbi.nlm.nih.gov/1738778/,NO_ABSTRACT_SOURCE_PRIORITY,No primary abstract returned. Read title and acquire original source; no efficacy conclusion extracted.,SCREENING_PENDING,Automated metadata prioritization; no eligibility decision,2026-09-30
1741319,Death with dignity. Christian Science.,https://pubmed.ncbi.nlm.nih.gov/1741319/,NO_ABSTRACT_SOURCE_PRIORITY,No primary abstract returned. Read title and acquire original source; no efficacy conclusion extracted.,SCREENING_PENDING,Automated metadata prioritization; no eligibility decision,2026-09-30
1767800,Effect of emitted bioenergy on biochemical functions of cells.,https://pubmed.ncbi.nlm.nih.gov/1767800/,ABSTRACT_SCREENING_PRIORITY,Available abstract needs eligibility review; metadata hint is not an inclusion/exclusion decision.,SCREENING_PENDING,Automated metadata prioritization; no eligibility decision,2026-09-30
1814885,Sahaja yoga in the management of intractable epileptics.,https://pubmed.ncbi.nlm.nih.gov/1814885/,NO_ABSTRACT_SOURCE_PRIORITY,No primary abstract returned. Read title and acquire original source; no efficacy conclusion extracted.,SCREENING_PENDING,Automated metadata prioritization; no eligibility decision,2026-09-30
1819037,The antitumor effects of qigong-emitted external Qi and its influence on the immunologic functions of tumor-bearing mice.,https://pubmed.ncbi.nlm.nih.gov/1819037/,ABSTRACT_SCREENING_PRIORITY,Available abstract needs eligibility review; metadata hint is not an inclusion/exclusion decision.,SCREENING_PENDING,Automated metadata prioritization; no eligibility decision,2026-09-30
1834141,Self-care activating support: therapeutic touch and chronic skin disease.,https://pubmed.ncbi.nlm.nih.gov/1834141/,ABSTRACT_SCREENING_PRIORITY,Available abstract needs eligibility review; metadata hint is not an inclusion/exclusion decision.,SCREENING_PENDING,Automated metadata prioritization; no eligibility decision,2026-09-30
1909161,Therapeutic touch and massage.,https://pubmed.ncbi.nlm.nih.gov/1909161/,NO_ABSTRACT_SOURCE_PRIORITY,No primary abstract returned. Read title and acquire original source; no efficacy conclusion extracted.,SCREENING_PENDING,Automated metadata prioritization; no eligibility decision,2026-09-30
1978504,"Storing of qi gong energy in various materials and drugs (qi gongnization): its clinical application for treatment of pain, circulatory disturbance, bacterial or viral infections, heavy metal deposits, and related intractable medical problems by selectively enhancing circulation and drug uptake.",https://pubmed.ncbi.nlm.nih.gov/1978504/,ABSTRACT_SCREENING_PRIORITY,Available abstract needs eligibility review; metadata hint is not an inclusion/exclusion decision.,SCREENING_PENDING,Automated metadata prioritization; no eligibility decision,2026-09-30
2027687,[Therapeutic touch--the healing touch].,https://pubmed.ncbi.nlm.nih.gov/2027687/,NO_ABSTRACT_SOURCE_PRIORITY,No primary abstract returned. Read title and acquire original source; no efficacy conclusion extracted.,SCREENING_PENDING,Automated metadata prioritization; no eligibility decision,2026-09-30
2033561,Motivational processes and behavioral inhibition in breath holding.,https://pubmed.ncbi.nlm.nih.gov/2033561/,ABSTRACT_SCREENING_PRIORITY,Available abstract needs eligibility review; metadata hint is not an inclusion/exclusion decision.,SCREENING_PENDING,Automated metadata prioritization; no eligibility decision,2026-09-30
2061359,Helping patients to rest: clinical studies in therapeutic touch.,https://pubmed.ncbi.nlm.nih.gov/2061359/,NO_ABSTRACT_SOURCE_PRIORITY,No primary abstract returned. Read title and acquire original source; no efficacy conclusion extracted.,SCREENING_PENDING,Automated metadata prioritization; no eligibility decision,2026-09-30
2067935,Christian Science healing and the health care of children.,https://pubmed.ncbi.nlm.nih.gov/2067935/,NO_ABSTRACT_SOURCE_PRIORITY,No primary abstract returned. Read title and acquire original source; no efficacy conclusion extracted.,SCREENING_PENDING,Automated metadata prioritization; no eligibility decision,2026-09-30
2100138,Compassion as power: clinical implications of therapeutic touch.,https://pubmed.ncbi.nlm.nih.gov/2100138/,NO_ABSTRACT_SOURCE_PRIORITY,No primary abstract returned. Read title and acquire original source; no efficacy conclusion extracted.,SCREENING_PENDING,Automated metadata prioritization; no eligibility decision,2026-09-30
2116293,[Therapeutic touch--a holistic method for clinical application in nursing].,https://pubmed.ncbi.nlm.nih.gov/2116293/,NO_ABSTRACT_SOURCE_PRIORITY,No primary abstract returned. Read title and acquire original source; no efficacy conclusion extracted.,SCREENING_PENDING,Automated metadata prioritization; no eligibility decision,2026-09-30
2144043,CE feature. Part 2. Nontechnologic strategies for coping with chronic low back pain.,https://pubmed.ncbi.nlm.nih.gov/2144043/,ABSTRACT_SCREENING_PRIORITY,Available abstract needs eligibility review; metadata hint is not an inclusion/exclusion decision.,SCREENING_PENDING,Automated metadata prioritization; no eligibility decision,2026-09-30
2164178,Therapeutic touch.,https://pubmed.ncbi.nlm.nih.gov/2164178/,NO_ABSTRACT_SOURCE_PRIORITY,No primary abstract returned. Read title and acquire original source; no efficacy conclusion extracted.,SCREENING_PENDING,Automated metadata prioritization; no eligibility decision,2026-09-30
2216575,Comparison of therapeutic touch and casual touch in stress reduction of hospitalized children.,https://pubmed.ncbi.nlm.nih.gov/2216575/,ABSTRACT_SCREENING_PRIORITY,Available abstract needs eligibility review; metadata hint is not an inclusion/exclusion decision.,SCREENING_PENDING,Automated metadata prioritization; no eligibility decision,2026-09-30
2227986,Openness: a qualitative analysis of nurses' and patients' experiences of therapeutic touch.,https://pubmed.ncbi.nlm.nih.gov/2227986/,ABSTRACT_SCREENING_PRIORITY,Available abstract needs eligibility review; metadata hint is not an inclusion/exclusion decision.,SCREENING_PENDING,Automated metadata prioritization; no eligibility decision,2026-09-30
2308198,Comparative longevity of Christian Scientists.,https://pubmed.ncbi.nlm.nih.gov/2308198/,NOTICE_CHECK_PRIORITY,Linked notice/publication type detected; reconcile original and notice before use.,SCREENING_PENDING,Automated metadata prioritization; no eligibility decision,2026-09-30
2325782,Nursing Practice. Therapeutic touch--a healing meditation.,https://pubmed.ncbi.nlm.nih.gov/2325782/,ABSTRACT_SCREENING_PRIORITY,Available abstract needs eligibility review; metadata hint is not an inclusion/exclusion decision.,SCREENING_PENDING,Automated metadata prioritization; no eligibility decision,2026-09-30
2359629,Touching with intent: using therapeutic touch.,https://pubmed.ncbi.nlm.nih.gov/2359629/,ABSTRACT_SCREENING_PRIORITY,Available abstract needs eligibility review; metadata hint is not an inclusion/exclusion decision.,SCREENING_PENDING,Automated metadata prioritization; no eligibility decision,2026-09-30
2367857,Christian Science nursing.,https://pubmed.ncbi.nlm.nih.gov/2367857/,NO_ABSTRACT_SOURCE_PRIORITY,No primary abstract returned. Read title and acquire original source; no efficacy conclusion extracted.,SCREENING_PENDING,Automated metadata prioritization; no eligibility decision,2026-09-30
2391730,Christian Scientists claim healing efficacy equal if not superior to that of medicine.,https://pubmed.ncbi.nlm.nih.gov/2391730/,NO_ABSTRACT_SOURCE_PRIORITY,No primary abstract returned. Read title and acquire original source; no efficacy conclusion extracted.,SCREENING_PENDING,Automated metadata prioritization; no eligibility decision,2026-09-30
2401510,"Therapeutic touch: two decades of research, teaching and clinical practice.",https://pubmed.ncbi.nlm.nih.gov/2401510/,NO_ABSTRACT_SOURCE_PRIORITY,No primary abstract returned. Read title and acquire original source; no efficacy conclusion extracted.,SCREENING_PENDING,Automated metadata prioritization; no eligibility decision,2026-09-30
2404259,The Science of Unitary Human Beings and theory-based practice: therapeutic touch.,https://pubmed.ncbi.nlm.nih.gov/2404259/,REVIEW_CITATION_PRIORITY,Review metadata found. Consider citation chasing; do not count as independent primary replication.,SCREENING_PENDING,Automated metadata prioritization; no eligibility decision,2026-09-30
2466115,Holistic nursing.,https://pubmed.ncbi.nlm.nih.gov/2466115/,ABSTRACT_SCREENING_PRIORITY,Available abstract needs eligibility review; metadata hint is not an inclusion/exclusion decision.,SCREENING_PENDING,Automated metadata prioritization; no eligibility decision,2026-09-30
2494408,The healing touch.,https://pubmed.ncbi.nlm.nih.gov/2494408/,NO_ABSTRACT_SOURCE_PRIORITY,No primary abstract returned. Read title and acquire original source; no efficacy conclusion extracted.,SCREENING_PENDING,Automated metadata prioritization; no eligibility decision,2026-09-30
2568074,Unique changes found on the Qi Gong (Chi Gong) Master's and patient's body during Qi Gong treatment; their relationships to certain meridians & acupuncture points and the re-creation of therapeutic Qi Gong states by children & adults.,https://pubmed.ncbi.nlm.nih.gov/2568074/,REVIEW_CITATION_PRIORITY,Review metadata found. Consider citation chasing; do not count as independent primary replication.,SCREENING_PENDING,Automated metadata prioritization; no eligibility decision,2026-09-30
2670796,Use of ultrasound in detection of sinus disease in children.,https://pubmed.ncbi.nlm.nih.gov/2670796/,ABSTRACT_SCREENING_PRIORITY,Available abstract needs eligibility review; metadata hint is not an inclusion/exclusion decision.,SCREENING_PENDING,Automated metadata prioritization; no eligibility decision,2026-09-30
2717098,Therapeutic touch as energy exchange: replication and extension.,https://pubmed.ncbi.nlm.nih.gov/2717098/,EMPIRICAL_REVIEW_PRIORITY,"Trial/pilot metadata found. Confirm named modality, design, outcomes and eligibility from primary material.",SCREENING_PENDING,Automated metadata prioritization; no eligibility decision,2026-09-30
2738848,Therapeutic touch: a healing art.,https://pubmed.ncbi.nlm.nih.gov/2738848/,NO_ABSTRACT_SOURCE_PRIORITY,No primary abstract returned. Read title and acquire original source; no efficacy conclusion extracted.,SCREENING_PENDING,Automated metadata prioritization; no eligibility decision,2026-09-30
2745578,Therapeutic touch for symptom control in persons with AIDS.,https://pubmed.ncbi.nlm.nih.gov/2745578/,ABSTRACT_SCREENING_PRIORITY,Available abstract needs eligibility review; metadata hint is not an inclusion/exclusion decision.,SCREENING_PENDING,Automated metadata prioritization; no eligibility decision,2026-09-30
2887953,Some observations on dowsing and the human magnetic sense.,https://pubmed.ncbi.nlm.nih.gov/2887953/,NO_ABSTRACT_SOURCE_PRIORITY,No primary abstract returned. Read title and acquire original source; no efficacy conclusion extracted.,SCREENING_PENDING,Automated metadata prioritization; no eligibility decision,2026-09-30
2928592,The use of therapeutic touch with rehabilitation clients.,https://pubmed.ncbi.nlm.nih.gov/2928592/,ABSTRACT_SCREENING_PRIORITY,Available abstract needs eligibility review; metadata hint is not an inclusion/exclusion decision.,SCREENING_PENDING,Automated metadata prioritization; no eligibility decision,2026-09-30
3047227,"Building a body of knowledge: research on therapeutic touch, 1974-1986.",https://pubmed.ncbi.nlm.nih.gov/3047227/,REVIEW_CITATION_PRIORITY,Review metadata found. Consider citation chasing; do not count as independent primary replication.,SCREENING_PENDING,Automated metadata prioritization; no eligibility decision,2026-09-30
3100895,Milliwatt carbon dioxide laser and hepatic surgery in mice: surgical technique and pathology.,https://pubmed.ncbi.nlm.nih.gov/3100895/,ABSTRACT_SCREENING_PRIORITY,Available abstract needs eligibility review; metadata hint is not an inclusion/exclusion decision.,SCREENING_PENDING,Automated metadata prioritization; no eligibility decision,2026-09-30
3124197,Measles outbreaks in religious groups exempt from immunization laws.,https://pubmed.ncbi.nlm.nih.gov/3124197/,ABSTRACT_SCREENING_PRIORITY,Available abstract needs eligibility review; metadata hint is not an inclusion/exclusion decision.,SCREENING_PENDING,Automated metadata prioritization; no eligibility decision,2026-09-30
3172626,Therapeutic touch.,https://pubmed.ncbi.nlm.nih.gov/3172626/,NO_ABSTRACT_SOURCE_PRIORITY,No primary abstract returned. Read title and acquire original source; no efficacy conclusion extracted.,SCREENING_PENDING,Automated metadata prioritization; no eligibility decision,2026-09-30
3219526,Abdominoperineal and anterior resection of the rectum with retrocolic omentoplasty and no drainage.,https://pubmed.ncbi.nlm.nih.gov/3219526/,ABSTRACT_SCREENING_PRIORITY,Available abstract needs eligibility review; metadata hint is not an inclusion/exclusion decision.,SCREENING_PENDING,Automated metadata prioritization; no eligibility decision,2026-09-30
3302959,The use of therapeutic touch in the management of pain.,https://pubmed.ncbi.nlm.nih.gov/3302959/,REVIEW_CITATION_PRIORITY,Review metadata found. Consider citation chasing; do not count as independent primary replication.,SCREENING_PENDING,Automated metadata prioritization; no eligibility decision,2026-09-30
3307626,Holistic nursing. An approach to patient and self-care.,https://pubmed.ncbi.nlm.nih.gov/3307626/,REVIEW_CITATION_PRIORITY,Review metadata found. Consider citation chasing; do not count as independent primary replication.,SCREENING_PENDING,Automated metadata prioritization; no eligibility decision,2026-09-30
3312255,Therapeutic touch as a nursing intervention.,https://pubmed.ncbi.nlm.nih.gov/3312255/,NO_ABSTRACT_SOURCE_PRIORITY,No primary abstract returned. Read title and acquire original source; no efficacy conclusion extracted.,SCREENING_PENDING,Automated metadata prioritization; no eligibility decision,2026-09-30
3326292,[Neomysticism in medicine. The example of homeopathy].,https://pubmed.ncbi.nlm.nih.gov/3326292/,REVIEW_CITATION_PRIORITY,Review metadata found. Consider citation chasing; do not count as independent primary replication.,SCREENING_PENDING,Automated metadata prioritization; no eligibility decision,2026-09-30
3367664,Therapeutic touch: a healing experience.,https://pubmed.ncbi.nlm.nih.gov/3367664/,NO_ABSTRACT_SOURCE_PRIORITY,No primary abstract returned. Read title and acquire original source; no efficacy conclusion extracted.,SCREENING_PENDING,Automated metadata prioritization; no eligibility decision,2026-09-30
3429095,Christian Science and competence to make treatment choices: clinical challenges in assessing values.,https://pubmed.ncbi.nlm.nih.gov/3429095/,NO_ABSTRACT_SOURCE_PRIORITY,No primary abstract returned. Read title and acquire original source; no efficacy conclusion extracted.,SCREENING_PENDING,Automated metadata prioritization; no eligibility decision,2026-09-30
3633503,Effects of therapeutic touch on tension headache pain.,https://pubmed.ncbi.nlm.nih.gov/3633503/,EMPIRICAL_REVIEW_PRIORITY,"Trial/pilot metadata found. Confirm named modality, design, outcomes and eligibility from primary material.",SCREENING_PENDING,Automated metadata prioritization; no eligibility decision,2026-09-30
3634823,Holistic healers and therapeutic touch.,https://pubmed.ncbi.nlm.nih.gov/3634823/,NO_ABSTRACT_SOURCE_PRIORITY,No primary abstract returned. Read title and acquire original source; no efficacy conclusion extracted.,SCREENING_PENDING,Automated metadata prioritization; no eligibility decision,2026-09-30
3635465,Matters for concern: the healing touch.,https://pubmed.ncbi.nlm.nih.gov/3635465/,NO_ABSTRACT_SOURCE_PRIORITY,No primary abstract returned. Read title and acquire original source; no efficacy conclusion extracted.,SCREENING_PENDING,Automated metadata prioritization; no eligibility decision,2026-09-30
3638899,Therapeutic touch.,https://pubmed.ncbi.nlm.nih.gov/3638899/,NO_ABSTRACT_SOURCE_PRIORITY,No primary abstract returned. Read title and acquire original source; no efficacy conclusion extracted.,SCREENING_PENDING,Automated metadata prioritization; no eligibility decision,2026-09-30
3642485,Therapeutic touch. The human connection.,https://pubmed.ncbi.nlm.nih.gov/3642485/,NO_ABSTRACT_SOURCE_PRIORITY,No primary abstract returned. Read title and acquire original source; no efficacy conclusion extracted.,SCREENING_PENDING,Automated metadata prioritization; no eligibility decision,2026-09-30
3642486,Therapeutic touch. Joining forces.,https://pubmed.ncbi.nlm.nih.gov/3642486/,NO_ABSTRACT_SOURCE_PRIORITY,No primary abstract returned. Read title and acquire original source; no efficacy conclusion extracted.,SCREENING_PENDING,Automated metadata prioritization; no eligibility decision,2026-09-30
3642497,Therapeutic touch: getting the massage.,https://pubmed.ncbi.nlm.nih.gov/3642497/,NO_ABSTRACT_SOURCE_PRIORITY,No primary abstract returned. Read title and acquire original source; no efficacy conclusion extracted.,SCREENING_PENDING,Automated metadata prioritization; no eligibility decision,2026-09-30
3642530,Therapeutic touch. Knowledge at one's fingertips.,https://pubmed.ncbi.nlm.nih.gov/3642530/,NO_ABSTRACT_SOURCE_PRIORITY,No primary abstract returned. Read title and acquire original source; no efficacy conclusion extracted.,SCREENING_PENDING,Automated metadata prioritization; no eligibility decision,2026-09-30
3648470,Therapeutic touch.,https://pubmed.ncbi.nlm.nih.gov/3648470/,NO_ABSTRACT_SOURCE_PRIORITY,No primary abstract returned. Read title and acquire original source; no efficacy conclusion extracted.,SCREENING_PENDING,Automated metadata prioritization; no eligibility decision,2026-09-30
3650571,[Therapeutic touch: a form of human interaction].,https://pubmed.ncbi.nlm.nih.gov/3650571/,NO_ABSTRACT_SOURCE_PRIORITY,No primary abstract returned. Read title and acquire original source; no efficacy conclusion extracted.,SCREENING_PENDING,Automated metadata prioritization; no eligibility decision,2026-09-30
3668791,Should Christian nurses practice therapeutic touch?,https://pubmed.ncbi.nlm.nih.gov/3668791/,NO_ABSTRACT_SOURCE_PRIORITY,No primary abstract returned. Read title and acquire original source; no efficacy conclusion extracted.,SCREENING_PENDING,Automated metadata prioritization; no eligibility decision,2026-09-30
3704701,Use of a medical facility by Christian Scientists.,https://pubmed.ncbi.nlm.nih.gov/3704701/,ABSTRACT_SCREENING_PRIORITY,Available abstract needs eligibility review; metadata hint is not an inclusion/exclusion decision.,SCREENING_PENDING,Automated metadata prioritization; no eligibility decision,2026-09-30
3764624,Problematic ulcerative lesions in sexually transmitted diseases: surgical management.,https://pubmed.ncbi.nlm.nih.gov/3764624/,ABSTRACT_SCREENING_PRIORITY,Available abstract needs eligibility review; metadata hint is not an inclusion/exclusion decision.,SCREENING_PENDING,Automated metadata prioritization; no eligibility decision,2026-09-30
3781717,The social consequence of wellness: a view of healing outcomes from micro and macro perspectives.,https://pubmed.ncbi.nlm.nih.gov/3781717/,MANUALLY_REVIEWED_RECORD,Mexican Spiritualist ethnography analyzes individual/social outcomes. No controlled efficacy comparison; distinguish cultural system from other Spiritualist lineages.,PRIMARY_RECORD_REVIEWED,ILMB single-reviewer primary-record review,2026-09-30
3861861,The new antifluoridationists: who are they and how do they operate?,https://pubmed.ncbi.nlm.nih.gov/3861861/,ABSTRACT_SCREENING_PRIORITY,Available abstract needs eligibility review; metadata hint is not an inclusion/exclusion decision.,SCREENING_PENDING,Automated metadata prioritization; no eligibility decision,2026-09-30
4810119,Christian Science and community medicine.,https://pubmed.ncbi.nlm.nih.gov/4810119/,NO_ABSTRACT_SOURCE_PRIORITY,No primary abstract returned. Read title and acquire original source; no efficacy conclusion extracted.,SCREENING_PENDING,Automated metadata prioritization; no eligibility decision,2026-09-30
4879041,Ralph G. Bengston.,https://pubmed.ncbi.nlm.nih.gov/4879041/,MANUALLY_REVIEWED_RECORD,"Historical biography of Ralph G. Bengston, no abstract or Bengston Healing Method experiment.",PRIMARY_RECORD_REVIEWED,ILMB single-reviewer primary-record review,2026-09-30
4939991,[Mary Baker Eddy and Christian Science].,https://pubmed.ncbi.nlm.nih.gov/4939991/,NO_ABSTRACT_SOURCE_PRIORITY,No primary abstract returned. Read title and acquire original source; no efficacy conclusion extracted.,SCREENING_PENDING,Automated metadata prioritization; no eligibility decision,2026-09-30
5028852,Health and illness behavior of Christian Scientists.,https://pubmed.ncbi.nlm.nih.gov/5028852/,NO_ABSTRACT_SOURCE_PRIORITY,No primary abstract returned. Read title and acquire original source; no efficacy conclusion extracted.,SCREENING_PENDING,Automated metadata prioritization; no eligibility decision,2026-09-30
6095989,Bulbrook's model of therapeutic touch: one form of health and healing in the future.,https://pubmed.ncbi.nlm.nih.gov/6095989/,NO_ABSTRACT_SOURCE_PRIORITY,No primary abstract returned. Read title and acquire original source; no efficacy conclusion extracted.,SCREENING_PENDING,Automated metadata prioritization; no eligibility decision,2026-09-30
6096274,"[Therapeutic touch: origin, basis, education].",https://pubmed.ncbi.nlm.nih.gov/6096274/,NO_ABSTRACT_SOURCE_PRIORITY,No primary abstract returned. Read title and acquire original source; no efficacy conclusion extracted.,SCREENING_PENDING,Automated metadata prioritization; no eligibility decision,2026-09-30
6164542,"Electroencephalographic findings during mantra meditation (transcendental meditation). A controlled, quantitative study of experienced meditators.",https://pubmed.ncbi.nlm.nih.gov/6164542/,ABSTRACT_SCREENING_PRIORITY,Available abstract needs eligibility review; metadata hint is not an inclusion/exclusion decision.,SCREENING_PENDING,Automated metadata prioritization; no eligibility decision,2026-09-30
6322674,Therapeutic touch as energy exchange: testing the theory.,https://pubmed.ncbi.nlm.nih.gov/6322674/,EMPIRICAL_REVIEW_PRIORITY,"Trial/pilot metadata found. Confirm named modality, design, outcomes and eligibility from primary material.",SCREENING_PENDING,Automated metadata prioritization; no eligibility decision,2026-09-30
6358892,"Faith healing, Christian Science, and the medical care of children.",https://pubmed.ncbi.nlm.nih.gov/6358892/,NO_ABSTRACT_SOURCE_PRIORITY,No primary abstract returned. Read title and acquire original source; no efficacy conclusion extracted.,SCREENING_PENDING,Automated metadata prioritization; no eligibility decision,2026-09-30
6359451,Is self-care a social movement?,https://pubmed.ncbi.nlm.nih.gov/6359451/,REVIEW_CITATION_PRIORITY,Review metadata found. Consider citation chasing; do not count as independent primary replication.,SCREENING_PENDING,Automated metadata prioritization; no eligibility decision,2026-09-30
6366641,Relieving chronic pain.,https://pubmed.ncbi.nlm.nih.gov/6366641/,ABSTRACT_SCREENING_PRIORITY,Available abstract needs eligibility review; metadata hint is not an inclusion/exclusion decision.,SCREENING_PENDING,Automated metadata prioritization; no eligibility decision,2026-09-30
6366748,Therapeutic and physical touch: physiological response to stressful stimuli.,https://pubmed.ncbi.nlm.nih.gov/6366748/,EMPIRICAL_REVIEW_PRIORITY,"Trial/pilot metadata found. Confirm named modality, design, outcomes and eligibility from primary material.",SCREENING_PENDING,Automated metadata prioritization; no eligibility decision,2026-09-30
6366749,Therapeutic touch: is there a scientific basis for the practice?,https://pubmed.ncbi.nlm.nih.gov/6366749/,ABSTRACT_SCREENING_PRIORITY,Available abstract needs eligibility review; metadata hint is not an inclusion/exclusion decision.,SCREENING_PENDING,Automated metadata prioritization; no eligibility decision,2026-09-30
6397842,Therapeutic touch: maybe there's something to it after all.,https://pubmed.ncbi.nlm.nih.gov/6397842/,NO_ABSTRACT_SOURCE_PRIORITY,No primary abstract returned. Read title and acquire original source; no efficacy conclusion extracted.,SCREENING_PENDING,Automated metadata prioritization; no eligibility decision,2026-09-30
6399347,Conflict to coexistence: Christian Science and medicine.,https://pubmed.ncbi.nlm.nih.gov/6399347/,NO_ABSTRACT_SOURCE_PRIORITY,No primary abstract returned. Read title and acquire original source; no efficacy conclusion extracted.,SCREENING_PENDING,Automated metadata prioritization; no eligibility decision,2026-09-30
6553423,Therapeutic touch: a healing modality throughout life.,https://pubmed.ncbi.nlm.nih.gov/6553423/,NO_ABSTRACT_SOURCE_PRIORITY,No primary abstract returned. Read title and acquire original source; no efficacy conclusion extracted.,SCREENING_PENDING,Automated metadata prioritization; no eligibility decision,2026-09-30
6559289,[Therapeutic touch].,https://pubmed.ncbi.nlm.nih.gov/6559289/,NO_ABSTRACT_SOURCE_PRIORITY,No primary abstract returned. Read title and acquire original source; no efficacy conclusion extracted.,SCREENING_PENDING,Automated metadata prioritization; no eligibility decision,2026-09-30
6566132,Re: Therapeutic touch.,https://pubmed.ncbi.nlm.nih.gov/6566132/,NO_ABSTRACT_SOURCE_PRIORITY,No primary abstract returned. Read title and acquire original source; no efficacy conclusion extracted.,SCREENING_PENDING,Automated metadata prioritization; no eligibility decision,2026-09-30
6566551,Therapeutic touch: its effects on the depressed elderly.,https://pubmed.ncbi.nlm.nih.gov/6566551/,NO_ABSTRACT_SOURCE_PRIORITY,No primary abstract returned. Read title and acquire original source; no efficacy conclusion extracted.,SCREENING_PENDING,Automated metadata prioritization; no eligibility decision,2026-09-30
6568834,Changing practice through therapeutic touch.,https://pubmed.ncbi.nlm.nih.gov/6568834/,NO_ABSTRACT_SOURCE_PRIORITY,No primary abstract returned. Read title and acquire original source; no efficacy conclusion extracted.,SCREENING_PENDING,Automated metadata prioritization; no eligibility decision,2026-09-30
6618961,Dowsing for diagnosis and treatment.,https://pubmed.ncbi.nlm.nih.gov/6618961/,NO_ABSTRACT_SOURCE_PRIORITY,No primary abstract returned. Read title and acquire original source; no efficacy conclusion extracted.,SCREENING_PENDING,Automated metadata prioritization; no eligibility decision,2026-09-30
6646188,Christian Science and the care of children.,https://pubmed.ncbi.nlm.nih.gov/6646188/,NO_ABSTRACT_SOURCE_PRIORITY,No primary abstract returned. Read title and acquire original source; no efficacy conclusion extracted.,SCREENING_PENDING,Automated metadata prioritization; no eligibility decision,2026-09-30
6646189,The position of the Christian Science church.,https://pubmed.ncbi.nlm.nih.gov/6646189/,NO_ABSTRACT_SOURCE_PRIORITY,No primary abstract returned. Read title and acquire original source; no efficacy conclusion extracted.,SCREENING_PENDING,Automated metadata prioritization; no eligibility decision,2026-09-30
6709033,Christian Science and the care of children.,https://pubmed.ncbi.nlm.nih.gov/6709033/,NO_ABSTRACT_SOURCE_PRIORITY,No primary abstract returned. Read title and acquire original source; no efficacy conclusion extracted.,SCREENING_PENDING,Automated metadata prioritization; no eligibility decision,2026-09-30
6748195,Teaching touch at medical school.,https://pubmed.ncbi.nlm.nih.gov/6748195/,ABSTRACT_SCREENING_PRIORITY,Available abstract needs eligibility review; metadata hint is not an inclusion/exclusion decision.,SCREENING_PENDING,Automated metadata prioritization; no eligibility decision,2026-09-30
6861063,Spontaneous rupture of the quadriceps tendon and patellar ligament during treatment for chronic renal failure.,https://pubmed.ncbi.nlm.nih.gov/6861063/,ABSTRACT_SCREENING_PRIORITY,Available abstract needs eligibility review; metadata hint is not an inclusion/exclusion decision.,SCREENING_PENDING,Automated metadata prioritization; no eligibility decision,2026-09-30
6898066,A skeptic's guide to therapeutic touch.,https://pubmed.ncbi.nlm.nih.gov/6898066/,NO_ABSTRACT_SOURCE_PRIORITY,No primary abstract returned. Read title and acquire original source; no efficacy conclusion extracted.,SCREENING_PENDING,Automated metadata prioritization; no eligibility decision,2026-09-30
6906014,Effect of therapeutic touch on anxiety level of hospitalized patients.,https://pubmed.ncbi.nlm.nih.gov/6906014/,ABSTRACT_SCREENING_PRIORITY,Available abstract needs eligibility review; metadata hint is not an inclusion/exclusion decision.,SCREENING_PENDING,Automated metadata prioritization; no eligibility decision,2026-09-30
6949070,Therapeutic touch: a natural potential for nurses.,https://pubmed.ncbi.nlm.nih.gov/6949070/,NO_ABSTRACT_SOURCE_PRIORITY,No primary abstract returned. Read title and acquire original source; no efficacy conclusion extracted.,SCREENING_PENDING,Automated metadata prioritization; no eligibility decision,2026-09-30
6949071,Therapeutic touch workshop.,https://pubmed.ncbi.nlm.nih.gov/6949071/,NO_ABSTRACT_SOURCE_PRIORITY,No primary abstract returned. Read title and acquire original source; no efficacy conclusion extracted.,SCREENING_PENDING,Automated metadata prioritization; no eligibility decision,2026-09-30
6985755,Christian Science visited.,https://pubmed.ncbi.nlm.nih.gov/6985755/,ABSTRACT_SCREENING_PRIORITY,Available abstract needs eligibility review; metadata hint is not an inclusion/exclusion decision.,SCREENING_PENDING,Automated metadata prioritization; no eligibility decision,2026-09-30
6992355,Therapeutic touch: a facilitator of pain relief.,https://pubmed.ncbi.nlm.nih.gov/6992355/,NO_ABSTRACT_SOURCE_PRIORITY,No primary abstract returned. Read title and acquire original source; no efficacy conclusion extracted.,SCREENING_PENDING,Automated metadata prioritization; no eligibility decision,2026-09-30
7036890,A stereotactic frame for trigeminal ganglionectomy.,https://pubmed.ncbi.nlm.nih.gov/7036890/,ABSTRACT_SCREENING_PRIORITY,Available abstract needs eligibility review; metadata hint is not an inclusion/exclusion decision.,SCREENING_PENDING,Automated metadata prioritization; no eligibility decision,2026-09-30
7408525,Non-medical treatments and their outcomes.,https://pubmed.ncbi.nlm.nih.gov/7408525/,MANUALLY_REVIEWED_RECORD,Follow-up observations at a Mexican Spiritualist temple report more failures than successes and describe symbolic/tactile practices. No comparator or effect counts in abstract; cultural specificity limits transfer to other Spiritualist lineages.,PRIMARY_RECORD_REVIEWED,ILMB single-reviewer primary-record review,2026-09-30
7454889,Christian Scientists beliefs about the role of suggestion in illness and healing.,https://pubmed.ncbi.nlm.nih.gov/7454889/,NO_ABSTRACT_SOURCE_PRIORITY,No primary abstract returned. Read title and acquire original source; no efficacy conclusion extracted.,SCREENING_PENDING,Automated metadata prioritization; no eligibility decision,2026-09-30
7553200,Healing patients: therapeutic touch in nursing practice.,https://pubmed.ncbi.nlm.nih.gov/7553200/,NO_ABSTRACT_SOURCE_PRIORITY,No primary abstract returned. Read title and acquire original source; no efficacy conclusion extracted.,SCREENING_PENDING,Automated metadata prioritization; no eligibility decision,2026-09-30
7579981,AHNA certification program in holistic nursing courses; AHNA certificate program in healing touch courses.,https://pubmed.ncbi.nlm.nih.gov/7579981/,NO_ABSTRACT_SOURCE_PRIORITY,No primary abstract returned. Read title and acquire original source; no efficacy conclusion extracted.,SCREENING_PENDING,Automated metadata prioritization; no eligibility decision,2026-09-30
7591719,Christian Science's right to refuse.,https://pubmed.ncbi.nlm.nih.gov/7591719/,NOTICE_CHECK_PRIORITY,Linked notice/publication type detected; reconcile original and notice before use.,SCREENING_PENDING,Automated metadata prioritization; no eligibility decision,2026-09-30
7591720,Christian Science's right to refuse.,https://pubmed.ncbi.nlm.nih.gov/7591720/,NOTICE_CHECK_PRIORITY,Linked notice/publication type detected; reconcile original and notice before use.,SCREENING_PENDING,Automated metadata prioritization; no eligibility decision,2026-09-30
7591724,Christian Science's right to refuse.,https://pubmed.ncbi.nlm.nih.gov/7591724/,NOTICE_CHECK_PRIORITY,Linked notice/publication type detected; reconcile original and notice before use.,SCREENING_PENDING,Automated metadata prioritization; no eligibility decision,2026-09-30
7591725,Christian Science's right to refuse.,https://pubmed.ncbi.nlm.nih.gov/7591725/,NOTICE_CHECK_PRIORITY,Linked notice/publication type detected; reconcile original and notice before use.,SCREENING_PENDING,Automated metadata prioritization; no eligibility decision,2026-09-30
7599715,Wound healing with noncontact therapeutic touch used as an adjunct therapy.,https://pubmed.ncbi.nlm.nih.gov/7599715/,ABSTRACT_SCREENING_PRIORITY,Available abstract needs eligibility review; metadata hint is not an inclusion/exclusion decision.,SCREENING_PENDING,Automated metadata prioritization; no eligibility decision,2026-09-30
7604857,Therapeutic touch: fuzzy metaphysics.,https://pubmed.ncbi.nlm.nih.gov/7604857/,NO_ABSTRACT_SOURCE_PRIORITY,No primary abstract returned. Read title and acquire original source; no efficacy conclusion extracted.,SCREENING_PENDING,Automated metadata prioritization; no eligibility decision,2026-09-30
7613708,Therapeutic touch--what happens when a skeptical nurse takes on pseudo nursing?,https://pubmed.ncbi.nlm.nih.gov/7613708/,NO_ABSTRACT_SOURCE_PRIORITY,No primary abstract returned. Read title and acquire original source; no efficacy conclusion extracted.,SCREENING_PENDING,Automated metadata prioritization; no eligibility decision,2026-09-30
7615916,Interventions for decreasing agitation behaviors in persons with dementia.,https://pubmed.ncbi.nlm.nih.gov/7615916/,EMPIRICAL_REVIEW_PRIORITY,"Trial/pilot metadata found. Confirm named modality, design, outcomes and eligibility from primary material.",SCREENING_PENDING,Automated metadata prioritization; no eligibility decision,2026-09-30
7624532,. . . more on therapeutic touch.,https://pubmed.ncbi.nlm.nih.gov/7624532/,NOTICE_CHECK_PRIORITY,Linked notice/publication type detected; reconcile original and notice before use.,SCREENING_PENDING,Automated metadata prioritization; no eligibility decision,2026-09-30
7624534,. . . more on therapeutic touch.,https://pubmed.ncbi.nlm.nih.gov/7624534/,NOTICE_CHECK_PRIORITY,Linked notice/publication type detected; reconcile original and notice before use.,SCREENING_PENDING,Automated metadata prioritization; no eligibility decision,2026-09-30
7624535,. . . more on therapeutic touch.,https://pubmed.ncbi.nlm.nih.gov/7624535/,NOTICE_CHECK_PRIORITY,Linked notice/publication type detected; reconcile original and notice before use.,SCREENING_PENDING,Automated metadata prioritization; no eligibility decision,2026-09-30
7624536,. . . more on therapeutic touch.,https://pubmed.ncbi.nlm.nih.gov/7624536/,NO_ABSTRACT_SOURCE_PRIORITY,No primary abstract returned. Read title and acquire original source; no efficacy conclusion extracted.,SCREENING_PENDING,Automated metadata prioritization; no eligibility decision,2026-09-30
7624727,Therapeutic touch and mastectomy: a case study.,https://pubmed.ncbi.nlm.nih.gov/7624727/,NO_ABSTRACT_SOURCE_PRIORITY,No primary abstract returned. Read title and acquire original source; no efficacy conclusion extracted.,SCREENING_PENDING,Automated metadata prioritization; no eligibility decision,2026-09-30
7626921,AHNA certificate program in holistic nursing courses. AHNA certificate program in healing touch courses.,https://pubmed.ncbi.nlm.nih.gov/7626921/,NO_ABSTRACT_SOURCE_PRIORITY,No primary abstract returned. Read title and acquire original source; no efficacy conclusion extracted.,SCREENING_PENDING,Automated metadata prioritization; no eligibility decision,2026-09-30
7630758,Arthritis: healing touch?,https://pubmed.ncbi.nlm.nih.gov/7630758/,NO_ABSTRACT_SOURCE_PRIORITY,No primary abstract returned. Read title and acquire original source; no efficacy conclusion extracted.,SCREENING_PENDING,Automated metadata prioritization; no eligibility decision,2026-09-30
7630817,The healing touch.,https://pubmed.ncbi.nlm.nih.gov/7630817/,NO_ABSTRACT_SOURCE_PRIORITY,No primary abstract returned. Read title and acquire original source; no efficacy conclusion extracted.,SCREENING_PENDING,Automated metadata prioritization; no eligibility decision,2026-09-30
7647512,AHNA certificate program in holistic nursing courses; AHNA certificate program in healing touch courses.,https://pubmed.ncbi.nlm.nih.gov/7647512/,NO_ABSTRACT_SOURCE_PRIORITY,No primary abstract returned. Read title and acquire original source; no efficacy conclusion extracted.,SCREENING_PENDING,Automated metadata prioritization; no eligibility decision,2026-09-30
7706066,Anxiety and therapeutic touch.,https://pubmed.ncbi.nlm.nih.gov/7706066/,EMPIRICAL_REVIEW_PRIORITY,"Trial/pilot metadata found. Confirm named modality, design, outcomes and eligibility from primary material.",SCREENING_PENDING,Automated metadata prioritization; no eligibility decision,2026-09-30
7719051,AHNA certificate program in holistic nursing courses. AHNA certificate program in healing touch courses.,https://pubmed.ncbi.nlm.nih.gov/7719051/,NO_ABSTRACT_SOURCE_PRIORITY,No primary abstract returned. Read title and acquire original source; no efficacy conclusion extracted.,SCREENING_PENDING,Automated metadata prioritization; no eligibility decision,2026-09-30
7722274,An ever increasing knowledge base in support of therapeutic touch.,https://pubmed.ncbi.nlm.nih.gov/7722274/,NO_ABSTRACT_SOURCE_PRIORITY,No primary abstract returned. Read title and acquire original source; no efficacy conclusion extracted.,SCREENING_PENDING,Automated metadata prioritization; no eligibility decision,2026-09-30
7754098,Re: Therapeutic touch.,https://pubmed.ncbi.nlm.nih.gov/7754098/,NOTICE_CHECK_PRIORITY,Linked notice/publication type detected; reconcile original and notice before use.,SCREENING_PENDING,Automated metadata prioritization; no eligibility decision,2026-09-30
7754099,Therapeutic touch.,https://pubmed.ncbi.nlm.nih.gov/7754099/,NOTICE_CHECK_PRIORITY,Linked notice/publication type detected; reconcile original and notice before use.,SCREENING_PENDING,Automated metadata prioritization; no eligibility decision,2026-09-30
7755027,Complementary modalities. Part 1. Discover the healing power of therapeutic touch.,https://pubmed.ncbi.nlm.nih.gov/7755027/,NOTICE_CHECK_PRIORITY,Linked notice/publication type detected; reconcile original and notice before use.,SCREENING_PENDING,Automated metadata prioritization; no eligibility decision,2026-09-30
7772929,AHNA certificate program in holistic nursing courses: AHNA certificate program in healing touch courses.,https://pubmed.ncbi.nlm.nih.gov/7772929/,NO_ABSTRACT_SOURCE_PRIORITY,No primary abstract returned. Read title and acquire original source; no efficacy conclusion extracted.,SCREENING_PENDING,Automated metadata prioritization; no eligibility decision,2026-09-30
7772932,AHNA certificate program in holistic nursing courses; AHNA certificate program in healing touch courses.,https://pubmed.ncbi.nlm.nih.gov/7772932/,NO_ABSTRACT_SOURCE_PRIORITY,No primary abstract returned. Read title and acquire original source; no efficacy conclusion extracted.,SCREENING_PENDING,Automated metadata prioritization; no eligibility decision,2026-09-30
7792512,The basics of therapeutic touch.,https://pubmed.ncbi.nlm.nih.gov/7792512/,NO_ABSTRACT_SOURCE_PRIORITY,No primary abstract returned. Read title and acquire original source; no efficacy conclusion extracted.,SCREENING_PENDING,Automated metadata prioritization; no eligibility decision,2026-09-30
7795336,AHNA certificate program in holistic nursing courses. ANHA certificate program in healing touch courses.,https://pubmed.ncbi.nlm.nih.gov/7795336/,NO_ABSTRACT_SOURCE_PRIORITY,No primary abstract returned. Read title and acquire original source; no efficacy conclusion extracted.,SCREENING_PENDING,Automated metadata prioritization; no eligibility decision,2026-09-30
7829307,"Christian Science healing of minor children: spiritual exemption statutes, first amendment rights, and fair notice.",https://pubmed.ncbi.nlm.nih.gov/7829307/,REVIEW_CITATION_PRIORITY,Review metadata found. Consider citation chasing; do not count as independent primary replication.,SCREENING_PENDING,Automated metadata prioritization; no eligibility decision,2026-09-30
7843869,Complementary healing therapies.,https://pubmed.ncbi.nlm.nih.gov/7843869/,EMPIRICAL_REVIEW_PRIORITY,"Trial/pilot metadata found. Confirm named modality, design, outcomes and eligibility from primary material.",SCREENING_PENDING,Automated metadata prioritization; no eligibility decision,2026-09-30
7843870,The psychophysiology of nontraditional prayer.,https://pubmed.ncbi.nlm.nih.gov/7843870/,EMPIRICAL_REVIEW_PRIORITY,"Trial/pilot metadata found. Confirm named modality, design, outcomes and eligibility from primary material.",SCREENING_PENDING,Automated metadata prioritization; no eligibility decision,2026-09-30
7849997,Reiki--healing and dealing.,https://pubmed.ncbi.nlm.nih.gov/7849997/,NO_ABSTRACT_SOURCE_PRIORITY,No primary abstract returned. Read title and acquire original source; no efficacy conclusion extracted.,SCREENING_PENDING,Automated metadata prioritization; no eligibility decision,2026-09-30
7854695,Healing touch.,https://pubmed.ncbi.nlm.nih.gov/7854695/,NO_ABSTRACT_SOURCE_PRIORITY,No primary abstract returned. Read title and acquire original source; no efficacy conclusion extracted.,SCREENING_PENDING,Automated metadata prioritization; no eligibility decision,2026-09-30
7862775,Meditation and college students' self-actualization and rated stress.,https://pubmed.ncbi.nlm.nih.gov/7862775/,ABSTRACT_SCREENING_PRIORITY,Available abstract needs eligibility review; metadata hint is not an inclusion/exclusion decision.,SCREENING_PENDING,Automated metadata prioritization; no eligibility decision,2026-09-30
7863841,Effect of artificial and human external qigong on electroencephalograms in rabbit and spontaneous electrical activity of the rat pineal gland.,https://pubmed.ncbi.nlm.nih.gov/7863841/,ABSTRACT_SCREENING_PRIORITY,Available abstract needs eligibility review; metadata hint is not an inclusion/exclusion decision.,SCREENING_PENDING,Automated metadata prioritization; no eligibility decision,2026-09-30
7865968,AHNA certificate program in holistic nursing courses. AHNA certificate program in healing touch courses.,https://pubmed.ncbi.nlm.nih.gov/7865968/,NO_ABSTRACT_SOURCE_PRIORITY,No primary abstract returned. Read title and acquire original source; no efficacy conclusion extracted.,SCREENING_PENDING,Automated metadata prioritization; no eligibility decision,2026-09-30
7881376,"Outbreak of measles among Christian Science students--Missouri and Illinois, 1994.",https://pubmed.ncbi.nlm.nih.gov/7881376/,NO_ABSTRACT_SOURCE_PRIORITY,No primary abstract returned. Read title and acquire original source; no efficacy conclusion extracted.,SCREENING_PENDING,Automated metadata prioritization; no eligibility decision,2026-09-30
7919747,AHNA certificate program in holistic nursing courses; AHNA certificate program in healing touch courses.,https://pubmed.ncbi.nlm.nih.gov/7919747/,NO_ABSTRACT_SOURCE_PRIORITY,No primary abstract returned. Read title and acquire original source; no efficacy conclusion extracted.,SCREENING_PENDING,Automated metadata prioritization; no eligibility decision,2026-09-30
7937002,A naturalistic inquiry of post-operative pain after therapeutic touch.,https://pubmed.ncbi.nlm.nih.gov/7937002/,NO_ABSTRACT_SOURCE_PRIORITY,No primary abstract returned. Read title and acquire original source; no efficacy conclusion extracted.,SCREENING_PENDING,Automated metadata prioritization; no eligibility decision,2026-09-30
7937013,Healing through therapeutic touch: one person's perspective.,https://pubmed.ncbi.nlm.nih.gov/7937013/,NO_ABSTRACT_SOURCE_PRIORITY,No primary abstract returned. Read title and acquire original source; no efficacy conclusion extracted.,SCREENING_PENDING,Automated metadata prioritization; no eligibility decision,2026-09-30
7949783,AHNA certificate program in holistic nursing courses. AHNA certificate programs in healing touch courses.,https://pubmed.ncbi.nlm.nih.gov/7949783/,NO_ABSTRACT_SOURCE_PRIORITY,No primary abstract returned. Read title and acquire original source; no efficacy conclusion extracted.,SCREENING_PENDING,Automated metadata prioritization; no eligibility decision,2026-09-30
7960846,Therapeutic touch in health visiting practice.,https://pubmed.ncbi.nlm.nih.gov/7960846/,ABSTRACT_SCREENING_PRIORITY,Available abstract needs eligibility review; metadata hint is not an inclusion/exclusion decision.,SCREENING_PENDING,Automated metadata prioritization; no eligibility decision,2026-09-30
7984876,Ethics in action: a preop mastectomy patient who knows a little about therapeutic touch.,https://pubmed.ncbi.nlm.nih.gov/7984876/,NO_ABSTRACT_SOURCE_PRIORITY,No primary abstract returned. Read title and acquire original source; no efficacy conclusion extracted.,SCREENING_PENDING,Automated metadata prioritization; no eligibility decision,2026-09-30
7995899,The terminally ill: serenity nursing interventions for hospice clients.,https://pubmed.ncbi.nlm.nih.gov/7995899/,ABSTRACT_SCREENING_PRIORITY,Available abstract needs eligibility review; metadata hint is not an inclusion/exclusion decision.,SCREENING_PENDING,Automated metadata prioritization; no eligibility decision,2026-09-30
7997293,Exploring the scientific bases of holistic nursing.,https://pubmed.ncbi.nlm.nih.gov/7997293/,ABSTRACT_SCREENING_PRIORITY,Available abstract needs eligibility review; metadata hint is not an inclusion/exclusion decision.,SCREENING_PENDING,Automated metadata prioritization; no eligibility decision,2026-09-30
8012249,Therapeutic touch in primary care.,https://pubmed.ncbi.nlm.nih.gov/8012249/,ABSTRACT_SCREENING_PRIORITY,Available abstract needs eligibility review; metadata hint is not an inclusion/exclusion decision.,SCREENING_PENDING,Automated metadata prioritization; no eligibility decision,2026-09-30
8054647,[Nursing aspects in pain treatment].,https://pubmed.ncbi.nlm.nih.gov/8054647/,ABSTRACT_SCREENING_PRIORITY,Available abstract needs eligibility review; metadata hint is not an inclusion/exclusion decision.,SCREENING_PENDING,Automated metadata prioritization; no eligibility decision,2026-09-30
8070986,Multi-site electromyographic analysis of non-contact therapeutic touch.,https://pubmed.ncbi.nlm.nih.gov/8070986/,EMPIRICAL_REVIEW_PRIORITY,"Trial/pilot metadata found. Confirm named modality, design, outcomes and eligibility from primary material.",SCREENING_PENDING,Automated metadata prioritization; no eligibility decision,2026-09-30
8080307,The effects of therapeutic touch and relaxation therapy in reducing anxiety.,https://pubmed.ncbi.nlm.nih.gov/8080307/,EMPIRICAL_REVIEW_PRIORITY,"Trial/pilot metadata found. Confirm named modality, design, outcomes and eligibility from primary material.",SCREENING_PENDING,Automated metadata prioritization; no eligibility decision,2026-09-30
8081083,AHNA certificate program in holistic nursing courses; AHNA certificate program in healing touch courses.,https://pubmed.ncbi.nlm.nih.gov/8081083/,NO_ABSTRACT_SOURCE_PRIORITY,No primary abstract returned. Read title and acquire original source; no efficacy conclusion extracted.,SCREENING_PENDING,Automated metadata prioritization; no eligibility decision,2026-09-30
8116030,Therapeutic touch. A holistic approach to perioperative nursing (continuing education credit).,https://pubmed.ncbi.nlm.nih.gov/8116030/,ABSTRACT_SCREENING_PRIORITY,Available abstract needs eligibility review; metadata hint is not an inclusion/exclusion decision.,SCREENING_PENDING,Automated metadata prioritization; no eligibility decision,2026-09-30
8123527,Complementary therapies. Therapeutic touch: a nursing function.,https://pubmed.ncbi.nlm.nih.gov/8123527/,ABSTRACT_SCREENING_PRIORITY,Available abstract needs eligibility review; metadata hint is not an inclusion/exclusion decision.,SCREENING_PENDING,Automated metadata prioritization; no eligibility decision,2026-09-30
8155911,AHNA certificate program in holistic nursing courses: AHNA certificate program in healing touch courses.,https://pubmed.ncbi.nlm.nih.gov/8155911/,NO_ABSTRACT_SOURCE_PRIORITY,No primary abstract returned. Read title and acquire original source; no efficacy conclusion extracted.,SCREENING_PENDING,Automated metadata prioritization; no eligibility decision,2026-09-30
8173282,Use of massage in clinical practice.,https://pubmed.ncbi.nlm.nih.gov/8173282/,ABSTRACT_SCREENING_PRIORITY,Available abstract needs eligibility review; metadata hint is not an inclusion/exclusion decision.,SCREENING_PENDING,Automated metadata prioritization; no eligibility decision,2026-09-30
8195575,Nursing diagnosis and natural therapies. A symbiotic relationship.,https://pubmed.ncbi.nlm.nih.gov/8195575/,ABSTRACT_SCREENING_PRIORITY,Available abstract needs eligibility review; metadata hint is not an inclusion/exclusion decision.,SCREENING_PENDING,Automated metadata prioritization; no eligibility decision,2026-09-30
8208236,"Outbreak of measles among Christian Science students--Missouri and Illinois, 1994.",https://pubmed.ncbi.nlm.nih.gov/8208236/,ABSTRACT_SCREENING_PRIORITY,Available abstract needs eligibility review; metadata hint is not an inclusion/exclusion decision.,SCREENING_PENDING,Automated metadata prioritization; no eligibility decision,2026-09-30
8219622,AHNA certificate program in holistic nursing courses. AHNA certificate program in healing touch courses.,https://pubmed.ncbi.nlm.nih.gov/8219622/,NO_ABSTRACT_SOURCE_PRIORITY,No primary abstract returned. Read title and acquire original source; no efficacy conclusion extracted.,SCREENING_PENDING,Automated metadata prioritization; no eligibility decision,2026-09-30
8220197,Effects of therapeutic touch on anxiety in the institutionalized elderly.,https://pubmed.ncbi.nlm.nih.gov/8220197/,EMPIRICAL_REVIEW_PRIORITY,"Trial/pilot metadata found. Confirm named modality, design, outcomes and eligibility from primary material.",SCREENING_PENDING,Automated metadata prioritization; no eligibility decision,2026-09-30
8228136,The child's perception of the human energy field using Therapeutic Touch.,https://pubmed.ncbi.nlm.nih.gov/8228136/,ABSTRACT_SCREENING_PRIORITY,Available abstract needs eligibility review; metadata hint is not an inclusion/exclusion decision.,SCREENING_PENDING,Automated metadata prioritization; no eligibility decision,2026-09-30
8233874,Therapeutic touch.,https://pubmed.ncbi.nlm.nih.gov/8233874/,NO_ABSTRACT_SOURCE_PRIORITY,No primary abstract returned. Read title and acquire original source; no efficacy conclusion extracted.,SCREENING_PENDING,Automated metadata prioritization; no eligibility decision,2026-09-30
8240768,The use of touch in nursing practice.,https://pubmed.ncbi.nlm.nih.gov/8240768/,ABSTRACT_SCREENING_PRIORITY,Available abstract needs eligibility review; metadata hint is not an inclusion/exclusion decision.,SCREENING_PENDING,Automated metadata prioritization; no eligibility decision,2026-09-30
8245084,"Central grafting for persistent nonunion of the tibia. A lateral approach to the tibia, creating a central compartment.",https://pubmed.ncbi.nlm.nih.gov/8245084/,NOTICE_CHECK_PRIORITY,Linked notice/publication type detected; reconcile original and notice before use.,SCREENING_PENDING,Automated metadata prioritization; no eligibility decision,2026-09-30
8263083,Use of alternative health therapies by people with multiple sclerosis: an exploratory study.,https://pubmed.ncbi.nlm.nih.gov/8263083/,ABSTRACT_SCREENING_PRIORITY,Available abstract needs eligibility review; metadata hint is not an inclusion/exclusion decision.,SCREENING_PENDING,Automated metadata prioritization; no eligibility decision,2026-09-30
8278089,Therapeutic touch for the elderly.,https://pubmed.ncbi.nlm.nih.gov/8278089/,NO_ABSTRACT_SOURCE_PRIORITY,No primary abstract returned. Read title and acquire original source; no efficacy conclusion extracted.,SCREENING_PENDING,Automated metadata prioritization; no eligibility decision,2026-09-30
8322556,Holistic nursing: therapeutic touch.,https://pubmed.ncbi.nlm.nih.gov/8322556/,NO_ABSTRACT_SOURCE_PRIORITY,No primary abstract returned. Read title and acquire original source; no efficacy conclusion extracted.,SCREENING_PENDING,Automated metadata prioritization; no eligibility decision,2026-09-30
8326484,Therapeutic touch: can we trust the data?,https://pubmed.ncbi.nlm.nih.gov/8326484/,NO_ABSTRACT_SOURCE_PRIORITY,No primary abstract returned. Read title and acquire original source; no efficacy conclusion extracted.,SCREENING_PENDING,Automated metadata prioritization; no eligibility decision,2026-09-30
8364296,AHNA certificate program in holistic nursing courses. AHNA certificate program in healing touch courses.,https://pubmed.ncbi.nlm.nih.gov/8364296/,NO_ABSTRACT_SOURCE_PRIORITY,No primary abstract returned. Read title and acquire original source; no efficacy conclusion extracted.,SCREENING_PENDING,Automated metadata prioritization; no eligibility decision,2026-09-30
8409352,Healing touch as a nursing intervention: wound infection following cesarean birth--an anecdotal case study.,https://pubmed.ncbi.nlm.nih.gov/8409352/,ABSTRACT_SCREENING_PRIORITY,Available abstract needs eligibility review; metadata hint is not an inclusion/exclusion decision.,SCREENING_PENDING,Automated metadata prioritization; no eligibility decision,2026-09-30
8411508,Christian Science church loses first civil suit on wrongful death of a child.,https://pubmed.ncbi.nlm.nih.gov/8411508/,NO_ABSTRACT_SOURCE_PRIORITY,No primary abstract returned. Read title and acquire original source; no efficacy conclusion extracted.,SCREENING_PENDING,Automated metadata prioritization; no eligibility decision,2026-09-30
8425174,[In search of nursing practices].,https://pubmed.ncbi.nlm.nih.gov/8425174/,ABSTRACT_SCREENING_PRIORITY,Available abstract needs eligibility review; metadata hint is not an inclusion/exclusion decision.,SCREENING_PENDING,Automated metadata prioritization; no eligibility decision,2026-09-30
8437138,Technique integration. Therapeutic touch and theory-based mental health nursing.,https://pubmed.ncbi.nlm.nih.gov/8437138/,ABSTRACT_SCREENING_PRIORITY,Available abstract needs eligibility review; metadata hint is not an inclusion/exclusion decision.,SCREENING_PENDING,Automated metadata prioritization; no eligibility decision,2026-09-30
8493960,Pressure sores in a Christian Science sanatorium.,https://pubmed.ncbi.nlm.nih.gov/8493960/,ABSTRACT_SCREENING_PRIORITY,Available abstract needs eligibility review; metadata hint is not an inclusion/exclusion decision.,SCREENING_PENDING,Automated metadata prioritization; no eligibility decision,2026-09-30
8502438,Therapeutic touch and postoperative pain: a Rogerian research study.,https://pubmed.ncbi.nlm.nih.gov/8502438/,EMPIRICAL_REVIEW_PRIORITY,"Trial/pilot metadata found. Confirm named modality, design, outcomes and eligibility from primary material.",SCREENING_PENDING,Automated metadata prioritization; no eligibility decision,2026-09-30
8512301,Psychoimmunologic effects of therapeutic touch on practitioners and recently bereaved recipients: a pilot study.,https://pubmed.ncbi.nlm.nih.gov/8512301/,EMPIRICAL_REVIEW_PRIORITY,"Trial/pilot metadata found. Confirm named modality, design, outcomes and eligibility from primary material.",SCREENING_PENDING,Automated metadata prioritization; no eligibility decision,2026-09-30
8535577,The gentle touch.,https://pubmed.ncbi.nlm.nih.gov/8535577/,EMPIRICAL_REVIEW_PRIORITY,"Trial/pilot metadata found. Confirm named modality, design, outcomes and eligibility from primary material.",SCREENING_PENDING,Automated metadata prioritization; no eligibility decision,2026-09-30
8545679,The cultural production of Bioterapia: psychic healing and the natural medicine movement in Slovakia.,https://pubmed.ncbi.nlm.nih.gov/8545679/,ABSTRACT_SCREENING_PRIORITY,Available abstract needs eligibility review; metadata hint is not an inclusion/exclusion decision.,SCREENING_PENDING,Automated metadata prioritization; no eligibility decision,2026-09-30
8552806,Re: Therapeutic touch..,https://pubmed.ncbi.nlm.nih.gov/8552806/,NOTICE_CHECK_PRIORITY,Linked notice/publication type detected; reconcile original and notice before use.,SCREENING_PENDING,Automated metadata prioritization; no eligibility decision,2026-09-30
8582812,Complementary healing intervention and dermal wound reepithelialization: an overview.,https://pubmed.ncbi.nlm.nih.gov/8582812/,EMPIRICAL_REVIEW_PRIORITY,"Trial/pilot metadata found. Confirm named modality, design, outcomes and eligibility from primary material.",SCREENING_PENDING,Automated metadata prioritization; no eligibility decision,2026-09-30
8685612,Reiki: an ancient touch therapy.,https://pubmed.ncbi.nlm.nih.gov/8685612/,NO_ABSTRACT_SOURCE_PRIORITY,No primary abstract returned. Read title and acquire original source; no efficacy conclusion extracted.,SCREENING_PENDING,Automated metadata prioritization; no eligibility decision,2026-09-30
8690446,Comparison of nurses and alternative healers.,https://pubmed.ncbi.nlm.nih.gov/8690446/,NOTICE_CHECK_PRIORITY,Linked notice/publication type detected; reconcile original and notice before use.,SCREENING_PENDING,Automated metadata prioritization; no eligibility decision,2026-09-30
8692390,Percutaneous radiofrequency upper thoracic sympathectomy.,https://pubmed.ncbi.nlm.nih.gov/8692390/,NOTICE_CHECK_PRIORITY,Linked notice/publication type detected; reconcile original and notice before use.,SCREENING_PENDING,Automated metadata prioritization; no eligibility decision,2026-09-30
8695945,Four hugs a day using therapeutic touch.,https://pubmed.ncbi.nlm.nih.gov/8695945/,ABSTRACT_SCREENING_PRIORITY,Available abstract needs eligibility review; metadata hint is not an inclusion/exclusion decision.,SCREENING_PENDING,Automated metadata prioritization; no eligibility decision,2026-09-30
8695974,Certificate program in holistic nursing. Healing touch workshops 1996. 1996 aromatherapy schedule.,https://pubmed.ncbi.nlm.nih.gov/8695974/,NO_ABSTRACT_SOURCE_PRIORITY,No primary abstract returned. Read title and acquire original source; no efficacy conclusion extracted.,SCREENING_PENDING,Automated metadata prioritization; no eligibility decision,2026-09-30
8698982,Therapeutic touch with adolescent psychiatric patients.,https://pubmed.ncbi.nlm.nih.gov/8698982/,ABSTRACT_SCREENING_PRIORITY,Available abstract needs eligibility review; metadata hint is not an inclusion/exclusion decision.,SCREENING_PENDING,Automated metadata prioritization; no eligibility decision,2026-09-30
8700295,Healing touch: its importance in the art of nursing.,https://pubmed.ncbi.nlm.nih.gov/8700295/,NO_ABSTRACT_SOURCE_PRIORITY,No primary abstract returned. Read title and acquire original source; no efficacy conclusion extracted.,SCREENING_PENDING,Automated metadata prioritization; no eligibility decision,2026-09-30
8704369,Certificate program in holistic nursing. Healing touch workshops.,https://pubmed.ncbi.nlm.nih.gov/8704369/,NO_ABSTRACT_SOURCE_PRIORITY,No primary abstract returned. Read title and acquire original source; no efficacy conclusion extracted.,SCREENING_PENDING,Automated metadata prioritization; no eligibility decision,2026-09-30
8709454,Christian Science and emergency care: a case of reconciling conflicting beliefs.,https://pubmed.ncbi.nlm.nih.gov/8709454/,NO_ABSTRACT_SOURCE_PRIORITY,No primary abstract returned. Read title and acquire original source; no efficacy conclusion extracted.,SCREENING_PENDING,Automated metadata prioritization; no eligibility decision,2026-09-30
8715891,Passage meditation and the use of a mantram.,https://pubmed.ncbi.nlm.nih.gov/8715891/,NO_ABSTRACT_SOURCE_PRIORITY,No primary abstract returned. Read title and acquire original source; no efficacy conclusion extracted.,SCREENING_PENDING,Automated metadata prioritization; no eligibility decision,2026-09-30
8715987,Certificate program in holistic nursing. Healing touch schedule.,https://pubmed.ncbi.nlm.nih.gov/8715987/,NO_ABSTRACT_SOURCE_PRIORITY,No primary abstract returned. Read title and acquire original source; no efficacy conclusion extracted.,SCREENING_PENDING,Automated metadata prioritization; no eligibility decision,2026-09-30
8795925,"Janet Quinn, RN, PhD. Therapeutic touch and a healing way. Interview by Bonnie Horrigan.",https://pubmed.ncbi.nlm.nih.gov/8795925/,ABSTRACT_SCREENING_PRIORITY,Available abstract needs eligibility review; metadata hint is not an inclusion/exclusion decision.,SCREENING_PENDING,Automated metadata prioritization; no eligibility decision,2026-09-30
8801510,Psychoneuroimmunology and innovative behavioral interventions in patients with leukemia.,https://pubmed.ncbi.nlm.nih.gov/8801510/,NOTICE_CHECK_PRIORITY,Linked notice/publication type detected; reconcile original and notice before use.,SCREENING_PENDING,Automated metadata prioritization; no eligibility decision,2026-09-30
8807962,[Teaching therapeutic touch: report of an experience].,https://pubmed.ncbi.nlm.nih.gov/8807962/,ABSTRACT_SCREENING_PRIORITY,Available abstract needs eligibility review; metadata hint is not an inclusion/exclusion decision.,SCREENING_PENDING,Automated metadata prioritization; no eligibility decision,2026-09-30
8820318,Therapeutic touch: a healing modality.,https://pubmed.ncbi.nlm.nih.gov/8820318/,NOTICE_CHECK_PRIORITY,Linked notice/publication type detected; reconcile original and notice before use.,SCREENING_PENDING,Automated metadata prioritization; no eligibility decision,2026-09-30
8820319,Nursing grand rounds.,https://pubmed.ncbi.nlm.nih.gov/8820319/,ABSTRACT_SCREENING_PRIORITY,Available abstract needs eligibility review; metadata hint is not an inclusion/exclusion decision.,SCREENING_PENDING,Automated metadata prioritization; no eligibility decision,2026-09-30
8850427,Characteristics of a dedicated linear accelerator-based stereotactic radiosurgery-radiotherapy unit.,https://pubmed.ncbi.nlm.nih.gov/8850427/,ABSTRACT_SCREENING_PRIORITY,Available abstract needs eligibility review; metadata hint is not an inclusion/exclusion decision.,SCREENING_PENDING,Automated metadata prioritization; no eligibility decision,2026-09-30
8871984,Complementary therapies: an adjunct to traditional therapies.,https://pubmed.ncbi.nlm.nih.gov/8871984/,ABSTRACT_SCREENING_PRIORITY,Available abstract needs eligibility review; metadata hint is not an inclusion/exclusion decision.,SCREENING_PENDING,Automated metadata prioritization; no eligibility decision,2026-09-30
8883065,Reader questions discussion of therapeutic touch.,https://pubmed.ncbi.nlm.nih.gov/8883065/,NOTICE_CHECK_PRIORITY,Linked notice/publication type detected; reconcile original and notice before use.,SCREENING_PENDING,Automated metadata prioritization; no eligibility decision,2026-09-30
8914686,"Comparisons of pain relief mechanisms between needling to the muscle, static magnetic field, external qigong and needling to the acupuncture point.",https://pubmed.ncbi.nlm.nih.gov/8914686/,ABSTRACT_SCREENING_PRIORITY,Available abstract needs eligibility review; metadata hint is not an inclusion/exclusion decision.,SCREENING_PENDING,Automated metadata prioritization; no eligibility decision,2026-09-30
8920548,[Therapeutic touch in palliative care].,https://pubmed.ncbi.nlm.nih.gov/8920548/,EMPIRICAL_REVIEW_PRIORITY,"Trial/pilot metadata found. Confirm named modality, design, outcomes and eligibility from primary material.",SCREENING_PENDING,Automated metadata prioritization; no eligibility decision,2026-09-30
8920552,Healing hands.,https://pubmed.ncbi.nlm.nih.gov/8920552/,ABSTRACT_SCREENING_PRIORITY,Available abstract needs eligibility review; metadata hint is not an inclusion/exclusion decision.,SCREENING_PENDING,Automated metadata prioritization; no eligibility decision,2026-09-30
8945180,The clinical practice of healing touch.,https://pubmed.ncbi.nlm.nih.gov/8945180/,NO_ABSTRACT_SOURCE_PRIORITY,No primary abstract returned. Read title and acquire original source; no efficacy conclusion extracted.,SCREENING_PENDING,Automated metadata prioritization; no eligibility decision,2026-09-30
8949197,Therapeutic touch in home healthcare: one nurse's experience.,https://pubmed.ncbi.nlm.nih.gov/8949197/,ABSTRACT_SCREENING_PRIORITY,Available abstract needs eligibility review; metadata hint is not an inclusion/exclusion decision.,SCREENING_PENDING,Automated metadata prioritization; no eligibility decision,2026-09-30
9001078,"If therapeutic touch works, prove it!",https://pubmed.ncbi.nlm.nih.gov/9001078/,NO_ABSTRACT_SOURCE_PRIORITY,No primary abstract returned. Read title and acquire original source; no efficacy conclusion extracted.,SCREENING_PENDING,Automated metadata prioritization; no eligibility decision,2026-09-30
9004697,The operating room of the future.,https://pubmed.ncbi.nlm.nih.gov/9004697/,ABSTRACT_SCREENING_PRIORITY,Available abstract needs eligibility review; metadata hint is not an inclusion/exclusion decision.,SCREENING_PENDING,Automated metadata prioritization; no eligibility decision,2026-09-30
9006250,[Hospital nursing conducted according to Rogers' theory. The participating process of human field patterning in a clinical environment].,https://pubmed.ncbi.nlm.nih.gov/9006250/,ABSTRACT_SCREENING_PRIORITY,Available abstract needs eligibility review; metadata hint is not an inclusion/exclusion decision.,SCREENING_PENDING,Automated metadata prioritization; no eligibility decision,2026-09-30
9032146,Justice Department calls medicare payments to Christian Science sanitoria unconstitutional.,https://pubmed.ncbi.nlm.nih.gov/9032146/,NO_ABSTRACT_SOURCE_PRIORITY,No primary abstract returned. Read title and acquire original source; no efficacy conclusion extracted.,SCREENING_PENDING,Automated metadata prioritization; no eligibility decision,2026-09-30
9061991,Stress-induced immunosuppression and therapeutic touch.,https://pubmed.ncbi.nlm.nih.gov/9061991/,ABSTRACT_SCREENING_PRIORITY,Available abstract needs eligibility review; metadata hint is not an inclusion/exclusion decision.,SCREENING_PENDING,Automated metadata prioritization; no eligibility decision,2026-09-30
9069762,Reiki: a complementary therapy for life.,https://pubmed.ncbi.nlm.nih.gov/9069762/,ABSTRACT_SCREENING_PRIORITY,Available abstract needs eligibility review; metadata hint is not an inclusion/exclusion decision.,SCREENING_PENDING,Automated metadata prioritization; no eligibility decision,2026-09-30
9095715,Therapeutic touch--registered nurses are finding positive benefits from this complementary form of healing.,https://pubmed.ncbi.nlm.nih.gov/9095715/,NO_ABSTRACT_SOURCE_PRIORITY,No primary abstract returned. Read title and acquire original source; no efficacy conclusion extracted.,SCREENING_PENDING,Automated metadata prioritization; no eligibility decision,2026-09-30
9142560,A study of structure of phenomenology of consciousness in meditative and non-meditative states.,https://pubmed.ncbi.nlm.nih.gov/9142560/,ABSTRACT_SCREENING_PRIORITY,Available abstract needs eligibility review; metadata hint is not an inclusion/exclusion decision.,SCREENING_PENDING,Automated metadata prioritization; no eligibility decision,2026-09-30
9165805,The state of research on the effects of therapeutic touch.,https://pubmed.ncbi.nlm.nih.gov/9165805/,REVIEW_CITATION_PRIORITY,Review metadata found. Consider citation chasing; do not count as independent primary replication.,SCREENING_PENDING,Automated metadata prioritization; no eligibility decision,2026-09-30
9165806,The effectiveness of therapeutic touch for decreasing pain in elders with degenerative arthritis.,https://pubmed.ncbi.nlm.nih.gov/9165806/,EMPIRICAL_REVIEW_PRIORITY,"Trial/pilot metadata found. Confirm named modality, design, outcomes and eligibility from primary material.",SCREENING_PENDING,Automated metadata prioritization; no eligibility decision,2026-09-30
9188913,Impression on observing psychic surgery and healing in Brazil which appear to incorporate (+) qi gong energy & the use of acupuncture points.,https://pubmed.ncbi.nlm.nih.gov/9188913/,ABSTRACT_SCREENING_PRIORITY,Available abstract needs eligibility review; metadata hint is not an inclusion/exclusion decision.,SCREENING_PENDING,Automated metadata prioritization; no eligibility decision,2026-09-30
9204113,Electrophysiologic target localization in posteroventral pallidotomy.,https://pubmed.ncbi.nlm.nih.gov/9204113/,ABSTRACT_SCREENING_PRIORITY,Available abstract needs eligibility review; metadata hint is not an inclusion/exclusion decision.,SCREENING_PENDING,Automated metadata prioritization; no eligibility decision,2026-09-30
9225408,Health care and consumer choice: medical and alternative therapies.,https://pubmed.ncbi.nlm.nih.gov/9225408/,ABSTRACT_SCREENING_PRIORITY,Available abstract needs eligibility review; metadata hint is not an inclusion/exclusion decision.,SCREENING_PENDING,Automated metadata prioritization; no eligibility decision,2026-09-30
9233418,Incorporation of ultrasonic imaging in an optically coupled frameless stereotactic system.,https://pubmed.ncbi.nlm.nih.gov/9233418/,ABSTRACT_SCREENING_PRIORITY,Available abstract needs eligibility review; metadata hint is not an inclusion/exclusion decision.,SCREENING_PENDING,Automated metadata prioritization; no eligibility decision,2026-09-30
9272070,"Rogerian science, phantoms, and therapeutic touch: exploring potentials.",https://pubmed.ncbi.nlm.nih.gov/9272070/,REVIEW_CITATION_PRIORITY,Review metadata found. Consider citation chasing; do not count as independent primary replication.,SCREENING_PENDING,Automated metadata prioritization; no eligibility decision,2026-09-30
9287618,The experience of therapeutic touch for novice recipients.,https://pubmed.ncbi.nlm.nih.gov/9287618/,ABSTRACT_SCREENING_PRIORITY,Available abstract needs eligibility review; metadata hint is not an inclusion/exclusion decision.,SCREENING_PENDING,Automated metadata prioritization; no eligibility decision,2026-09-30
9295408,Therapeutic touch and the terminally ill: healing power through the hands.,https://pubmed.ncbi.nlm.nih.gov/9295408/,REVIEW_CITATION_PRIORITY,Review metadata found. Consider citation chasing; do not count as independent primary replication.,SCREENING_PENDING,Automated metadata prioritization; no eligibility decision,2026-09-30
9311078,A new endoscopic tool for the CRW Stereotactic System.,https://pubmed.ncbi.nlm.nih.gov/9311078/,ABSTRACT_SCREENING_PRIORITY,Available abstract needs eligibility review; metadata hint is not an inclusion/exclusion decision.,SCREENING_PENDING,Automated metadata prioritization; no eligibility decision,2026-09-30
9313008,The healing touch.,https://pubmed.ncbi.nlm.nih.gov/9313008/,NO_ABSTRACT_SOURCE_PRIORITY,No primary abstract returned. Read title and acquire original source; no efficacy conclusion extracted.,SCREENING_PENDING,Automated metadata prioritization; no eligibility decision,2026-09-30
9325725,The usefulness of therapeutic touch in the clinical setting.,https://pubmed.ncbi.nlm.nih.gov/9325725/,NO_ABSTRACT_SOURCE_PRIORITY,No primary abstract returned. Read title and acquire original source; no efficacy conclusion extracted.,SCREENING_PENDING,Automated metadata prioritization; no eligibility decision,2026-09-30
9330672,A possible physical basis for the healing touch (biotherapy) evaluated by high voltage electrophotography.,https://pubmed.ncbi.nlm.nih.gov/9330672/,ABSTRACT_SCREENING_PRIORITY,Available abstract needs eligibility review; metadata hint is not an inclusion/exclusion decision.,SCREENING_PENDING,Automated metadata prioritization; no eligibility decision,2026-09-30
9349060,Quantitative research on therapeutic touch. An integrative review of the literature 1985-1995.,https://pubmed.ncbi.nlm.nih.gov/9349060/,REVIEW_CITATION_PRIORITY,Review metadata found. Consider citation chasing; do not count as independent primary replication.,SCREENING_PENDING,Automated metadata prioritization; no eligibility decision,2026-09-30
9355334,Therapeutic touch: energy-based healing.,https://pubmed.ncbi.nlm.nih.gov/9355334/,NO_ABSTRACT_SOURCE_PRIORITY,No primary abstract returned. Read title and acquire original source; no efficacy conclusion extracted.,SCREENING_PENDING,Automated metadata prioritization; no eligibility decision,2026-09-30
9362806,Therapeutic touch: healing science or metaphysical fraud?,https://pubmed.ncbi.nlm.nih.gov/9362806/,REVIEW_CITATION_PRIORITY,Review metadata found. Consider citation chasing; do not count as independent primary replication.,SCREENING_PENDING,Automated metadata prioritization; no eligibility decision,2026-09-30
9375431,Distant intentionality and healing: assessing the evidence.,https://pubmed.ncbi.nlm.nih.gov/9375431/,REVIEW_CITATION_PRIORITY,Review metadata found. Consider citation chasing; do not count as independent primary replication.,SCREENING_PENDING,Automated metadata prioritization; no eligibility decision,2026-09-30
9375432,Evaluating distant healing: a research review.,https://pubmed.ncbi.nlm.nih.gov/9375432/,ABSTRACT_SCREENING_PRIORITY,Available abstract needs eligibility review; metadata hint is not an inclusion/exclusion decision.,SCREENING_PENDING,Automated metadata prioritization; no eligibility decision,2026-09-30
9380585,Therapeutic touch can augment traditional therapies.,https://pubmed.ncbi.nlm.nih.gov/9380585/,NO_ABSTRACT_SOURCE_PRIORITY,No primary abstract returned. Read title and acquire original source; no efficacy conclusion extracted.,SCREENING_PENDING,Automated metadata prioritization; no eligibility decision,2026-09-30
9384072,"Therapeutic touch, dialogue, and women's experiences in breast cancer surgery.",https://pubmed.ncbi.nlm.nih.gov/9384072/,ABSTRACT_SCREENING_PRIORITY,Available abstract needs eligibility review; metadata hint is not an inclusion/exclusion decision.,SCREENING_PENDING,Automated metadata prioritization; no eligibility decision,2026-09-30
9386255,Holistic manual therapy techniques.,https://pubmed.ncbi.nlm.nih.gov/9386255/,REVIEW_CITATION_PRIORITY,Review metadata found. Consider citation chasing; do not count as independent primary replication.,SCREENING_PENDING,Automated metadata prioritization; no eligibility decision,2026-09-30
9395605,Introducing alternative/complementary healing to allopathic medical students.,https://pubmed.ncbi.nlm.nih.gov/9395605/,ABSTRACT_SCREENING_PRIORITY,Available abstract needs eligibility review; metadata hint is not an inclusion/exclusion decision.,SCREENING_PENDING,Automated metadata prioritization; no eligibility decision,2026-09-30
9395679,Wound healing and complementary therapies: a review.,https://pubmed.ncbi.nlm.nih.gov/9395679/,REVIEW_CITATION_PRIORITY,Review metadata found. Consider citation chasing; do not count as independent primary replication.,SCREENING_PENDING,Automated metadata prioritization; no eligibility decision,2026-09-30
9395700,Multisite electromyographic analysis of therapeutic touch and qigong therapy.,https://pubmed.ncbi.nlm.nih.gov/9395700/,EMPIRICAL_REVIEW_PRIORITY,"Trial/pilot metadata found. Confirm named modality, design, outcomes and eligibility from primary material.",SCREENING_PENDING,Automated metadata prioritization; no eligibility decision,2026-09-30
9395702,Who seeks alternative health care? A profile of the users of five modes of treatment.,https://pubmed.ncbi.nlm.nih.gov/9395702/,NOTICE_CHECK_PRIORITY,Linked notice/publication type detected; reconcile original and notice before use.,SCREENING_PENDING,Automated metadata prioritization; no eligibility decision,2026-09-30
9402598,Telemetric intraventricular pressure measurements after third ventriculocisternostomy in a patient with noncommunicating hydrocephalus.,https://pubmed.ncbi.nlm.nih.gov/9402598/,ABSTRACT_SCREENING_PRIORITY,Available abstract needs eligibility review; metadata hint is not an inclusion/exclusion decision.,SCREENING_PENDING,Automated metadata prioritization; no eligibility decision,2026-09-30
9439024,"Dolores Krieger, RN, PhD healing with therapeutic touch. Interview by Bonnie Horrigan.",https://pubmed.ncbi.nlm.nih.gov/9439024/,NO_ABSTRACT_SOURCE_PRIORITY,No primary abstract returned. Read title and acquire original source; no efficacy conclusion extracted.,SCREENING_PENDING,Automated metadata prioritization; no eligibility decision,2026-09-30
9439261,Therapeutic touch: nursing activity or form of spiritual healing?,https://pubmed.ncbi.nlm.nih.gov/9439261/,REVIEW_CITATION_PRIORITY,Review metadata found. Consider citation chasing; do not count as independent primary replication.,SCREENING_PENDING,Automated metadata prioritization; no eligibility decision,2026-09-30
9439288,A reflection of a Therapeutic Touch experience: case study I.,https://pubmed.ncbi.nlm.nih.gov/9439288/,ABSTRACT_SCREENING_PRIORITY,Available abstract needs eligibility review; metadata hint is not an inclusion/exclusion decision.,SCREENING_PENDING,Automated metadata prioritization; no eligibility decision,2026-09-30
9449057,Multisite surface electromyography and complementary healing intervention: a comparative analysis.,https://pubmed.ncbi.nlm.nih.gov/9449057/,EMPIRICAL_REVIEW_PRIORITY,"Trial/pilot metadata found. Confirm named modality, design, outcomes and eligibility from primary material.",SCREENING_PENDING,Automated metadata prioritization; no eligibility decision,2026-09-30
9455277,Therapeutic touch and wound healing.,https://pubmed.ncbi.nlm.nih.gov/9455277/,REVIEW_CITATION_PRIORITY,Review metadata found. Consider citation chasing; do not count as independent primary replication.,SCREENING_PENDING,Automated metadata prioritization; no eligibility decision,2026-09-30
9456714,Non-pharmacological aspects of acute pain management.,https://pubmed.ncbi.nlm.nih.gov/9456714/,REVIEW_CITATION_PRIORITY,Review metadata found. Consider citation chasing; do not count as independent primary replication.,SCREENING_PENDING,Automated metadata prioritization; no eligibility decision,2026-09-30
9464015,The subtle allure of therapeutic touch.,https://pubmed.ncbi.nlm.nih.gov/9464015/,NOTICE_CHECK_PRIORITY,Linked notice/publication type detected; reconcile original and notice before use.,SCREENING_PENDING,Automated metadata prioritization; no eligibility decision,2026-09-30
9464018,Reiki therapy.,https://pubmed.ncbi.nlm.nih.gov/9464018/,NO_ABSTRACT_SOURCE_PRIORITY,No primary abstract returned. Read title and acquire original source; no efficacy conclusion extracted.,SCREENING_PENDING,Automated metadata prioritization; no eligibility decision,2026-09-30
9464090,[Discovery and curative power of therapeutic touch].,https://pubmed.ncbi.nlm.nih.gov/9464090/,NO_ABSTRACT_SOURCE_PRIORITY,No primary abstract returned. Read title and acquire original source; no efficacy conclusion extracted.,SCREENING_PENDING,Automated metadata prioritization; no eligibility decision,2026-09-30
9477398,Five years of stereotactic radiosurgery at the University of Tübingen--a critical review of the method.,https://pubmed.ncbi.nlm.nih.gov/9477398/,ABSTRACT_SCREENING_PRIORITY,Available abstract needs eligibility review; metadata hint is not an inclusion/exclusion decision.,SCREENING_PENDING,Automated metadata prioritization; no eligibility decision,2026-09-30
9511646,Reducing anxiety: the employment of Therapeutic Touch as a nursing intervention.,https://pubmed.ncbi.nlm.nih.gov/9511646/,ABSTRACT_SCREENING_PRIORITY,Available abstract needs eligibility review; metadata hint is not an inclusion/exclusion decision.,SCREENING_PENDING,Automated metadata prioritization; no eligibility decision,2026-09-30
9515630,Therapeutic touch.,https://pubmed.ncbi.nlm.nih.gov/9515630/,NOTICE_CHECK_PRIORITY,Linked notice/publication type detected; reconcile original and notice before use.,SCREENING_PENDING,Automated metadata prioritization; no eligibility decision,2026-09-30
9541710,The first Reiki practitioner in our OR.,https://pubmed.ncbi.nlm.nih.gov/9541710/,NO_ABSTRACT_SOURCE_PRIORITY,No primary abstract returned. Read title and acquire original source; no efficacy conclusion extracted.,SCREENING_PENDING,Automated metadata prioritization; no eligibility decision,2026-09-30
9552026,Alternative and complementary therapy use in pediatric oncology patients in British Columbia: prevalence and reasons for use and nonuse.,https://pubmed.ncbi.nlm.nih.gov/9552026/,ABSTRACT_SCREENING_PRIORITY,Available abstract needs eligibility review; metadata hint is not an inclusion/exclusion decision.,SCREENING_PENDING,Automated metadata prioritization; no eligibility decision,2026-09-30
9577392,"Neuropsychological, neurological and functional outcome following pallidotomy for Parkinson's disease. A consecutive series of eight simultaneous bilateral and twelve unilateral procedures.",https://pubmed.ncbi.nlm.nih.gov/9577392/,ABSTRACT_SCREENING_PRIORITY,Available abstract needs eligibility review; metadata hint is not an inclusion/exclusion decision.,SCREENING_PENDING,Automated metadata prioritization; no eligibility decision,2026-09-30
9592592,"Absence of an analgesic effect of qigong ""external qi"" in rats.",https://pubmed.ncbi.nlm.nih.gov/9592592/,ABSTRACT_SCREENING_PRIORITY,Available abstract needs eligibility review; metadata hint is not an inclusion/exclusion decision.,SCREENING_PENDING,Automated metadata prioritization; no eligibility decision,2026-09-30
9594094,An innovative approach to pain management in critical care: therapeutic touch.,https://pubmed.ncbi.nlm.nih.gov/9594094/,REVIEW_CITATION_PRIORITY,Review metadata found. Consider citation chasing; do not count as independent primary replication.,SCREENING_PENDING,Automated metadata prioritization; no eligibility decision,2026-09-30
9653377,[Therapeutic touch].,https://pubmed.ncbi.nlm.nih.gov/9653377/,NO_ABSTRACT_SOURCE_PRIORITY,No primary abstract returned. Read title and acquire original source; no efficacy conclusion extracted.,SCREENING_PENDING,Automated metadata prioritization; no eligibility decision,2026-09-30
9658362,Therapeutic touch with HIV-infected children: a pilot study.,https://pubmed.ncbi.nlm.nih.gov/9658362/,EMPIRICAL_REVIEW_PRIORITY,"Trial/pilot metadata found. Confirm named modality, design, outcomes and eligibility from primary material.",SCREENING_PENDING,Automated metadata prioritization; no eligibility decision,2026-09-30
9661330,Caring and healing in the 21st century.,https://pubmed.ncbi.nlm.nih.gov/9661330/,REVIEW_CITATION_PRIORITY,Review metadata found. Consider citation chasing; do not count as independent primary replication.,SCREENING_PENDING,Automated metadata prioritization; no eligibility decision,2026-09-30
9677929,Reflection of a therapeutic touch experience: case study 2.,https://pubmed.ncbi.nlm.nih.gov/9677929/,ABSTRACT_SCREENING_PRIORITY,Available abstract needs eligibility review; metadata hint is not an inclusion/exclusion decision.,SCREENING_PENDING,Automated metadata prioritization; no eligibility decision,2026-09-30
9680913,Alternative therapies in the treatment or oral self-injurious behavior: a case report.,https://pubmed.ncbi.nlm.nih.gov/9680913/,ABSTRACT_SCREENING_PRIORITY,Available abstract needs eligibility review; metadata hint is not an inclusion/exclusion decision.,SCREENING_PENDING,Automated metadata prioritization; no eligibility decision,2026-09-30
9682584,Should nurses practice therapeutic touch? Should nursing schools teach therapeutic touch? ,https://pubmed.ncbi.nlm.nih.gov/9682584/,NOTICE_CHECK_PRIORITY,Linked notice/publication type detected; reconcile original and notice before use.,SCREENING_PENDING,Automated metadata prioritization; no eligibility decision,2026-09-30
9687138,Therapeutic touch as a nursing intervention.,https://pubmed.ncbi.nlm.nih.gov/9687138/,REVIEW_CITATION_PRIORITY,Review metadata found. Consider citation chasing; do not count as independent primary replication.,SCREENING_PENDING,Automated metadata prioritization; no eligibility decision,2026-09-30
9693334,Intraventricular pressure dynamics in patients with ventriculopleural shunts: a telemetric study.,https://pubmed.ncbi.nlm.nih.gov/9693334/,ABSTRACT_SCREENING_PRIORITY,Available abstract needs eligibility review; metadata hint is not an inclusion/exclusion decision.,SCREENING_PENDING,Automated metadata prioritization; no eligibility decision,2026-09-30
9702325,Effects of the external qigong on symptoms of arteriosclerotic obstruction in the lower extremities evaluated by modern medical technology.,https://pubmed.ncbi.nlm.nih.gov/9702325/,ABSTRACT_SCREENING_PRIORITY,Available abstract needs eligibility review; metadata hint is not an inclusion/exclusion decision.,SCREENING_PENDING,Automated metadata prioritization; no eligibility decision,2026-09-30
9737031,Heart-focused attention and heart-brain synchronization: energetic and physiological mechanisms.,https://pubmed.ncbi.nlm.nih.gov/9737031/,ABSTRACT_SCREENING_PRIORITY,Available abstract needs eligibility review; metadata hint is not an inclusion/exclusion decision.,SCREENING_PENDING,Automated metadata prioritization; no eligibility decision,2026-09-30
9765732,Using Reiki to manage pain: a preliminary report.,https://pubmed.ncbi.nlm.nih.gov/9765732/,ABSTRACT_SCREENING_PRIORITY,Available abstract needs eligibility review; metadata hint is not an inclusion/exclusion decision.,SCREENING_PENDING,Automated metadata prioritization; no eligibility decision,2026-09-30
9765761,Critical review of 5 nonpharmacologic strategies for managing cancer pain.,https://pubmed.ncbi.nlm.nih.gov/9765761/,REVIEW_CITATION_PRIORITY,Review metadata found. Consider citation chasing; do not count as independent primary replication.,SCREENING_PENDING,Automated metadata prioritization; no eligibility decision,2026-09-30
9766290,Effects of dialogue and therapeutic touch on preoperative and postoperative experiences of breast cancer surgery: an exploratory study.,https://pubmed.ncbi.nlm.nih.gov/9766290/,EMPIRICAL_REVIEW_PRIORITY,"Trial/pilot metadata found. Confirm named modality, design, outcomes and eligibility from primary material.",SCREENING_PENDING,Automated metadata prioritization; no eligibility decision,2026-09-30
9773370,Energy healing with women and children.,https://pubmed.ncbi.nlm.nih.gov/9773370/,REVIEW_CITATION_PRIORITY,Review metadata found. Consider citation chasing; do not count as independent primary replication.,SCREENING_PENDING,Automated metadata prioritization; no eligibility decision,2026-09-30
9782829,Can aromatherapy replace pre-medication?,https://pubmed.ncbi.nlm.nih.gov/9782829/,REVIEW_CITATION_PRIORITY,Review metadata found. Consider citation chasing; do not count as independent primary replication.,SCREENING_PENDING,Automated metadata prioritization; no eligibility decision,2026-09-30
9789512,The effects of therapeutic touch on patients with osteoarthritis of the knee.,https://pubmed.ncbi.nlm.nih.gov/9789512/,NOTICE_CHECK_PRIORITY,Linked notice/publication type detected; reconcile original and notice before use.,SCREENING_PENDING,Automated metadata prioritization; no eligibility decision,2026-09-30
9793014,[Emily and alternative healers: 9-year-old exposes therapeutic touch healer].,https://pubmed.ncbi.nlm.nih.gov/9793014/,EMPIRICAL_REVIEW_PRIORITY,"Trial/pilot metadata found. Confirm named modality, design, outcomes and eligibility from primary material.",SCREENING_PENDING,Automated metadata prioritization; no eligibility decision,2026-09-30
9807324,Therapeutic touch: an extension of professional skills.,https://pubmed.ncbi.nlm.nih.gov/9807324/,REVIEW_CITATION_PRIORITY,Review metadata found. Consider citation chasing; do not count as independent primary replication.,SCREENING_PENDING,Automated metadata prioritization; no eligibility decision,2026-09-30
9807429,Therapeutic touch. Nurturing the nurse leader.,https://pubmed.ncbi.nlm.nih.gov/9807429/,REVIEW_CITATION_PRIORITY,Review metadata found. Consider citation chasing; do not count as independent primary replication.,SCREENING_PENDING,Automated metadata prioritization; no eligibility decision,2026-09-30
9823252,[Reiki: an ancient therapy by touch].,https://pubmed.ncbi.nlm.nih.gov/9823252/,NO_ABSTRACT_SOURCE_PRIORITY,No primary abstract returned. Read title and acquire original source; no efficacy conclusion extracted.,SCREENING_PENDING,Automated metadata prioritization; no eligibility decision,2026-09-30
9823264,[The therapeutic touch to enrich nursing practice].,https://pubmed.ncbi.nlm.nih.gov/9823264/,NO_ABSTRACT_SOURCE_PRIORITY,No primary abstract returned. Read title and acquire original source; no efficacy conclusion extracted.,SCREENING_PENDING,Automated metadata prioritization; no eligibility decision,2026-09-30
9830942,Experiences of administering and receiving therapeutic touch in intensive care.,https://pubmed.ncbi.nlm.nih.gov/9830942/,ABSTRACT_SCREENING_PRIORITY,Available abstract needs eligibility review; metadata hint is not an inclusion/exclusion decision.,SCREENING_PENDING,Automated metadata prioritization; no eligibility decision,2026-09-30
9849260,Effect of therapeutic touch on the well-being of persons with terminal cancer.,https://pubmed.ncbi.nlm.nih.gov/9849260/,EMPIRICAL_REVIEW_PRIORITY,"Trial/pilot metadata found. Confirm named modality, design, outcomes and eligibility from primary material.",SCREENING_PENDING,Automated metadata prioritization; no eligibility decision,2026-09-30
9851462,An even closer look at therapeutic touch.,https://pubmed.ncbi.nlm.nih.gov/9851462/,NOTICE_CHECK_PRIORITY,Linked notice/publication type detected; reconcile original and notice before use.,SCREENING_PENDING,Automated metadata prioritization; no eligibility decision,2026-09-30
9851463,An even closer look at therapeutic touch.,https://pubmed.ncbi.nlm.nih.gov/9851463/,NOTICE_CHECK_PRIORITY,Linked notice/publication type detected; reconcile original and notice before use.,SCREENING_PENDING,Automated metadata prioritization; no eligibility decision,2026-09-30
9851464,An even closer look at therapeutic touch.,https://pubmed.ncbi.nlm.nih.gov/9851464/,NOTICE_CHECK_PRIORITY,Linked notice/publication type detected; reconcile original and notice before use.,SCREENING_PENDING,Automated metadata prioritization; no eligibility decision,2026-09-30
9851465,An even closer look at therapeutic touch.,https://pubmed.ncbi.nlm.nih.gov/9851465/,NOTICE_CHECK_PRIORITY,Linked notice/publication type detected; reconcile original and notice before use.,SCREENING_PENDING,Automated metadata prioritization; no eligibility decision,2026-09-30
9851466,An even closer look at therapeutic touch.,https://pubmed.ncbi.nlm.nih.gov/9851466/,NOTICE_CHECK_PRIORITY,Linked notice/publication type detected; reconcile original and notice before use.,SCREENING_PENDING,Automated metadata prioritization; no eligibility decision,2026-09-30
9851467,An even closer look at therapeutic touch.,https://pubmed.ncbi.nlm.nih.gov/9851467/,NOTICE_CHECK_PRIORITY,Linked notice/publication type detected; reconcile original and notice before use.,SCREENING_PENDING,Automated metadata prioritization; no eligibility decision,2026-09-30
9851468,An even closer look at therapeutic touch.,https://pubmed.ncbi.nlm.nih.gov/9851468/,NOTICE_CHECK_PRIORITY,Linked notice/publication type detected; reconcile original and notice before use.,SCREENING_PENDING,Automated metadata prioritization; no eligibility decision,2026-09-30
9851469,An even closer look at therapeutic touch.,https://pubmed.ncbi.nlm.nih.gov/9851469/,NOTICE_CHECK_PRIORITY,Linked notice/publication type detected; reconcile original and notice before use.,SCREENING_PENDING,Automated metadata prioritization; no eligibility decision,2026-09-30
9851470,An even closer look at therapeutic touch.,https://pubmed.ncbi.nlm.nih.gov/9851470/,NOTICE_CHECK_PRIORITY,Linked notice/publication type detected; reconcile original and notice before use.,SCREENING_PENDING,Automated metadata prioritization; no eligibility decision,2026-09-30
9851471,An even closer look at therapeutic touch.,https://pubmed.ncbi.nlm.nih.gov/9851471/,NOTICE_CHECK_PRIORITY,Linked notice/publication type detected; reconcile original and notice before use.,SCREENING_PENDING,Automated metadata prioritization; no eligibility decision,2026-09-30
9851472,An even closer look at therapeutic touch.,https://pubmed.ncbi.nlm.nih.gov/9851472/,NOTICE_CHECK_PRIORITY,Linked notice/publication type detected; reconcile original and notice before use.,SCREENING_PENDING,Automated metadata prioritization; no eligibility decision,2026-09-30
9851473,An even closer look at therapeutic touch.,https://pubmed.ncbi.nlm.nih.gov/9851473/,NOTICE_CHECK_PRIORITY,Linked notice/publication type detected; reconcile original and notice before use.,SCREENING_PENDING,Automated metadata prioritization; no eligibility decision,2026-09-30
9866433,A randomized double-blind study of the effect of distant healing in a population with advanced AIDS. Report of a small scale study.,https://pubmed.ncbi.nlm.nih.gov/9866433/,EMPIRICAL_REVIEW_PRIORITY,"Trial/pilot metadata found. Confirm named modality, design, outcomes and eligibility from primary material.",SCREENING_PENDING,Automated metadata prioritization; no eligibility decision,2026-09-30
9894978,Universal calibration of surgical instruments for spinal stereotaxy.,https://pubmed.ncbi.nlm.nih.gov/9894978/,ABSTRACT_SCREENING_PRIORITY,Available abstract needs eligibility review; metadata hint is not an inclusion/exclusion decision.,SCREENING_PENDING,Automated metadata prioritization; no eligibility decision,2026-09-30
9923206,Alternative and complementary therapies: integration into cancer care.,https://pubmed.ncbi.nlm.nih.gov/9923206/,REVIEW_CITATION_PRIORITY,Review metadata found. Consider citation chasing; do not count as independent primary replication.,SCREENING_PENDING,Automated metadata prioritization; no eligibility decision,2026-09-30
9923328,The efficacy of therapeutic touch for improving functional ability in elders with degenerative arthritis.,https://pubmed.ncbi.nlm.nih.gov/9923328/,EMPIRICAL_REVIEW_PRIORITY,"Trial/pilot metadata found. Confirm named modality, design, outcomes and eligibility from primary material.",SCREENING_PENDING,Automated metadata prioritization; no eligibility decision,2026-09-30
9934373,Therapeutic touch and osteoarthritis of the knee.,https://pubmed.ncbi.nlm.nih.gov/9934373/,NOTICE_CHECK_PRIORITY,Linked notice/publication type detected; reconcile original and notice before use.,SCREENING_PENDING,Automated metadata prioritization; no eligibility decision,2026-09-30
9934563,Social construction and materiality: the limits of indeterminacy in therapeutic settings.,https://pubmed.ncbi.nlm.nih.gov/9934563/,NOTICE_CHECK_PRIORITY,Linked notice/publication type detected; reconcile original and notice before use.,SCREENING_PENDING,Automated metadata prioritization; no eligibility decision,2026-09-30
10023483,The surgical significance of therapeutic touch.,https://pubmed.ncbi.nlm.nih.gov/10023483/,REVIEW_CITATION_PRIORITY,Review metadata found. Consider citation chasing; do not count as independent primary replication.,SCREENING_PENDING,Automated metadata prioritization; no eligibility decision,2026-09-30
10036457,Therapeutic touch: applying Newman's theoretic approach.,https://pubmed.ncbi.nlm.nih.gov/10036457/,NO_ABSTRACT_SOURCE_PRIORITY,No primary abstract returned. Read title and acquire original source; no efficacy conclusion extracted.,SCREENING_PENDING,Automated metadata prioritization; no eligibility decision,2026-09-30
10076440,[Healing touch in nursing: sensitizing one's hands].,https://pubmed.ncbi.nlm.nih.gov/10076440/,NO_ABSTRACT_SOURCE_PRIORITY,No primary abstract returned. Read title and acquire original source; no efficacy conclusion extracted.,SCREENING_PENDING,Automated metadata prioritization; no eligibility decision,2026-09-30
10158092,"Therapeutic touch: a healing intervention. Hospital uses complementary therapy to aid healing, relieve pain.",https://pubmed.ncbi.nlm.nih.gov/10158092/,NO_ABSTRACT_SOURCE_PRIORITY,No primary abstract returned. Read title and acquire original source; no efficacy conclusion extracted.,SCREENING_PENDING,Automated metadata prioritization; no eligibility decision,2026-09-30
10179936,Therapeutic touch is back.,https://pubmed.ncbi.nlm.nih.gov/10179936/,ABSTRACT_SCREENING_PRIORITY,Available abstract needs eligibility review; metadata hint is not an inclusion/exclusion decision.,SCREENING_PENDING,Automated metadata prioritization; no eligibility decision,2026-09-30
10213721,Mark twain on christian science.,https://pubmed.ncbi.nlm.nih.gov/10213721/,NO_ABSTRACT_SOURCE_PRIORITY,No primary abstract returned. Read title and acquire original source; no efficacy conclusion extracted.,SCREENING_PENDING,Automated metadata prioritization; no eligibility decision,2026-09-30
10234323,Healing touch. An energetic approach.,https://pubmed.ncbi.nlm.nih.gov/10234323/,NOTICE_CHECK_PRIORITY,Linked notice/publication type detected; reconcile original and notice before use.,SCREENING_PENDING,Automated metadata prioritization; no eligibility decision,2026-09-30
10275132,Therapeutic touch improves residents' sleep.,https://pubmed.ncbi.nlm.nih.gov/10275132/,NO_ABSTRACT_SOURCE_PRIORITY,No primary abstract returned. Read title and acquire original source; no efficacy conclusion extracted.,SCREENING_PENDING,Automated metadata prioritization; no eligibility decision,2026-09-30
10312520,"Use of specialty hospitals by Medicare beneficiaries, 1985.",https://pubmed.ncbi.nlm.nih.gov/10312520/,ABSTRACT_SCREENING_PRIORITY,Available abstract needs eligibility review; metadata hint is not an inclusion/exclusion decision.,SCREENING_PENDING,Automated metadata prioritization; no eligibility decision,2026-09-30
10328637,A study to test the effectiveness of placebo Reiki standardization procedures developed for a planned Reiki efficacy study.,https://pubmed.ncbi.nlm.nih.gov/10328637/,NOTICE_CHECK_PRIORITY,Linked notice/publication type detected; reconcile original and notice before use.,SCREENING_PENDING,Automated metadata prioritization; no eligibility decision,2026-09-30
10330795,Using Reiki to support surgical patients.,https://pubmed.ncbi.nlm.nih.gov/10330795/,NO_ABSTRACT_SOURCE_PRIORITY,No primary abstract returned. Read title and acquire original source; no efficacy conclusion extracted.,SCREENING_PENDING,Automated metadata prioritization; no eligibility decision,2026-09-30
10335554,Health care professionals' familiarity with non-pharmacological strategies for managing cancer pain.,https://pubmed.ncbi.nlm.nih.gov/10335554/,ABSTRACT_SCREENING_PRIORITY,Available abstract needs eligibility review; metadata hint is not an inclusion/exclusion decision.,SCREENING_PENDING,Automated metadata prioritization; no eligibility decision,2026-09-30
10347540,Therapeutic touch.,https://pubmed.ncbi.nlm.nih.gov/10347540/,NO_ABSTRACT_SOURCE_PRIORITY,No primary abstract returned. Read title and acquire original source; no efficacy conclusion extracted.,SCREENING_PENDING,Automated metadata prioritization; no eligibility decision,2026-09-30
10362943,Therapeutic touch in an acute care community hospital.,https://pubmed.ncbi.nlm.nih.gov/10362943/,ABSTRACT_SCREENING_PRIORITY,Available abstract needs eligibility review; metadata hint is not an inclusion/exclusion decision.,SCREENING_PENDING,Automated metadata prioritization; no eligibility decision,2026-09-30
10373831,Reiki therapy--a tool for wellness.,https://pubmed.ncbi.nlm.nih.gov/10373831/,REVIEW_CITATION_PRIORITY,Review metadata found. Consider citation chasing; do not count as independent primary replication.,SCREENING_PENDING,Automated metadata prioritization; no eligibility decision,2026-09-30
10373832,Healing touch--an energy-based approach to healing.,https://pubmed.ncbi.nlm.nih.gov/10373832/,REVIEW_CITATION_PRIORITY,Review metadata found. Consider citation chasing; do not count as independent primary replication.,SCREENING_PENDING,Automated metadata prioritization; no eligibility decision,2026-09-30
10377630,Should nurses practice therapeutic touch? Should nursing schools teach therapeutic touch?,https://pubmed.ncbi.nlm.nih.gov/10377630/,NOTICE_CHECK_PRIORITY,Linked notice/publication type detected; reconcile original and notice before use.,SCREENING_PENDING,Automated metadata prioritization; no eligibility decision,2026-09-30
10377631,Should nurses practice therapeutic touch? Should nursing schools teach therapeutic touch?,https://pubmed.ncbi.nlm.nih.gov/10377631/,NOTICE_CHECK_PRIORITY,Linked notice/publication type detected; reconcile original and notice before use.,SCREENING_PENDING,Automated metadata prioritization; no eligibility decision,2026-09-30
10379981,Surgical management of intraosseous skull base tumors with aid of Operating Arm System.,https://pubmed.ncbi.nlm.nih.gov/10379981/,ABSTRACT_SCREENING_PRIORITY,Available abstract needs eligibility review; metadata hint is not an inclusion/exclusion decision.,SCREENING_PENDING,Automated metadata prioritization; no eligibility decision,2026-09-30
10380448,Therapeutic touch. A viable link to midwifery practice.,https://pubmed.ncbi.nlm.nih.gov/10380448/,REVIEW_CITATION_PRIORITY,Review metadata found. Consider citation chasing; do not count as independent primary replication.,SCREENING_PENDING,Automated metadata prioritization; no eligibility decision,2026-09-30
10380449,Alternative healing in nurse-midwifery practice.,https://pubmed.ncbi.nlm.nih.gov/10380449/,ABSTRACT_SCREENING_PRIORITY,Available abstract needs eligibility review; metadata hint is not an inclusion/exclusion decision.,SCREENING_PENDING,Automated metadata prioritization; no eligibility decision,2026-09-30
10401297,Healing touch therapy makes a difference in surgery unit.,https://pubmed.ncbi.nlm.nih.gov/10401297/,NO_ABSTRACT_SOURCE_PRIORITY,No primary abstract returned. Read title and acquire original source; no efficacy conclusion extracted.,SCREENING_PENDING,Automated metadata prioritization; no eligibility decision,2026-09-30
10411192,A close look at standards for therapeutic touch.,https://pubmed.ncbi.nlm.nih.gov/10411192/,NOTICE_CHECK_PRIORITY,Linked notice/publication type detected; reconcile original and notice before use.,SCREENING_PENDING,Automated metadata prioritization; no eligibility decision,2026-09-30
10418492,A survey of therapeutic touch practitioners.,https://pubmed.ncbi.nlm.nih.gov/10418492/,ABSTRACT_SCREENING_PRIORITY,Available abstract needs eligibility review; metadata hint is not an inclusion/exclusion decision.,SCREENING_PENDING,Automated metadata prioritization; no eligibility decision,2026-09-30
10471013,The use of DC electrodermal potential measurements and healer's felt sense to assess the energetic nature of qi.,https://pubmed.ncbi.nlm.nih.gov/10471013/,ABSTRACT_SCREENING_PRIORITY,Available abstract needs eligibility review; metadata hint is not an inclusion/exclusion decision.,SCREENING_PENDING,Automated metadata prioritization; no eligibility decision,2026-09-30
10471017,Effects of therapeutic touch on biochemical and mood indicators in women.,https://pubmed.ncbi.nlm.nih.gov/10471017/,EMPIRICAL_REVIEW_PRIORITY,"Trial/pilot metadata found. Confirm named modality, design, outcomes and eligibility from primary material.",SCREENING_PENDING,Automated metadata prioritization; no eligibility decision,2026-09-30
10474340,Midwifery and the gift of healing touch.,https://pubmed.ncbi.nlm.nih.gov/10474340/,NO_ABSTRACT_SOURCE_PRIORITY,No primary abstract returned. Read title and acquire original source; no efficacy conclusion extracted.,SCREENING_PENDING,Automated metadata prioritization; no eligibility decision,2026-09-30
10477028,A new tool for dose conformity evaluation of radiosurgery treatment plans.,https://pubmed.ncbi.nlm.nih.gov/10477028/,ABSTRACT_SCREENING_PRIORITY,Available abstract needs eligibility review; metadata hint is not an inclusion/exclusion decision.,SCREENING_PENDING,Automated metadata prioritization; no eligibility decision,2026-09-30
10494139,Electrophysiological versus image-based targeting in the posteroventral pallidotomy.,https://pubmed.ncbi.nlm.nih.gov/10494139/,ABSTRACT_SCREENING_PRIORITY,Available abstract needs eligibility review; metadata hint is not an inclusion/exclusion decision.,SCREENING_PENDING,Automated metadata prioritization; no eligibility decision,2026-09-30
10512334,Assessing the impact of evidence-based continuing education on nonpharmacologic management of cancer pain.,https://pubmed.ncbi.nlm.nih.gov/10512334/,ABSTRACT_SCREENING_PRIORITY,Available abstract needs eligibility review; metadata hint is not an inclusion/exclusion decision.,SCREENING_PENDING,Automated metadata prioritization; no eligibility decision,2026-09-30
10520096,Physical touch in nursing studies: a literature review.,https://pubmed.ncbi.nlm.nih.gov/10520096/,REVIEW_CITATION_PRIORITY,Review metadata found. Consider citation chasing; do not count as independent primary replication.,SCREENING_PENDING,Automated metadata prioritization; no eligibility decision,2026-09-30
10531869,Therapeutic touch.,https://pubmed.ncbi.nlm.nih.gov/10531869/,NO_ABSTRACT_SOURCE_PRIORITY,No primary abstract returned. Read title and acquire original source; no efficacy conclusion extracted.,SCREENING_PENDING,Automated metadata prioritization; no eligibility decision,2026-09-30
10533938,Development of collimator insert for linac based stereotactic irradiation.,https://pubmed.ncbi.nlm.nih.gov/10533938/,ABSTRACT_SCREENING_PRIORITY,Available abstract needs eligibility review; metadata hint is not an inclusion/exclusion decision.,SCREENING_PENDING,Automated metadata prioritization; no eligibility decision,2026-09-30
10542580,Therapeutic touch--what is the controversy and why does controversy exist?,https://pubmed.ncbi.nlm.nih.gov/10542580/,REVIEW_CITATION_PRIORITY,Review metadata found. Consider citation chasing; do not count as independent primary replication.,SCREENING_PENDING,Automated metadata prioritization; no eligibility decision,2026-09-30
10549932,Evaluation of the spatial accuracy of magnetic resonance imaging-based stereotactic target localization for gamma knife radiosurgery of functional disorders.,https://pubmed.ncbi.nlm.nih.gov/10549932/,ABSTRACT_SCREENING_PRIORITY,Available abstract needs eligibility review; metadata hint is not an inclusion/exclusion decision.,SCREENING_PENDING,Automated metadata prioritization; no eligibility decision,2026-09-30
10550906,An integrative review and meta-analysis of therapeutic touch research.,https://pubmed.ncbi.nlm.nih.gov/10550906/,REVIEW_CITATION_PRIORITY,Review metadata found. Consider citation chasing; do not count as independent primary replication.,SCREENING_PENDING,Automated metadata prioritization; no eligibility decision,2026-09-30
10567098,Neuronavigation in intraoperative MRI.,https://pubmed.ncbi.nlm.nih.gov/10567098/,ABSTRACT_SCREENING_PRIORITY,Available abstract needs eligibility review; metadata hint is not an inclusion/exclusion decision.,SCREENING_PENDING,Automated metadata prioritization; no eligibility decision,2026-09-30
10568918,"Healing for the new millennium, hypnosis and healing touch.",https://pubmed.ncbi.nlm.nih.gov/10568918/,NO_ABSTRACT_SOURCE_PRIORITY,No primary abstract returned. Read title and acquire original source; no efficacy conclusion extracted.,SCREENING_PENDING,Automated metadata prioritization; no eligibility decision,2026-09-30
10594605,Elder care and the dermatologic surgeon.,https://pubmed.ncbi.nlm.nih.gov/10594605/,REVIEW_CITATION_PRIORITY,Review metadata found. Consider citation chasing; do not count as independent primary replication.,SCREENING_PENDING,Automated metadata prioritization; no eligibility decision,2026-09-30
10598710,Development of a unique phantom to assess the geometric accuracy of magnetic resonance imaging for stereotactic localization.,https://pubmed.ncbi.nlm.nih.gov/10598710/,ABSTRACT_SCREENING_PRIORITY,Available abstract needs eligibility review; metadata hint is not an inclusion/exclusion decision.,SCREENING_PENDING,Automated metadata prioritization; no eligibility decision,2026-09-30
10630352,Is the scientific publishing of complementary and alternative medicine objective?,https://pubmed.ncbi.nlm.nih.gov/10630352/,ABSTRACT_SCREENING_PRIORITY,Available abstract needs eligibility review; metadata hint is not an inclusion/exclusion decision.,SCREENING_PENDING,Automated metadata prioritization; no eligibility decision,2026-09-30
10667823,Frameless neuronavigation applied to endoscopic neurosurgery.,https://pubmed.ncbi.nlm.nih.gov/10667823/,ABSTRACT_SCREENING_PRIORITY,Available abstract needs eligibility review; metadata hint is not an inclusion/exclusion decision.,SCREENING_PENDING,Automated metadata prioritization; no eligibility decision,2026-09-30
10687617,Healing touch benefits patients. Interview by Anne Manchester.,https://pubmed.ncbi.nlm.nih.gov/10687617/,NO_ABSTRACT_SOURCE_PRIORITY,No primary abstract returned. Read title and acquire original source; no efficacy conclusion extracted.,SCREENING_PENDING,Automated metadata prioritization; no eligibility decision,2026-09-30
10690027,Healing touch certificate program.,https://pubmed.ncbi.nlm.nih.gov/10690027/,NO_ABSTRACT_SOURCE_PRIORITY,No primary abstract returned. Read title and acquire original source; no efficacy conclusion extracted.,SCREENING_PENDING,Automated metadata prioritization; no eligibility decision,2026-09-30
10690071,A collaborative research project on Therapeutic Touch.,https://pubmed.ncbi.nlm.nih.gov/10690071/,ABSTRACT_SCREENING_PRIORITY,Available abstract needs eligibility review; metadata hint is not an inclusion/exclusion decision.,SCREENING_PENDING,Automated metadata prioritization; no eligibility decision,2026-09-30
10711214,Therapeutic touch. A retrospective on therapeutic touch.,https://pubmed.ncbi.nlm.nih.gov/10711214/,REVIEW_CITATION_PRIORITY,Review metadata found. Consider citation chasing; do not count as independent primary replication.,SCREENING_PENDING,Automated metadata prioritization; no eligibility decision,2026-09-30
10726950,Distant healing.,https://pubmed.ncbi.nlm.nih.gov/10726950/,NOTICE_CHECK_PRIORITY,Linked notice/publication type detected; reconcile original and notice before use.,SCREENING_PENDING,Automated metadata prioritization; no eligibility decision,2026-09-30
10754826,Physiologic and psychodynamic responses to the administration of therapeutic touch in critical care.,https://pubmed.ncbi.nlm.nih.gov/10754826/,EMPIRICAL_REVIEW_PRIORITY,"Trial/pilot metadata found. Confirm named modality, design, outcomes and eligibility from primary material.",SCREENING_PENDING,Automated metadata prioritization; no eligibility decision,2026-09-30
10754832,The Healing Touch programme: passion into action.,https://pubmed.ncbi.nlm.nih.gov/10754832/,NO_ABSTRACT_SOURCE_PRIORITY,No primary abstract returned. Read title and acquire original source; no efficacy conclusion extracted.,SCREENING_PENDING,Automated metadata prioritization; no eligibility decision,2026-09-30
10768547,Phantom limb pain treated with therapeutic touch: a case report.,https://pubmed.ncbi.nlm.nih.gov/10768547/,ABSTRACT_SCREENING_PRIORITY,Available abstract needs eligibility review; metadata hint is not an inclusion/exclusion decision.,SCREENING_PENDING,Automated metadata prioritization; no eligibility decision,2026-09-30
10781776,A randomized trial of distant healing for skin warts.,https://pubmed.ncbi.nlm.nih.gov/10781776/,NOTICE_CHECK_PRIORITY,Linked notice/publication type detected; reconcile original and notice before use.,SCREENING_PENDING,Automated metadata prioritization; no eligibility decision,2026-09-30
10781788,Distant healing: an unlikely hypothesis.,https://pubmed.ncbi.nlm.nih.gov/10781788/,NOTICE_CHECK_PRIORITY,Linked notice/publication type detected; reconcile original and notice before use.,SCREENING_PENDING,Automated metadata prioritization; no eligibility decision,2026-09-30
10784273,Healing as a therapy for human disease: a systematic review.,https://pubmed.ncbi.nlm.nih.gov/10784273/,REVIEW_CITATION_PRIORITY,Review metadata found. Consider citation chasing; do not count as independent primary replication.,SCREENING_PENDING,Automated metadata prioritization; no eligibility decision,2026-09-30
10786501,[Therapeutic touch].,https://pubmed.ncbi.nlm.nih.gov/10786501/,EMPIRICAL_REVIEW_PRIORITY,"Trial/pilot metadata found. Confirm named modality, design, outcomes and eligibility from primary material.",SCREENING_PENDING,Automated metadata prioritization; no eligibility decision,2026-09-30
10796803,Yoga for epilepsy.,https://pubmed.ncbi.nlm.nih.gov/10796803/,NOTICE_CHECK_PRIORITY,Linked notice/publication type detected; reconcile original and notice before use.,SCREENING_PENDING,Automated metadata prioritization; no eligibility decision,2026-09-30
10802955,Healing touch.,https://pubmed.ncbi.nlm.nih.gov/10802955/,REVIEW_CITATION_PRIORITY,Review metadata found. Consider citation chasing; do not count as independent primary replication.,SCREENING_PENDING,Automated metadata prioritization; no eligibility decision,2026-09-30
10833691,Use of complementary medicine by adult patients participating in cancer clinical trials.,https://pubmed.ncbi.nlm.nih.gov/10833691/,NOTICE_CHECK_PRIORITY,Linked notice/publication type detected; reconcile original and notice before use.,SCREENING_PENDING,Automated metadata prioritization; no eligibility decision,2026-09-30
10853063,Frameless stereotactic neurosurgery: two steps towards the Holy Grail of surgical navigation.,https://pubmed.ncbi.nlm.nih.gov/10853063/,ABSTRACT_SCREENING_PRIORITY,Available abstract needs eligibility review; metadata hint is not an inclusion/exclusion decision.,SCREENING_PENDING,Automated metadata prioritization; no eligibility decision,2026-09-30
10897714,The experience of therapeutic touch from a nursing perspective.,https://pubmed.ncbi.nlm.nih.gov/10897714/,ABSTRACT_SCREENING_PRIORITY,Available abstract needs eligibility review; metadata hint is not an inclusion/exclusion decision.,SCREENING_PENDING,Automated metadata prioritization; no eligibility decision,2026-09-30
10979162,Massage therapy and therapeutic touch in children: state of the science.,https://pubmed.ncbi.nlm.nih.gov/10979162/,NOTICE_CHECK_PRIORITY,Linked notice/publication type detected; reconcile original and notice before use.,SCREENING_PENDING,Automated metadata prioritization; no eligibility decision,2026-09-30
10979163,Surgery and complementary therapies: a review.,https://pubmed.ncbi.nlm.nih.gov/10979163/,NOTICE_CHECK_PRIORITY,Linked notice/publication type detected; reconcile original and notice before use.,SCREENING_PENDING,Automated metadata prioritization; no eligibility decision,2026-09-30
11010664,"Medicare and Medicaid programs; religious nonmedical health care institutions and advance directives. Health Care Financing Administration (HCFA), HHS. Interim final rule with comment period.",https://pubmed.ncbi.nlm.nih.gov/11010664/,ABSTRACT_SCREENING_PRIORITY,Available abstract needs eligibility review; metadata hint is not an inclusion/exclusion decision.,SCREENING_PENDING,Automated metadata prioritization; no eligibility decision,2026-09-30
11040557,Healing touch: applications in the acute care setting.,https://pubmed.ncbi.nlm.nih.gov/11040557/,REVIEW_CITATION_PRIORITY,Review metadata found. Consider citation chasing; do not count as independent primary replication.,SCREENING_PENDING,Automated metadata prioritization; no eligibility decision,2026-09-30
11107435,[Therapeutic touch as part of the care for the aged].,https://pubmed.ncbi.nlm.nih.gov/11107435/,NO_ABSTRACT_SOURCE_PRIORITY,No primary abstract returned. Read title and acquire original source; no efficacy conclusion extracted.,SCREENING_PENDING,Automated metadata prioritization; no eligibility decision,2026-09-30
11119183,Quality improvement for depression enhances long-term treatment knowledge for primary care clinicians.,https://pubmed.ncbi.nlm.nih.gov/11119183/,NOTICE_CHECK_PRIORITY,Linked notice/publication type detected; reconcile original and notice before use.,SCREENING_PENDING,Automated metadata prioritization; no eligibility decision,2026-09-30
11153391,Using therapeutic touch in nursing practice.,https://pubmed.ncbi.nlm.nih.gov/11153391/,REVIEW_CITATION_PRIORITY,Review metadata found. Consider citation chasing; do not count as independent primary replication.,SCREENING_PENDING,Automated metadata prioritization; no eligibility decision,2026-09-30
11155059,Telemetric assessment of intracranial pressure changes consequent to manipulations of the Codman-Medos programmable shunt valve.,https://pubmed.ncbi.nlm.nih.gov/11155059/,ABSTRACT_SCREENING_PRIORITY,Available abstract needs eligibility review; metadata hint is not an inclusion/exclusion decision.,SCREENING_PENDING,Automated metadata prioritization; no eligibility decision,2026-09-30
11185834,Complementary medicine: health care trends for the new millennium.,https://pubmed.ncbi.nlm.nih.gov/11185834/,ABSTRACT_SCREENING_PRIORITY,Available abstract needs eligibility review; metadata hint is not an inclusion/exclusion decision.,SCREENING_PENDING,Automated metadata prioritization; no eligibility decision,2026-09-30
11195444,"[Scrutiny of alternative medicine. ""Distant healing""--a special kind of telemedicine].",https://pubmed.ncbi.nlm.nih.gov/11195444/,REVIEW_CITATION_PRIORITY,Review metadata found. Consider citation chasing; do not count as independent primary replication.,SCREENING_PENDING,Automated metadata prioritization; no eligibility decision,2026-09-30
11243556,Hand therapy: the healing touch with a touch of humor!,https://pubmed.ncbi.nlm.nih.gov/11243556/,NO_ABSTRACT_SOURCE_PRIORITY,No primary abstract returned. Read title and acquire original source; no efficacy conclusion extracted.,SCREENING_PENDING,Automated metadata prioritization; no eligibility decision,2026-09-30
11246939,Emerging paradigms in mind-body medicine.,https://pubmed.ncbi.nlm.nih.gov/11246939/,REVIEW_CITATION_PRIORITY,Review metadata found. Consider citation chasing; do not count as independent primary replication.,SCREENING_PENDING,Automated metadata prioritization; no eligibility decision,2026-09-30
11251731,Biological correlates of Reiki Touch(sm) healing.,https://pubmed.ncbi.nlm.nih.gov/11251731/,EMPIRICAL_REVIEW_PRIORITY,"Trial/pilot metadata found. Confirm named modality, design, outcomes and eligibility from primary material.",SCREENING_PENDING,Automated metadata prioritization; no eligibility decision,2026-09-30
11253582,Critique of review of therapeutic touch.,https://pubmed.ncbi.nlm.nih.gov/11253582/,NO_ABSTRACT_SOURCE_PRIORITY,No primary abstract returned. Read title and acquire original source; no efficacy conclusion extracted.,SCREENING_PENDING,Automated metadata prioritization; no eligibility decision,2026-09-30
11253583,Critique of review of therapeutic touch.,https://pubmed.ncbi.nlm.nih.gov/11253583/,NO_ABSTRACT_SOURCE_PRIORITY,No primary abstract returned. Read title and acquire original source; no efficacy conclusion extracted.,SCREENING_PENDING,Automated metadata prioritization; no eligibility decision,2026-09-30
11255535,Distant healing.,https://pubmed.ncbi.nlm.nih.gov/11255535/,NOTICE_CHECK_PRIORITY,Linked notice/publication type detected; reconcile original and notice before use.,SCREENING_PENDING,Automated metadata prioritization; no eligibility decision,2026-09-30
11255536,Distant healing.,https://pubmed.ncbi.nlm.nih.gov/11255536/,NOTICE_CHECK_PRIORITY,Linked notice/publication type detected; reconcile original and notice before use.,SCREENING_PENDING,Automated metadata prioritization; no eligibility decision,2026-09-30
11270063,Prayer and distant healing: Sicher et al. (1998).,https://pubmed.ncbi.nlm.nih.gov/11270063/,NO_ABSTRACT_SOURCE_PRIORITY,No primary abstract returned. Read title and acquire original source; no efficacy conclusion extracted.,SCREENING_PENDING,Automated metadata prioritization; no eligibility decision,2026-09-30
11317722,A comparative statistical analysis of neuronavigation systems in a clinical setting.,https://pubmed.ncbi.nlm.nih.gov/11317722/,ABSTRACT_SCREENING_PRIORITY,Available abstract needs eligibility review; metadata hint is not an inclusion/exclusion decision.,SCREENING_PENDING,Automated metadata prioritization; no eligibility decision,2026-09-30
11321475,Effects of emitted Qi on in vitro natural killer cell cytotoxic activity.,https://pubmed.ncbi.nlm.nih.gov/11321475/,ABSTRACT_SCREENING_PRIORITY,Available abstract needs eligibility review; metadata hint is not an inclusion/exclusion decision.,SCREENING_PENDING,Automated metadata prioritization; no eligibility decision,2026-09-30
11324176,Reiki. A complementary therapy for nursing practice.,https://pubmed.ncbi.nlm.nih.gov/11324176/,REVIEW_CITATION_PRIORITY,Review metadata found. Consider citation chasing; do not count as independent primary replication.,SCREENING_PENDING,Automated metadata prioritization; no eligibility decision,2026-09-30
11342408,Healing touch.,https://pubmed.ncbi.nlm.nih.gov/11342408/,REVIEW_CITATION_PRIORITY,Review metadata found. Consider citation chasing; do not count as independent primary replication.,SCREENING_PENDING,Automated metadata prioritization; no eligibility decision,2026-09-30
11362356,Reiki as an alternative healing method.,https://pubmed.ncbi.nlm.nih.gov/11362356/,NO_ABSTRACT_SOURCE_PRIORITY,No primary abstract returned. Read title and acquire original source; no efficacy conclusion extracted.,SCREENING_PENDING,Automated metadata prioritization; no eligibility decision,2026-09-30
11366862,A healing touch: massage therapy and HIV/AIDS.,https://pubmed.ncbi.nlm.nih.gov/11366862/,NO_ABSTRACT_SOURCE_PRIORITY,No primary abstract returned. Read title and acquire original source; no efficacy conclusion extracted.,SCREENING_PENDING,Automated metadata prioritization; no eligibility decision,2026-09-30
11370483,Influences of a relaxation intervention on perceived stress and power spectral analysis of heart rate variability.,https://pubmed.ncbi.nlm.nih.gov/11370483/,ABSTRACT_SCREENING_PRIORITY,Available abstract needs eligibility review; metadata hint is not an inclusion/exclusion decision.,SCREENING_PENDING,Automated metadata prioritization; no eligibility decision,2026-09-30
11424357,[Minimally invasive stereotactic functional surgery using an intravenous anesthetic propofol and applying Image Fusion and AtlasPlan].,https://pubmed.ncbi.nlm.nih.gov/11424357/,ABSTRACT_SCREENING_PRIORITY,Available abstract needs eligibility review; metadata hint is not an inclusion/exclusion decision.,SCREENING_PENDING,Automated metadata prioritization; no eligibility decision,2026-09-30
11436379,Have we lost the healing touch?,https://pubmed.ncbi.nlm.nih.gov/11436379/,NO_ABSTRACT_SOURCE_PRIORITY,No primary abstract returned. Read title and acquire original source; no efficacy conclusion extracted.,SCREENING_PENDING,Automated metadata prioritization; no eligibility decision,2026-09-30
11448378,Long-term effectiveness of disseminating quality improvement for depression in primary care.,https://pubmed.ncbi.nlm.nih.gov/11448378/,EMPIRICAL_REVIEW_PRIORITY,"Trial/pilot metadata found. Confirm named modality, design, outcomes and eligibility from primary material.",SCREENING_PENDING,Automated metadata prioritization; no eligibility decision,2026-09-30
11465982,The morphological effects of a radio frequency lesion adjacent to the dorsal root ganglion (RF-DRG)--an experimental study in the goat.,https://pubmed.ncbi.nlm.nih.gov/11465982/,ABSTRACT_SCREENING_PRIORITY,Available abstract needs eligibility review; metadata hint is not an inclusion/exclusion decision.,SCREENING_PENDING,Automated metadata prioritization; no eligibility decision,2026-09-30
11474938,Phantom dosimetry for conformal stereotactic radiotherapy with a head and neck localizer frame.,https://pubmed.ncbi.nlm.nih.gov/11474938/,ABSTRACT_SCREENING_PRIORITY,Available abstract needs eligibility review; metadata hint is not an inclusion/exclusion decision.,SCREENING_PENDING,Automated metadata prioritization; no eligibility decision,2026-09-30
11478564,Nurses' perceptions of complementary and alternative medical therapies.,https://pubmed.ncbi.nlm.nih.gov/11478564/,ABSTRACT_SCREENING_PRIORITY,Available abstract needs eligibility review; metadata hint is not an inclusion/exclusion decision.,SCREENING_PENDING,Automated metadata prioritization; no eligibility decision,2026-09-30
11482809,Stress management for patient and physician.,https://pubmed.ncbi.nlm.nih.gov/11482809/,ABSTRACT_SCREENING_PRIORITY,Available abstract needs eligibility review; metadata hint is not an inclusion/exclusion decision.,SCREENING_PENDING,Automated metadata prioritization; no eligibility decision,2026-09-30
11517850,Exploring the management of bone metastasis according to the Roy Adaptation Model.,https://pubmed.ncbi.nlm.nih.gov/11517850/,REVIEW_CITATION_PRIORITY,Review metadata found. Consider citation chasing; do not count as independent primary replication.,SCREENING_PENDING,Automated metadata prioritization; no eligibility decision,2026-09-30
11525790,Complementary and alternative medicine for glaucoma.,https://pubmed.ncbi.nlm.nih.gov/11525790/,REVIEW_CITATION_PRIORITY,Review metadata found. Consider citation chasing; do not count as independent primary replication.,SCREENING_PENDING,Automated metadata prioritization; no eligibility decision,2026-09-30
11527067,Qi therapy as an intervention to reduce chronic pain and to enhance mood in elderly subjects: a pilot study.,https://pubmed.ncbi.nlm.nih.gov/11527067/,EMPIRICAL_REVIEW_PRIORITY,"Trial/pilot metadata found. Confirm named modality, design, outcomes and eligibility from primary material.",SCREENING_PENDING,Automated metadata prioritization; no eligibility decision,2026-09-30
11560537,Cost-effectiveness of practice-initiated quality improvement for depression: results of a randomized controlled trial.,https://pubmed.ncbi.nlm.nih.gov/11560537/,NOTICE_CHECK_PRIORITY,Linked notice/publication type detected; reconcile original and notice before use.,SCREENING_PENDING,Automated metadata prioritization; no eligibility decision,2026-09-30
11576031,Two-year effects of quality improvement programs on medication management for depression.,https://pubmed.ncbi.nlm.nih.gov/11576031/,EMPIRICAL_REVIEW_PRIORITY,"Trial/pilot metadata found. Confirm named modality, design, outcomes and eligibility from primary material.",SCREENING_PENDING,Automated metadata prioritization; no eligibility decision,2026-09-30
11586477,CAMPing in the PACU: using complementary and alternative medical practices in the PACU.,https://pubmed.ncbi.nlm.nih.gov/11586477/,ABSTRACT_SCREENING_PRIORITY,Available abstract needs eligibility review; metadata hint is not an inclusion/exclusion decision.,SCREENING_PENDING,Automated metadata prioritization; no eligibility decision,2026-09-30
11609843,Christian science and mind cure in America: a review article.,https://pubmed.ncbi.nlm.nih.gov/11609843/,NO_ABSTRACT_SOURCE_PRIORITY,No primary abstract returned. Read title and acquire original source; no efficacy conclusion extracted.,SCREENING_PENDING,Automated metadata prioritization; no eligibility decision,2026-09-30
11611908,Christian Scientists and the medical profession: a historical perspective.,https://pubmed.ncbi.nlm.nih.gov/11611908/,NO_ABSTRACT_SOURCE_PRIORITY,No primary abstract returned. Read title and acquire original source; no efficacy conclusion extracted.,SCREENING_PENDING,Automated metadata prioritization; no eligibility decision,2026-09-30
11630626,"Mary Baker Eddy, founder of Christian Science; the sublime hysteric.",https://pubmed.ncbi.nlm.nih.gov/11630626/,NO_ABSTRACT_SOURCE_PRIORITY,No primary abstract returned. Read title and acquire original source; no efficacy conclusion extracted.,SCREENING_PENDING,Automated metadata prioritization; no eligibility decision,2026-09-30
11644130,"When parents choose prayer over medicine, should courts step in?",https://pubmed.ncbi.nlm.nih.gov/11644130/,NO_ABSTRACT_SOURCE_PRIORITY,No primary abstract returned. Read title and acquire original source; no efficacy conclusion extracted.,SCREENING_PENDING,Automated metadata prioritization; no eligibility decision,2026-09-30
11646775,Boston jury convicts 2 Christian Scientists in death of a son.,https://pubmed.ncbi.nlm.nih.gov/11646775/,NO_ABSTRACT_SOURCE_PRIORITY,No primary abstract returned. Read title and acquire original source; no efficacy conclusion extracted.,SCREENING_PENDING,Automated metadata prioritization; no eligibility decision,2026-09-30
11646777,"Death and faith, law and Christian Science.",https://pubmed.ncbi.nlm.nih.gov/11646777/,NO_ABSTRACT_SOURCE_PRIORITY,No primary abstract returned. Read title and acquire original source; no efficacy conclusion extracted.,SCREENING_PENDING,Automated metadata prioritization; no eligibility decision,2026-09-30
11647090,Christian Scientists rebuffed in ruling by Supreme Court.,https://pubmed.ncbi.nlm.nih.gov/11647090/,NO_ABSTRACT_SOURCE_PRIORITY,No primary abstract returned. Read title and acquire original source; no efficacy conclusion extracted.,SCREENING_PENDING,Automated metadata prioritization; no eligibility decision,2026-09-30
11647946,Christian Scientists found liable in death.,https://pubmed.ncbi.nlm.nih.gov/11647946/,NO_ABSTRACT_SOURCE_PRIORITY,No primary abstract returned. Read title and acquire original source; no efficacy conclusion extracted.,SCREENING_PENDING,Automated metadata prioritization; no eligibility decision,2026-09-30
11648250,Newmark v. Williams.,https://pubmed.ncbi.nlm.nih.gov/11648250/,NO_ABSTRACT_SOURCE_PRIORITY,No primary abstract returned. Read title and acquire original source; no efficacy conclusion extracted.,SCREENING_PENDING,Automated metadata prioritization; no eligibility decision,2026-09-30
11651642,Christian Science and health care.,https://pubmed.ncbi.nlm.nih.gov/11651642/,NO_ABSTRACT_SOURCE_PRIORITY,No primary abstract returned. Read title and acquire original source; no efficacy conclusion extracted.,SCREENING_PENDING,Automated metadata prioritization; no eligibility decision,2026-09-30
11676732,Student-patient communication during physiotherapy treatment.,https://pubmed.ncbi.nlm.nih.gov/11676732/,ABSTRACT_SCREENING_PRIORITY,Available abstract needs eligibility review; metadata hint is not an inclusion/exclusion decision.,SCREENING_PENDING,Automated metadata prioritization; no eligibility decision,2026-09-30
11694756,[Distant healing and clinical research].,https://pubmed.ncbi.nlm.nih.gov/11694756/,REVIEW_CITATION_PRIORITY,Review metadata found. Consider citation chasing; do not count as independent primary replication.,SCREENING_PENDING,Automated metadata prioritization; no eligibility decision,2026-09-30
11697072,Use of music therapy and other ITNIs in acute care.,https://pubmed.ncbi.nlm.nih.gov/11697072/,ABSTRACT_SCREENING_PRIORITY,Available abstract needs eligibility review; metadata hint is not an inclusion/exclusion decision.,SCREENING_PENDING,Automated metadata prioritization; no eligibility decision,2026-09-30
11704463,Immobilization in stereotactic radiotherapy: the head and neck localizer frame.,https://pubmed.ncbi.nlm.nih.gov/11704463/,ABSTRACT_SCREENING_PRIORITY,Available abstract needs eligibility review; metadata hint is not an inclusion/exclusion decision.,SCREENING_PENDING,Automated metadata prioritization; no eligibility decision,2026-09-30
11707799,Percutaneous radiofrequency lesioning of sensory branches of the obturator and femoral nerves for the treatment of hip joint pain.,https://pubmed.ncbi.nlm.nih.gov/11707799/,ABSTRACT_SCREENING_PRIORITY,Available abstract needs eligibility review; metadata hint is not an inclusion/exclusion decision.,SCREENING_PENDING,Automated metadata prioritization; no eligibility decision,2026-09-30
11707986,[Usefulness of CT-guided RFA for hepatocellular carcinoma].,https://pubmed.ncbi.nlm.nih.gov/11707986/,ABSTRACT_SCREENING_PRIORITY,Available abstract needs eligibility review; metadata hint is not an inclusion/exclusion decision.,SCREENING_PENDING,Automated metadata prioritization; no eligibility decision,2026-09-30
11707988,[Comparison of microwave coagulation using a new type electrode with radiofrequency ablation in the liver of living animals].,https://pubmed.ncbi.nlm.nih.gov/11707988/,ABSTRACT_SCREENING_PRIORITY,Available abstract needs eligibility review; metadata hint is not an inclusion/exclusion decision.,SCREENING_PENDING,Automated metadata prioritization; no eligibility decision,2026-09-30
11759611,"""Unruffling"" the mystique of therapeutic touch.",https://pubmed.ncbi.nlm.nih.gov/11759611/,NOTICE_CHECK_PRIORITY,Linked notice/publication type detected; reconcile original and notice before use.,SCREENING_PENDING,Automated metadata prioritization; no eligibility decision,2026-09-30
11759612,Investigating therapeutic touch.,https://pubmed.ncbi.nlm.nih.gov/11759612/,NOTICE_CHECK_PRIORITY,Linked notice/publication type detected; reconcile original and notice before use.,SCREENING_PENDING,Automated metadata prioritization; no eligibility decision,2026-09-30
11795608,Distant healing revisited: time for a new epistemology.,https://pubmed.ncbi.nlm.nih.gov/11795608/,NOTICE_CHECK_PRIORITY,Linked notice/publication type detected; reconcile original and notice before use.,SCREENING_PENDING,Automated metadata prioritization; no eligibility decision,2026-09-30
11795611,Two case reports of distant healing: new paradigms at work?,https://pubmed.ncbi.nlm.nih.gov/11795611/,NOTICE_CHECK_PRIORITY,Linked notice/publication type detected; reconcile original and notice before use.,SCREENING_PENDING,Automated metadata prioritization; no eligibility decision,2026-09-30
11808403,The experience of Therapeutic Touch in the lives of five postpartum women.,https://pubmed.ncbi.nlm.nih.gov/11808403/,ABSTRACT_SCREENING_PRIORITY,Available abstract needs eligibility review; metadata hint is not an inclusion/exclusion decision.,SCREENING_PENDING,Automated metadata prioritization; no eligibility decision,2026-09-30
11816777,Complementary and alternative medicine: what's it all about?,https://pubmed.ncbi.nlm.nih.gov/11816777/,REVIEW_CITATION_PRIORITY,Review metadata found. Consider citation chasing; do not count as independent primary replication.,SCREENING_PENDING,Automated metadata prioritization; no eligibility decision,2026-09-30
11837015,Woman wins claim for tax deductability of complementary/alternative medical expenses.,https://pubmed.ncbi.nlm.nih.gov/11837015/,ABSTRACT_SCREENING_PRIORITY,Available abstract needs eligibility review; metadata hint is not an inclusion/exclusion decision.,SCREENING_PENDING,Automated metadata prioritization; no eligibility decision,2026-09-30
11847652,The effectiveness of therapeutic touch: a meta-analytic review.,https://pubmed.ncbi.nlm.nih.gov/11847652/,REVIEW_CITATION_PRIORITY,Review metadata found. Consider citation chasing; do not count as independent primary replication.,SCREENING_PENDING,Automated metadata prioritization; no eligibility decision,2026-09-30
11847715,Spirituality of healing touch participants.,https://pubmed.ncbi.nlm.nih.gov/11847715/,ABSTRACT_SCREENING_PRIORITY,Available abstract needs eligibility review; metadata hint is not an inclusion/exclusion decision.,SCREENING_PENDING,Automated metadata prioritization; no eligibility decision,2026-09-30
11855266,Therapeutic touch for a patient after a Whipple procedure.,https://pubmed.ncbi.nlm.nih.gov/11855266/,ABSTRACT_SCREENING_PRIORITY,Available abstract needs eligibility review; metadata hint is not an inclusion/exclusion decision.,SCREENING_PENDING,Automated metadata prioritization; no eligibility decision,2026-09-30
11855527,"The effects of Healing Touch on the coping ability, self esteem and general health of undergraduate nursing students.",https://pubmed.ncbi.nlm.nih.gov/11855527/,NOTICE_CHECK_PRIORITY,Linked notice/publication type detected; reconcile original and notice before use.,SCREENING_PENDING,Automated metadata prioritization; no eligibility decision,2026-09-30
11855528,Working with survivors of torture in Sarajevo with Reiki.,https://pubmed.ncbi.nlm.nih.gov/11855528/,ABSTRACT_SCREENING_PRIORITY,Available abstract needs eligibility review; metadata hint is not an inclusion/exclusion decision.,SCREENING_PENDING,Automated metadata prioritization; no eligibility decision,2026-09-30
11855800,Therapeutic caring: a learning disability experience.,https://pubmed.ncbi.nlm.nih.gov/11855800/,ABSTRACT_SCREENING_PRIORITY,Available abstract needs eligibility review; metadata hint is not an inclusion/exclusion decision.,SCREENING_PENDING,Automated metadata prioritization; no eligibility decision,2026-09-30
11858593,Unruffling the mystique of therapeutic touch. TT: the voices for.,https://pubmed.ncbi.nlm.nih.gov/11858593/,NOTICE_CHECK_PRIORITY,Linked notice/publication type detected; reconcile original and notice before use.,SCREENING_PENDING,Automated metadata prioritization; no eligibility decision,2026-09-30
11858594,Unruffling the mystique of therapeutic touch. TT: the voices for.,https://pubmed.ncbi.nlm.nih.gov/11858594/,NOTICE_CHECK_PRIORITY,Linked notice/publication type detected; reconcile original and notice before use.,SCREENING_PENDING,Automated metadata prioritization; no eligibility decision,2026-09-30
11858595,Unruffling the mystique of therapeutic touch. TT: the voices against.,https://pubmed.ncbi.nlm.nih.gov/11858595/,NOTICE_CHECK_PRIORITY,Linked notice/publication type detected; reconcile original and notice before use.,SCREENING_PENDING,Automated metadata prioritization; no eligibility decision,2026-09-30
11858596,Unruffling the mystique of therapeutic touch. TT: the voices against.,https://pubmed.ncbi.nlm.nih.gov/11858596/,NOTICE_CHECK_PRIORITY,Linked notice/publication type detected; reconcile original and notice before use.,SCREENING_PENDING,Automated metadata prioritization; no eligibility decision,2026-09-30
11858597,Unruffling the mystique of therapeutic touch. TT: the voices against.,https://pubmed.ncbi.nlm.nih.gov/11858597/,NOTICE_CHECK_PRIORITY,Linked notice/publication type detected; reconcile original and notice before use.,SCREENING_PENDING,Automated metadata prioritization; no eligibility decision,2026-09-30
11858598,Unruffling the mystique of therapeutic touch. TT: the voices against.,https://pubmed.ncbi.nlm.nih.gov/11858598/,NOTICE_CHECK_PRIORITY,Linked notice/publication type detected; reconcile original and notice before use.,SCREENING_PENDING,Automated metadata prioritization; no eligibility decision,2026-09-30
11858599,Unruffling the mystique of therapeutic touch. TT: the voices against.,https://pubmed.ncbi.nlm.nih.gov/11858599/,NOTICE_CHECK_PRIORITY,Linked notice/publication type detected; reconcile original and notice before use.,SCREENING_PENDING,Automated metadata prioritization; no eligibility decision,2026-09-30
11866025,Healing pathways through energy work in the perianesthesia care setting.,https://pubmed.ncbi.nlm.nih.gov/11866025/,REVIEW_CITATION_PRIORITY,Review metadata found. Consider citation chasing; do not count as independent primary replication.,SCREENING_PENDING,Automated metadata prioritization; no eligibility decision,2026-09-30
11873336,Nursing research on the health patterning modalities of therapeutic touch and imagery.,https://pubmed.ncbi.nlm.nih.gov/11873336/,REVIEW_CITATION_PRIORITY,Review metadata found. Consider citation chasing; do not count as independent primary replication.,SCREENING_PENDING,Automated metadata prioritization; no eligibility decision,2026-09-30
11890385,Experience of a Reiki session.,https://pubmed.ncbi.nlm.nih.gov/11890385/,EMPIRICAL_REVIEW_PRIORITY,"Trial/pilot metadata found. Confirm named modality, design, outcomes and eligibility from primary material.",SCREENING_PENDING,Automated metadata prioritization; no eligibility decision,2026-09-30
11890432,The clinical effectiveness of healing touch.,https://pubmed.ncbi.nlm.nih.gov/11890432/,EMPIRICAL_REVIEW_PRIORITY,"Trial/pilot metadata found. Confirm named modality, design, outcomes and eligibility from primary material.",SCREENING_PENDING,Automated metadata prioritization; no eligibility decision,2026-09-30
11893844,[Distant healing and diabetes mellitus. A pilot study].,https://pubmed.ncbi.nlm.nih.gov/11893844/,EMPIRICAL_REVIEW_PRIORITY,"Trial/pilot metadata found. Confirm named modality, design, outcomes and eligibility from primary material.",SCREENING_PENDING,Automated metadata prioritization; no eligibility decision,2026-09-30
11894284,Patterns of use of complementary health services in the south-west of Western Australia.,https://pubmed.ncbi.nlm.nih.gov/11894284/,ABSTRACT_SCREENING_PRIORITY,Available abstract needs eligibility review; metadata hint is not an inclusion/exclusion decision.,SCREENING_PENDING,Automated metadata prioritization; no eligibility decision,2026-09-30
11898191,My journey into the literature of Therapeutic Touch and Healing Touch: Part 1.,https://pubmed.ncbi.nlm.nih.gov/11898191/,NOTICE_CHECK_PRIORITY,Linked notice/publication type detected; reconcile original and notice before use.,SCREENING_PENDING,Automated metadata prioritization; no eligibility decision,2026-09-30
11898291,My journey into the literature of Therapeutic Touch and Healing Touch: Part 2.,https://pubmed.ncbi.nlm.nih.gov/11898291/,NOTICE_CHECK_PRIORITY,Linked notice/publication type detected; reconcile original and notice before use.,SCREENING_PENDING,Automated metadata prioritization; no eligibility decision,2026-09-30
11898589,Healing touch certificate program.,https://pubmed.ncbi.nlm.nih.gov/11898589/,NO_ABSTRACT_SOURCE_PRIORITY,No primary abstract returned. Read title and acquire original source; no efficacy conclusion extracted.,SCREENING_PENDING,Automated metadata prioritization; no eligibility decision,2026-09-30
11898687,The effect of an educational intervention on willingness to receive therapeutic touch.,https://pubmed.ncbi.nlm.nih.gov/11898687/,ABSTRACT_SCREENING_PRIORITY,Available abstract needs eligibility review; metadata hint is not an inclusion/exclusion decision.,SCREENING_PENDING,Automated metadata prioritization; no eligibility decision,2026-09-30
11898908,Research methodology for studies of prayer and distant healing.,https://pubmed.ncbi.nlm.nih.gov/11898908/,REVIEW_CITATION_PRIORITY,Review metadata found. Consider citation chasing; do not count as independent primary replication.,SCREENING_PENDING,Automated metadata prioritization; no eligibility decision,2026-09-30
11926432,Which complementary and alternative therapies benefit which conditions? A survey of the opinions of 223 professional organizations.,https://pubmed.ncbi.nlm.nih.gov/11926432/,ABSTRACT_SCREENING_PRIORITY,Available abstract needs eligibility review; metadata hint is not an inclusion/exclusion decision.,SCREENING_PENDING,Automated metadata prioritization; no eligibility decision,2026-09-30
11931339,Early newborn discharge: a tale of two hospitals.,https://pubmed.ncbi.nlm.nih.gov/11931339/,ABSTRACT_SCREENING_PRIORITY,Available abstract needs eligibility review; metadata hint is not an inclusion/exclusion decision.,SCREENING_PENDING,Automated metadata prioritization; no eligibility decision,2026-09-30
11932818,Stereotactic biopsies guided by an optical navigation system: technique and clinical experience.,https://pubmed.ncbi.nlm.nih.gov/11932818/,ABSTRACT_SCREENING_PRIORITY,Available abstract needs eligibility review; metadata hint is not an inclusion/exclusion decision.,SCREENING_PENDING,Automated metadata prioritization; no eligibility decision,2026-09-30
11979292,Therapeutic effects of massage therapy and handling touch on caregivers of patients undergoing autologous hematopoietic stem cell transplant.,https://pubmed.ncbi.nlm.nih.gov/11979292/,ABSTRACT_SCREENING_PRIORITY,Available abstract needs eligibility review; metadata hint is not an inclusion/exclusion decision.,SCREENING_PENDING,Automated metadata prioritization; no eligibility decision,2026-09-30
11984412,'Unruffling' the mystique of therapeutic touch. A voice for TT.,https://pubmed.ncbi.nlm.nih.gov/11984412/,NO_ABSTRACT_SOURCE_PRIORITY,No primary abstract returned. Read title and acquire original source; no efficacy conclusion extracted.,SCREENING_PENDING,Automated metadata prioritization; no eligibility decision,2026-09-30
11984413,'Unruffling' the mystique of therapeutic touch. And voices against TT.,https://pubmed.ncbi.nlm.nih.gov/11984413/,NO_ABSTRACT_SOURCE_PRIORITY,No primary abstract returned. Read title and acquire original source; no efficacy conclusion extracted.,SCREENING_PENDING,Automated metadata prioritization; no eligibility decision,2026-09-30
11993014,The healing power of intercessory prayer.,https://pubmed.ncbi.nlm.nih.gov/11993014/,ABSTRACT_SCREENING_PRIORITY,Available abstract needs eligibility review; metadata hint is not an inclusion/exclusion decision.,SCREENING_PENDING,Automated metadata prioritization; no eligibility decision,2026-09-30
12007267,'Unruffling' the mystique of therapeutic touch. And voices against TT.,https://pubmed.ncbi.nlm.nih.gov/12007267/,NO_ABSTRACT_SOURCE_PRIORITY,No primary abstract returned. Read title and acquire original source; no efficacy conclusion extracted.,SCREENING_PENDING,Automated metadata prioritization; no eligibility decision,2026-09-30
12007268,Localisation of the subthalamic nucleus using Radionics Image Fusion and Stereoplan combined with field potential recording. A technical note.,https://pubmed.ncbi.nlm.nih.gov/12007268/,ABSTRACT_SCREENING_PRIORITY,Available abstract needs eligibility review; metadata hint is not an inclusion/exclusion decision.,SCREENING_PENDING,Automated metadata prioritization; no eligibility decision,2026-09-30
12007278,Miniature multileaf collimator as an alternative to traditional circular collimators for stereotactic radiosurgery and stereotactic radiotherapy.,https://pubmed.ncbi.nlm.nih.gov/12007278/,ABSTRACT_SCREENING_PRIORITY,Available abstract needs eligibility review; metadata hint is not an inclusion/exclusion decision.,SCREENING_PENDING,Automated metadata prioritization; no eligibility decision,2026-09-30
12025798,First-line treatment for osteoarthritis. Part 2: Nonpharmacologic interventions and evaluation.,https://pubmed.ncbi.nlm.nih.gov/12025798/,ABSTRACT_SCREENING_PRIORITY,Available abstract needs eligibility review; metadata hint is not an inclusion/exclusion decision.,SCREENING_PENDING,Automated metadata prioritization; no eligibility decision,2026-09-30
12041164,State v. McKown.,https://pubmed.ncbi.nlm.nih.gov/12041164/,NO_ABSTRACT_SOURCE_PRIORITY,No primary abstract returned. Read title and acquire original source; no efficacy conclusion extracted.,SCREENING_PENDING,Automated metadata prioritization; no eligibility decision,2026-09-30
12042801,The healing touch of epidermal T cells.,https://pubmed.ncbi.nlm.nih.gov/12042801/,NO_ABSTRACT_SOURCE_PRIORITY,No primary abstract returned. Read title and acquire original source; no efficacy conclusion extracted.,SCREENING_PENDING,Automated metadata prioritization; no eligibility decision,2026-09-30
12046440,[Holistic nursing with healing touch. Experiences with an energy healing method].,https://pubmed.ncbi.nlm.nih.gov/12046440/,NO_ABSTRACT_SOURCE_PRIORITY,No primary abstract returned. Read title and acquire original source; no efficacy conclusion extracted.,SCREENING_PENDING,Automated metadata prioritization; no eligibility decision,2026-09-30
12056313,Pranic healing: an energy-based healing practice for the contemporary nurse.,https://pubmed.ncbi.nlm.nih.gov/12056313/,MANUALLY_REVIEWED_RECORD,Narrative review introducing Pranic Healing to nursing. Arguments and selected discoveries are not original controlled clinical results.,PRIMARY_RECORD_REVIEWED,ILMB single-reviewer primary-record review,2026-09-30
12060945,Intentionality: applications within selected theories of nursing.,https://pubmed.ncbi.nlm.nih.gov/12060945/,REVIEW_CITATION_PRIORITY,Review metadata found. Consider citation chasing; do not count as independent primary replication.,SCREENING_PENDING,Automated metadata prioritization; no eligibility decision,2026-09-30
12065105,"High-dose, high-precision treatment options for boosting cancer of the nasopharynx.",https://pubmed.ncbi.nlm.nih.gov/12065105/,ABSTRACT_SCREENING_PRIORITY,Available abstract needs eligibility review; metadata hint is not an inclusion/exclusion decision.,SCREENING_PENDING,Automated metadata prioritization; no eligibility decision,2026-09-30
12111485,Laboratory testing of hydrocephalus shunts -- conclusion of the U.K. Shunt evaluation programme.,https://pubmed.ncbi.nlm.nih.gov/12111485/,ABSTRACT_SCREENING_PRIORITY,Available abstract needs eligibility review; metadata hint is not an inclusion/exclusion decision.,SCREENING_PENDING,Automated metadata prioritization; no eligibility decision,2026-09-30
12113364,Water witching and dowsing.,https://pubmed.ncbi.nlm.nih.gov/12113364/,NO_ABSTRACT_SOURCE_PRIORITY,No primary abstract returned. Read title and acquire original source; no efficacy conclusion extracted.,SCREENING_PENDING,Automated metadata prioritization; no eligibility decision,2026-09-30
12119513,Efficacy of distant healing--a proposal for a four-armed randomized study (EUHEALS).,https://pubmed.ncbi.nlm.nih.gov/12119513/,EMPIRICAL_REVIEW_PRIORITY,"Trial/pilot metadata found. Confirm named modality, design, outcomes and eligibility from primary material.",SCREENING_PENDING,Automated metadata prioritization; no eligibility decision,2026-09-30
12119623,Therapeutic touch coming of age.,https://pubmed.ncbi.nlm.nih.gov/12119623/,REVIEW_CITATION_PRIORITY,Review metadata found. Consider citation chasing; do not count as independent primary replication.,SCREENING_PENDING,Automated metadata prioritization; no eligibility decision,2026-09-30
12119624,Use of therapeutic touch in treatment of drug addictions.,https://pubmed.ncbi.nlm.nih.gov/12119624/,ABSTRACT_SCREENING_PRIORITY,Available abstract needs eligibility review; metadata hint is not an inclusion/exclusion decision.,SCREENING_PENDING,Automated metadata prioritization; no eligibility decision,2026-09-30
12119625,The empowering nature of Reiki as a complementary therapy.,https://pubmed.ncbi.nlm.nih.gov/12119625/,REVIEW_CITATION_PRIORITY,Review metadata found. Consider citation chasing; do not count as independent primary replication.,SCREENING_PENDING,Automated metadata prioritization; no eligibility decision,2026-09-30
12141244,Sound healing.,https://pubmed.ncbi.nlm.nih.gov/12141244/,NO_ABSTRACT_SOURCE_PRIORITY,No primary abstract returned. Read title and acquire original source; no efficacy conclusion extracted.,SCREENING_PENDING,Automated metadata prioritization; no eligibility decision,2026-09-30
12168323,Shunt testing in-vivo: a method based on the data from the UK shunt evaluation laboratory.,https://pubmed.ncbi.nlm.nih.gov/12168323/,ABSTRACT_SCREENING_PRIORITY,Available abstract needs eligibility review; metadata hint is not an inclusion/exclusion decision.,SCREENING_PENDING,Automated metadata prioritization; no eligibility decision,2026-09-30
12188157,Reiki.,https://pubmed.ncbi.nlm.nih.gov/12188157/,NO_ABSTRACT_SOURCE_PRIORITY,No primary abstract returned. Read title and acquire original source; no efficacy conclusion extracted.,SCREENING_PENDING,Automated metadata prioritization; no eligibility decision,2026-09-30
12201884,Psycho-affective disorder in intensive care units: a review.,https://pubmed.ncbi.nlm.nih.gov/12201884/,REVIEW_CITATION_PRIORITY,Review metadata found. Consider citation chasing; do not count as independent primary replication.,SCREENING_PENDING,Automated metadata prioritization; no eligibility decision,2026-09-30
12231432,Non-linear dynamic complexity of the human EEG during meditation.,https://pubmed.ncbi.nlm.nih.gov/12231432/,ABSTRACT_SCREENING_PRIORITY,Available abstract needs eligibility review; metadata hint is not an inclusion/exclusion decision.,SCREENING_PENDING,Automated metadata prioritization; no eligibility decision,2026-09-30
12269776,Assessing complementary therapy services in a hospice program.,https://pubmed.ncbi.nlm.nih.gov/12269776/,ABSTRACT_SCREENING_PRIORITY,Available abstract needs eligibility review; metadata hint is not an inclusion/exclusion decision.,SCREENING_PENDING,Automated metadata prioritization; no eligibility decision,2026-09-30
12271550,Therapeutic touch in dementia care.,https://pubmed.ncbi.nlm.nih.gov/12271550/,NO_ABSTRACT_SOURCE_PRIORITY,No primary abstract returned. Read title and acquire original source; no efficacy conclusion extracted.,SCREENING_PENDING,Automated metadata prioritization; no eligibility decision,2026-09-30
12375821,Conversion of measured percentage depth dose to tissue maximum ratio values in stereotactic radiotherapy.,https://pubmed.ncbi.nlm.nih.gov/12375821/,ABSTRACT_SCREENING_PRIORITY,Available abstract needs eligibility review; metadata hint is not an inclusion/exclusion decision.,SCREENING_PENDING,Automated metadata prioritization; no eligibility decision,2026-09-30
12383365,Spinal cord mapping as an adjunct for resection of intramedullary tumors: surgical technique with case illustrations.,https://pubmed.ncbi.nlm.nih.gov/12383365/,ABSTRACT_SCREENING_PRIORITY,Available abstract needs eligibility review; metadata hint is not an inclusion/exclusion decision.,SCREENING_PENDING,Automated metadata prioritization; no eligibility decision,2026-09-30
12408216,The effect of therapeutic touch on agitated behavior and cortisol in persons with Alzheimer's disease.,https://pubmed.ncbi.nlm.nih.gov/12408216/,EMPIRICAL_REVIEW_PRIORITY,"Trial/pilot metadata found. Confirm named modality, design, outcomes and eligibility from primary material.",SCREENING_PENDING,Automated metadata prioritization; no eligibility decision,2026-09-30
12418375,[Treatment of malignant liver tumors with radio-frequency ablation (RFA)].,https://pubmed.ncbi.nlm.nih.gov/12418375/,ABSTRACT_SCREENING_PRIORITY,Available abstract needs eligibility review; metadata hint is not an inclusion/exclusion decision.,SCREENING_PENDING,Automated metadata prioritization; no eligibility decision,2026-09-30
12420534,The energetic language of therapeutic touch. A holistic tool for nurse practitioners.,https://pubmed.ncbi.nlm.nih.gov/12420534/,REVIEW_CITATION_PRIORITY,Review metadata found. Consider citation chasing; do not count as independent primary replication.,SCREENING_PENDING,Automated metadata prioritization; no eligibility decision,2026-09-30
12435217,"Complementary and alternative medicine for menopausal symptoms: a review of randomized, controlled trials.",https://pubmed.ncbi.nlm.nih.gov/12435217/,NOTICE_CHECK_PRIORITY,Linked notice/publication type detected; reconcile original and notice before use.,SCREENING_PENDING,Automated metadata prioritization; no eligibility decision,2026-09-30
12454906,Neurodevelopmental care in the NICU.,https://pubmed.ncbi.nlm.nih.gov/12454906/,ABSTRACT_SCREENING_PRIORITY,Available abstract needs eligibility review; metadata hint is not an inclusion/exclusion decision.,SCREENING_PENDING,Automated metadata prioritization; no eligibility decision,2026-09-30
12462823,Evidence-based practice and reviews of therapeutic touch.,https://pubmed.ncbi.nlm.nih.gov/12462823/,REVIEW_CITATION_PRIORITY,Review metadata found. Consider citation chasing; do not count as independent primary replication.,SCREENING_PENDING,Automated metadata prioritization; no eligibility decision,2026-09-30
12462824,Biobehavioral effects of therapeutic touch.,https://pubmed.ncbi.nlm.nih.gov/12462824/,EMPIRICAL_REVIEW_PRIORITY,"Trial/pilot metadata found. Confirm named modality, design, outcomes and eligibility from primary material.",SCREENING_PENDING,Automated metadata prioritization; no eligibility decision,2026-09-30
12470431,External qigong therapy for chronic orofacial pain.,https://pubmed.ncbi.nlm.nih.gov/12470431/,NO_ABSTRACT_SOURCE_PRIORITY,No primary abstract returned. Read title and acquire original source; no efficacy conclusion extracted.,SCREENING_PENDING,Automated metadata prioritization; no eligibility decision,2026-09-30
12470443,A preliminary study of the effect of external qigong on lymphoma growth in mice.,https://pubmed.ncbi.nlm.nih.gov/12470443/,ABSTRACT_SCREENING_PRIORITY,Available abstract needs eligibility review; metadata hint is not an inclusion/exclusion decision.,SCREENING_PENDING,Automated metadata prioritization; no eligibility decision,2026-09-30
12484025,[Examination of percutaneous microwave coagulation and radiofrequency ablation therapy for metastatic liver cancer].,https://pubmed.ncbi.nlm.nih.gov/12484025/,ABSTRACT_SCREENING_PRIORITY,Available abstract needs eligibility review; metadata hint is not an inclusion/exclusion decision.,SCREENING_PENDING,Automated metadata prioritization; no eligibility decision,2026-09-30
12484718,The healing touch.,https://pubmed.ncbi.nlm.nih.gov/12484718/,NO_ABSTRACT_SOURCE_PRIORITY,No primary abstract returned. Read title and acquire original source; no efficacy conclusion extracted.,SCREENING_PENDING,Automated metadata prioritization; no eligibility decision,2026-09-30
12492014,A therapeutic touch. An interview with Jelka Jonker. Interview by Fiona Kyck.,https://pubmed.ncbi.nlm.nih.gov/12492014/,NO_ABSTRACT_SOURCE_PRIORITY,No primary abstract returned. Read title and acquire original source; no efficacy conclusion extracted.,SCREENING_PENDING,Automated metadata prioritization; no eligibility decision,2026-09-30
12503455,Integration: a synergistic approach to health/wellness.,https://pubmed.ncbi.nlm.nih.gov/12503455/,REVIEW_CITATION_PRIORITY,Review metadata found. Consider citation chasing; do not count as independent primary replication.,SCREENING_PENDING,Automated metadata prioritization; no eligibility decision,2026-09-30
12510515,Strategies for innovative energy-based nursing practice: the Healing Touch program.,https://pubmed.ncbi.nlm.nih.gov/12510515/,REVIEW_CITATION_PRIORITY,Review metadata found. Consider citation chasing; do not count as independent primary replication.,SCREENING_PENDING,Automated metadata prioritization; no eligibility decision,2026-09-30
12516804,Histologic evaluation and treatment outcome after sequential radiofrequency ablation and hepatic resection for primary and metastatic tumors.,https://pubmed.ncbi.nlm.nih.gov/12516804/,NOTICE_CHECK_PRIORITY,Linked notice/publication type detected; reconcile original and notice before use.,SCREENING_PENDING,Automated metadata prioritization; no eligibility decision,2026-09-30
12564348,Therapeutic touch: a nursing practice.,https://pubmed.ncbi.nlm.nih.gov/12564348/,REVIEW_CITATION_PRIORITY,Review metadata found. Consider citation chasing; do not count as independent primary replication.,SCREENING_PENDING,Automated metadata prioritization; no eligibility decision,2026-09-30
12564349,Therapeutic touch at the crossroads: observations on the Rosa study.,https://pubmed.ncbi.nlm.nih.gov/12564349/,NO_ABSTRACT_SOURCE_PRIORITY,No primary abstract returned. Read title and acquire original source; no efficacy conclusion extracted.,SCREENING_PENDING,Automated metadata prioritization; no eligibility decision,2026-09-30
12564350,Outcomes of touch therapies during bone marrow transplant.,https://pubmed.ncbi.nlm.nih.gov/12564350/,EMPIRICAL_REVIEW_PRIORITY,"Trial/pilot metadata found. Confirm named modality, design, outcomes and eligibility from primary material.",SCREENING_PENDING,Automated metadata prioritization; no eligibility decision,2026-09-30
12564352,A nurse-statistician reanalyzes data from the Rosa therapeutic touch study.,https://pubmed.ncbi.nlm.nih.gov/12564352/,REVIEW_CITATION_PRIORITY,Review metadata found. Consider citation chasing; do not count as independent primary replication.,SCREENING_PENDING,Automated metadata prioritization; no eligibility decision,2026-09-30
12592974,Reiki: a gift and a skill anyone can learn.,https://pubmed.ncbi.nlm.nih.gov/12592974/,REVIEW_CITATION_PRIORITY,Review metadata found. Consider citation chasing; do not count as independent primary replication.,SCREENING_PENDING,Automated metadata prioritization; no eligibility decision,2026-09-30
12594975,"Complementary and alternative groups contemplate the need for effectiveness, safety and cost-effectiveness research.",https://pubmed.ncbi.nlm.nih.gov/12594975/,ABSTRACT_SCREENING_PRIORITY,Available abstract needs eligibility review; metadata hint is not an inclusion/exclusion decision.,SCREENING_PENDING,Automated metadata prioritization; no eligibility decision,2026-09-30
12614528,Effect of Reiki treatments on functional recovery in patients in poststroke rehabilitation: a pilot study.,https://pubmed.ncbi.nlm.nih.gov/12614528/,NOTICE_CHECK_PRIORITY,Linked notice/publication type detected; reconcile original and notice before use.,SCREENING_PENDING,Automated metadata prioritization; no eligibility decision,2026-09-30
12620133,National Center for Complementary and Alternative Medicine perspectives for complementary and alternative medicine research in cardiovascular diseases.,https://pubmed.ncbi.nlm.nih.gov/12620133/,ABSTRACT_SCREENING_PRIORITY,Available abstract needs eligibility review; metadata hint is not an inclusion/exclusion decision.,SCREENING_PENDING,Automated metadata prioritization; no eligibility decision,2026-09-30
12629941,What are the distinctions between Reiki and therapeutic touch?,https://pubmed.ncbi.nlm.nih.gov/12629941/,NO_ABSTRACT_SOURCE_PRIORITY,No primary abstract returned. Read title and acquire original source; no efficacy conclusion extracted.,SCREENING_PENDING,Automated metadata prioritization; no eligibility decision,2026-09-30
12630139,Integrative care--Reiki.,https://pubmed.ncbi.nlm.nih.gov/12630139/,NOTICE_CHECK_PRIORITY,Linked notice/publication type detected; reconcile original and notice before use.,SCREENING_PENDING,Automated metadata prioritization; no eligibility decision,2026-09-30
12652880,Reiki: a starting point for integrative medicine.,https://pubmed.ncbi.nlm.nih.gov/12652880/,NOTICE_CHECK_PRIORITY,Linked notice/publication type detected; reconcile original and notice before use.,SCREENING_PENDING,Automated metadata prioritization; no eligibility decision,2026-09-30
12652881,Preliminary report on the use of Reiki HIV-related pain and anxiety.,https://pubmed.ncbi.nlm.nih.gov/12652881/,NO_ABSTRACT_SOURCE_PRIORITY,No primary abstract returned. Read title and acquire original source; no efficacy conclusion extracted.,SCREENING_PENDING,Automated metadata prioritization; no eligibility decision,2026-09-30
12652885,"Reiki--review of a biofield therapy history, theory, practice, and research.",https://pubmed.ncbi.nlm.nih.gov/12652885/,NOTICE_CHECK_PRIORITY,Linked notice/publication type detected; reconcile original and notice before use.,SCREENING_PENDING,Automated metadata prioritization; no eligibility decision,2026-09-30
12652892,Enhancing the treatment of HIV/AIDS with Reiki training and treatment.,https://pubmed.ncbi.nlm.nih.gov/12652892/,NO_ABSTRACT_SOURCE_PRIORITY,No primary abstract returned. Read title and acquire original source; no efficacy conclusion extracted.,SCREENING_PENDING,Automated metadata prioritization; no eligibility decision,2026-09-30
12699715,Paranormal phenomena in the medical literature sufficient smoke to warrant a search for fire.,https://pubmed.ncbi.nlm.nih.gov/12699715/,ABSTRACT_SCREENING_PRIORITY,Available abstract needs eligibility review; metadata hint is not an inclusion/exclusion decision.,SCREENING_PENDING,Automated metadata prioritization; no eligibility decision,2026-09-30
12709165,The nature of touch therapy related to Ki: practitioners' perspective.,https://pubmed.ncbi.nlm.nih.gov/12709165/,ABSTRACT_SCREENING_PRIORITY,Available abstract needs eligibility review; metadata hint is not an inclusion/exclusion decision.,SCREENING_PENDING,Automated metadata prioritization; no eligibility decision,2026-09-30
12721686,Heat distribution and heat transport in bone during radiofrequency catheter ablation.,https://pubmed.ncbi.nlm.nih.gov/12721686/,ABSTRACT_SCREENING_PRIORITY,Available abstract needs eligibility review; metadata hint is not an inclusion/exclusion decision.,SCREENING_PENDING,Automated metadata prioritization; no eligibility decision,2026-09-30
12738337,Commissioning and clinical results utilizing the Gildenberg-Laitinen Adapter Device for X-ray in fractionated stereotactic radiotherapy.,https://pubmed.ncbi.nlm.nih.gov/12738337/,ABSTRACT_SCREENING_PRIORITY,Available abstract needs eligibility review; metadata hint is not an inclusion/exclusion decision.,SCREENING_PENDING,Automated metadata prioritization; no eligibility decision,2026-09-30
12776463,Distant healing intention: definitions and evolving guidelines for laboratory studies.,https://pubmed.ncbi.nlm.nih.gov/12776463/,ABSTRACT_SCREENING_PRIORITY,Available abstract needs eligibility review; metadata hint is not an inclusion/exclusion decision.,SCREENING_PENDING,Automated metadata prioritization; no eligibility decision,2026-09-30
12778776,"Distant healing--an ""update"" of a systematic review.",https://pubmed.ncbi.nlm.nih.gov/12778776/,REVIEW_CITATION_PRIORITY,Review metadata found. Consider citation chasing; do not count as independent primary replication.,SCREENING_PENDING,Automated metadata prioritization; no eligibility decision,2026-09-30
12801074,Impact of a primary care quality improvement intervention on use of psychotherapy for depression.,https://pubmed.ncbi.nlm.nih.gov/12801074/,EMPIRICAL_REVIEW_PRIORITY,"Trial/pilot metadata found. Confirm named modality, design, outcomes and eligibility from primary material.",SCREENING_PENDING,Automated metadata prioritization; no eligibility decision,2026-09-30
12806095,Policy considerations for using forests to mitigate carbon dioxide emissions.,https://pubmed.ncbi.nlm.nih.gov/12806095/,ABSTRACT_SCREENING_PRIORITY,Available abstract needs eligibility review; metadata hint is not an inclusion/exclusion decision.,SCREENING_PENDING,Automated metadata prioritization; no eligibility decision,2026-09-30
12830105,"A close look at ""A close look at therapeutic touch"".",https://pubmed.ncbi.nlm.nih.gov/12830105/,REVIEW_CITATION_PRIORITY,Review metadata found. Consider citation chasing; do not count as independent primary replication.,SCREENING_PENDING,Automated metadata prioritization; no eligibility decision,2026-09-30
12847653,[Radiofrequency ablation ex vivo: comparison of the efficacy of impedance control mode versus manual control mode by using an internally cooled clustered electrode].,https://pubmed.ncbi.nlm.nih.gov/12847653/,ABSTRACT_SCREENING_PRIORITY,Available abstract needs eligibility review; metadata hint is not an inclusion/exclusion decision.,SCREENING_PENDING,Automated metadata prioritization; no eligibility decision,2026-09-30
12849607,Reflecting on paediatric oncology nursing practice using Benner's Helping Role as a framework to examine aspects of caring.,https://pubmed.ncbi.nlm.nih.gov/12849607/,ABSTRACT_SCREENING_PRIORITY,Available abstract needs eligibility review; metadata hint is not an inclusion/exclusion decision.,SCREENING_PENDING,Automated metadata prioritization; no eligibility decision,2026-09-30
12856872,Effects of Qigong on immune cells.,https://pubmed.ncbi.nlm.nih.gov/12856872/,EMPIRICAL_REVIEW_PRIORITY,"Trial/pilot metadata found. Confirm named modality, design, outcomes and eligibility from primary material.",SCREENING_PENDING,Automated metadata prioritization; no eligibility decision,2026-09-30
12868256,Pamela Miles. Reiki vibrational healing. Interview by Bonnie Horrigan.,https://pubmed.ncbi.nlm.nih.gov/12868256/,NOTICE_CHECK_PRIORITY,Linked notice/publication type detected; reconcile original and notice before use.,SCREENING_PENDING,Automated metadata prioritization; no eligibility decision,2026-09-30
12889412,Introducing the Pranic Healing system to holistic nursing practice.,https://pubmed.ncbi.nlm.nih.gov/12889412/,MANUALLY_REVIEWED_RECORD,Indexed review on introducing Pranic Healing to nursing; no PubMed abstract available. No efficacy outcomes can be extracted; use for teaching/citation context pending original text.,PRIMARY_RECORD_REVIEWED,ILMB single-reviewer primary-record review,2026-09-30
12889546,Large clinical study shows value of therapeutic touch program.,https://pubmed.ncbi.nlm.nih.gov/12889546/,ABSTRACT_SCREENING_PRIORITY,Available abstract needs eligibility review; metadata hint is not an inclusion/exclusion decision.,SCREENING_PENDING,Automated metadata prioritization; no eligibility decision,2026-09-30
12889549,Reiki therapy: the benefits to a nurse/Reiki practitioner.,https://pubmed.ncbi.nlm.nih.gov/12889549/,ABSTRACT_SCREENING_PRIORITY,Available abstract needs eligibility review; metadata hint is not an inclusion/exclusion decision.,SCREENING_PENDING,Automated metadata prioritization; no eligibility decision,2026-09-30
12892233,Safety of multiple stereotactic radiosurgery treatments for multiple brain lesions.,https://pubmed.ncbi.nlm.nih.gov/12892233/,ABSTRACT_SCREENING_PRIORITY,Available abstract needs eligibility review; metadata hint is not an inclusion/exclusion decision.,SCREENING_PENDING,Automated metadata prioritization; no eligibility decision,2026-09-30
12894984,Comprehensive quality assurance for stereotactic radiosurgery treatments.,https://pubmed.ncbi.nlm.nih.gov/12894984/,ABSTRACT_SCREENING_PRIORITY,Available abstract needs eligibility review; metadata hint is not an inclusion/exclusion decision.,SCREENING_PENDING,Automated metadata prioritization; no eligibility decision,2026-09-30
12942277,Radio-frequency tissue ablation of the liver: in vivo and ex vivo experiments with four different systems.,https://pubmed.ncbi.nlm.nih.gov/12942277/,ABSTRACT_SCREENING_PRIORITY,Available abstract needs eligibility review; metadata hint is not an inclusion/exclusion decision.,SCREENING_PENDING,Automated metadata prioritization; no eligibility decision,2026-09-30
12943139,Use of complementary and alternative therapies to promote sleep in critically ill patients.,https://pubmed.ncbi.nlm.nih.gov/12943139/,ABSTRACT_SCREENING_PRIORITY,Available abstract needs eligibility review; metadata hint is not an inclusion/exclusion decision.,SCREENING_PENDING,Automated metadata prioritization; no eligibility decision,2026-09-30
12943140,Cultural related complementary therapies: their use in critical care units.,https://pubmed.ncbi.nlm.nih.gov/12943140/,ABSTRACT_SCREENING_PRIORITY,Available abstract needs eligibility review; metadata hint is not an inclusion/exclusion decision.,SCREENING_PENDING,Automated metadata prioritization; no eligibility decision,2026-09-30
12947151,Sahaja yoga in asthma.,https://pubmed.ncbi.nlm.nih.gov/12947151/,NOTICE_CHECK_PRIORITY,Linked notice/publication type detected; reconcile original and notice before use.,SCREENING_PENDING,Automated metadata prioritization; no eligibility decision,2026-09-30
12956145,Should Christians use therapeutic touch?,https://pubmed.ncbi.nlm.nih.gov/12956145/,NO_ABSTRACT_SOURCE_PRIORITY,No primary abstract returned. Read title and acquire original source; no efficacy conclusion extracted.,SCREENING_PENDING,Automated metadata prioritization; no eligibility decision,2026-09-30
12992054,Johan Georg Mezger and the healing touch.,https://pubmed.ncbi.nlm.nih.gov/12992054/,NO_ABSTRACT_SOURCE_PRIORITY,No primary abstract returned. Read title and acquire original source; no efficacy conclusion extracted.,SCREENING_PENDING,Automated metadata prioritization; no eligibility decision,2026-09-30
13856721,RADIONICS and the black box. Action for fraud against Mr. de la Warr.,https://pubmed.ncbi.nlm.nih.gov/13856721/,NO_ABSTRACT_SOURCE_PRIORITY,No primary abstract returned. Read title and acquire original source; no efficacy conclusion extracted.,SCREENING_PENDING,Automated metadata prioritization; no eligibility decision,2026-09-30
13856756,RADIONICS and the black box judgement for defendant.,https://pubmed.ncbi.nlm.nih.gov/13856756/,NO_ABSTRACT_SOURCE_PRIORITY,No primary abstract returned. Read title and acquire original source; no efficacy conclusion extracted.,SCREENING_PENDING,Automated metadata prioritization; no eligibility decision,2026-09-30
13909419,"[""Christian Science"" as an example of autistic-alogic thought in medicine].",https://pubmed.ncbi.nlm.nih.gov/13909419/,NO_ABSTRACT_SOURCE_PRIORITY,No primary abstract returned. Read title and acquire original source; no efficacy conclusion extracted.,SCREENING_PENDING,Automated metadata prioritization; no eligibility decision,2026-09-30
13962786,Animal magnetism and the mother of Christian science.,https://pubmed.ncbi.nlm.nih.gov/13962786/,NO_ABSTRACT_SOURCE_PRIORITY,No primary abstract returned. Read title and acquire original source; no efficacy conclusion extracted.,SCREENING_PENDING,Automated metadata prioritization; no eligibility decision,2026-09-30
14494875,Claim cases by Christian Scientists.,https://pubmed.ncbi.nlm.nih.gov/14494875/,NO_ABSTRACT_SOURCE_PRIORITY,No primary abstract returned. Read title and acquire original source; no efficacy conclusion extracted.,SCREENING_PENDING,Automated metadata prioritization; no eligibility decision,2026-09-30
14498972,"A response to ""A critical evaluation of the theory and practice of therapeutic touch"".",https://pubmed.ncbi.nlm.nih.gov/14498972/,NO_ABSTRACT_SOURCE_PRIORITY,No primary abstract returned. Read title and acquire original source; no efficacy conclusion extracted.,SCREENING_PENDING,Automated metadata prioritization; no eligibility decision,2026-09-30
14501488,In vivo efficiency of four commercial monopolar radiofrequency ablation systems: a comparative experimental study in pig liver.,https://pubmed.ncbi.nlm.nih.gov/14501488/,ABSTRACT_SCREENING_PRIORITY,Available abstract needs eligibility review; metadata hint is not an inclusion/exclusion decision.,SCREENING_PENDING,Automated metadata prioritization; no eligibility decision,2026-09-30
14506571,Symptomatic cysts of the cavum septi pellucidi and cavum vergae: the role of endoscopic neurosurgery in the treatment of four consecutive cases.,https://pubmed.ncbi.nlm.nih.gov/14506571/,ABSTRACT_SCREENING_PRIORITY,Available abstract needs eligibility review; metadata hint is not an inclusion/exclusion decision.,SCREENING_PENDING,Automated metadata prioritization; no eligibility decision,2026-09-30
14531177,Is there enough rationale in randomised controlled trials on distant healing?,https://pubmed.ncbi.nlm.nih.gov/14531177/,EMPIRICAL_REVIEW_PRIORITY,"Trial/pilot metadata found. Confirm named modality, design, outcomes and eligibility from primary material.",SCREENING_PENDING,Automated metadata prioritization; no eligibility decision,2026-09-30
14551273,Influence of large peritumoral vessels on outcome of radiofrequency ablation of liver tumors.,https://pubmed.ncbi.nlm.nih.gov/14551273/,ABSTRACT_SCREENING_PRIORITY,Available abstract needs eligibility review; metadata hint is not an inclusion/exclusion decision.,SCREENING_PENDING,Automated metadata prioritization; no eligibility decision,2026-09-30
14571006,Changes in the isoprenoid pathway with transcendental meditation and Reiki healing practices in seizure disorder.,https://pubmed.ncbi.nlm.nih.gov/14571006/,ABSTRACT_SCREENING_PRIORITY,Available abstract needs eligibility review; metadata hint is not an inclusion/exclusion decision.,SCREENING_PENDING,Automated metadata prioritization; no eligibility decision,2026-09-30
14585550,A phase II trial of Reiki for the management of pain in advanced cancer patients.,https://pubmed.ncbi.nlm.nih.gov/14585550/,EMPIRICAL_REVIEW_PRIORITY,"Trial/pilot metadata found. Confirm named modality, design, outcomes and eligibility from primary material.",SCREENING_PENDING,Automated metadata prioritization; no eligibility decision,2026-09-30
14587884,Effects of in vitro and in vivo Qi-therapy on neutrophil superoxide generation in healthy male subjects.,https://pubmed.ncbi.nlm.nih.gov/14587884/,ABSTRACT_SCREENING_PRIORITY,Available abstract needs eligibility review; metadata hint is not an inclusion/exclusion decision.,SCREENING_PENDING,Automated metadata prioritization; no eligibility decision,2026-09-30
14604415,An integrated treatment delivery system for CSRS and CSRT and clinical applications.,https://pubmed.ncbi.nlm.nih.gov/14604415/,ABSTRACT_SCREENING_PRIORITY,Available abstract needs eligibility review; metadata hint is not an inclusion/exclusion decision.,SCREENING_PENDING,Automated metadata prioritization; no eligibility decision,2026-09-30
14619473,[Radiofrequency ablation therapy combined with intrahepatic arterial infusion chemotherapy for liver metastasis of colorectal cancer].,https://pubmed.ncbi.nlm.nih.gov/14619473/,ABSTRACT_SCREENING_PRIORITY,Available abstract needs eligibility review; metadata hint is not an inclusion/exclusion decision.,SCREENING_PENDING,Automated metadata prioritization; no eligibility decision,2026-09-30
14639775,Holistic nursing management of pain and suffering: a historical view with contemporary applications.,https://pubmed.ncbi.nlm.nih.gov/14639775/,ABSTRACT_SCREENING_PRIORITY,Available abstract needs eligibility review; metadata hint is not an inclusion/exclusion decision.,SCREENING_PENDING,Automated metadata prioritization; no eligibility decision,2026-09-30
14639776,Reiki: a supportive therapy in nursing practice and self-care for nurses.,https://pubmed.ncbi.nlm.nih.gov/14639776/,REVIEW_CITATION_PRIORITY,Review metadata found. Consider citation chasing; do not count as independent primary replication.,SCREENING_PENDING,Automated metadata prioritization; no eligibility decision,2026-09-30
14639779,The spirit of healing: how to develop a spiritually based personal and professional practice.,https://pubmed.ncbi.nlm.nih.gov/14639779/,ABSTRACT_SCREENING_PRIORITY,Available abstract needs eligibility review; metadata hint is not an inclusion/exclusion decision.,SCREENING_PENDING,Automated metadata prioritization; no eligibility decision,2026-09-30
14659379,"Effects of Qi-therapy on blood pressure, pain and psychological symptoms in the elderly: a randomized controlled pilot trial.",https://pubmed.ncbi.nlm.nih.gov/14659379/,EMPIRICAL_REVIEW_PRIORITY,"Trial/pilot metadata found. Confirm named modality, design, outcomes and eligibility from primary material.",SCREENING_PENDING,Automated metadata prioritization; no eligibility decision,2026-09-30
14689396,Complementary therapies and healing practices: faculty/student beliefs and attitudes and the implications for nursing education.,https://pubmed.ncbi.nlm.nih.gov/14689396/,ABSTRACT_SCREENING_PRIORITY,Available abstract needs eligibility review; metadata hint is not an inclusion/exclusion decision.,SCREENING_PENDING,Automated metadata prioritization; no eligibility decision,2026-09-30
14719103,Enlargement of thermal ablation zone by the combination of ethanol injection and radiofrequency ablation in excised bovine liver.,https://pubmed.ncbi.nlm.nih.gov/14719103/,ABSTRACT_SCREENING_PRIORITY,Available abstract needs eligibility review; metadata hint is not an inclusion/exclusion decision.,SCREENING_PENDING,Automated metadata prioritization; no eligibility decision,2026-09-30
14736354,Benefits of external qigong therapy on morphine-abstinent mice and rats.,https://pubmed.ncbi.nlm.nih.gov/14736354/,ABSTRACT_SCREENING_PRIORITY,Available abstract needs eligibility review; metadata hint is not an inclusion/exclusion decision.,SCREENING_PENDING,Automated metadata prioritization; no eligibility decision,2026-09-30
14852248,Johan Georg Mezger and the healing touch.,https://pubmed.ncbi.nlm.nih.gov/14852248/,NO_ABSTRACT_SOURCE_PRIORITY,No primary abstract returned. Read title and acquire original source; no efficacy conclusion extracted.,SCREENING_PENDING,Automated metadata prioritization; no eligibility decision,2026-09-30
14981955,Percutaneous ultrasound-guided radiofrequency thermal ablation of malignant osteolyses.,https://pubmed.ncbi.nlm.nih.gov/14981955/,ABSTRACT_SCREENING_PRIORITY,Available abstract needs eligibility review; metadata hint is not an inclusion/exclusion decision.,SCREENING_PENDING,Automated metadata prioritization; no eligibility decision,2026-09-30
15010568,Clinical holistic medicine: classic art of healing or the therapeutic touch.,https://pubmed.ncbi.nlm.nih.gov/15010568/,ABSTRACT_SCREENING_PRIORITY,Available abstract needs eligibility review; metadata hint is not an inclusion/exclusion decision.,SCREENING_PENDING,Automated metadata prioritization; no eligibility decision,2026-09-30
15010569,Clinical holistic medicine: holistic pelvic examination and holistic treatment of infertility.,https://pubmed.ncbi.nlm.nih.gov/15010569/,ABSTRACT_SCREENING_PRIORITY,Available abstract needs eligibility review; metadata hint is not an inclusion/exclusion decision.,SCREENING_PENDING,Automated metadata prioritization; no eligibility decision,2026-09-30
15025889,A case study of simultaneous recovery from multiple physical symptoms with medical qigong therapy.,https://pubmed.ncbi.nlm.nih.gov/15025889/,NOTICE_CHECK_PRIORITY,Linked notice/publication type detected; reconcile original and notice before use.,SCREENING_PENDING,Automated metadata prioritization; no eligibility decision,2026-09-30
15040779,Complementary and alternative medicine: the move into mainstream health care.,https://pubmed.ncbi.nlm.nih.gov/15040779/,MANUALLY_REVIEWED_RECORD,Broad CAM policy/practice discussion mentioning Pranic Healing. Population-use statistics are not PH efficacy results.,PRIMARY_RECORD_REVIEWED,ILMB single-reviewer primary-record review,2026-09-30
15049060,[Potentials of interventional radiology: percutaneous radiofrequency ablation].,https://pubmed.ncbi.nlm.nih.gov/15049060/,ABSTRACT_SCREENING_PRIORITY,Available abstract needs eligibility review; metadata hint is not an inclusion/exclusion decision.,SCREENING_PENDING,Automated metadata prioritization; no eligibility decision,2026-09-30
15051523,Involvement of phosphatidylinositol 3-kinase and insulin-like growth factor-I in YXLST-mediated neuroprotection.,https://pubmed.ncbi.nlm.nih.gov/15051523/,NOTICE_CHECK_PRIORITY,Linked notice/publication type detected; reconcile original and notice before use.,SCREENING_PENDING,Automated metadata prioritization; no eligibility decision,2026-09-30
15066896,Five-year impact of quality improvement for depression: results of a group-level randomized controlled trial.,https://pubmed.ncbi.nlm.nih.gov/15066896/,EMPIRICAL_REVIEW_PRIORITY,"Trial/pilot metadata found. Confirm named modality, design, outcomes and eligibility from primary material.",SCREENING_PENDING,Automated metadata prioritization; no eligibility decision,2026-09-30
15101231,Treating children with therapeutic and healing touch.,https://pubmed.ncbi.nlm.nih.gov/15101231/,REVIEW_CITATION_PRIORITY,Review metadata found. Consider citation chasing; do not count as independent primary replication.,SCREENING_PENDING,Automated metadata prioritization; no eligibility decision,2026-09-30
15127775,"Polarity addresses the ""whole"" in holistic.",https://pubmed.ncbi.nlm.nih.gov/15127775/,MANUALLY_REVIEWED_RECORD,"Narrative Polarity process review. Describes energetic rationale and possible uses, not a completed controlled efficacy experiment.",PRIMARY_RECORD_REVIEWED,ILMB single-reviewer primary-record review,2026-09-30
15139345,"""Therapeutic touch"" is not a Catholic hospital pastoral practice.",https://pubmed.ncbi.nlm.nih.gov/15139345/,NO_ABSTRACT_SOURCE_PRIORITY,No primary abstract returned. Read title and acquire original source; no efficacy conclusion extracted.,SCREENING_PENDING,Automated metadata prioritization; no eligibility decision,2026-09-30
15146228,"Therapeutic touch, quiet time, and dialogue: perceptions of women with breast cancer.",https://pubmed.ncbi.nlm.nih.gov/15146228/,EMPIRICAL_REVIEW_PRIORITY,"Trial/pilot metadata found. Confirm named modality, design, outcomes and eligibility from primary material.",SCREENING_PENDING,Automated metadata prioritization; no eligibility decision,2026-09-30
15154151,Healing touch and quality of life in women receiving radiation treatment for cancer: a randomized controlled trial.,https://pubmed.ncbi.nlm.nih.gov/15154151/,EMPIRICAL_REVIEW_PRIORITY,"Trial/pilot metadata found. Confirm named modality, design, outcomes and eligibility from primary material.",SCREENING_PENDING,Automated metadata prioritization; no eligibility decision,2026-09-30
15154152,Long-term effects of energetic healing on symptoms of psychological depression and self-perceived stress.,https://pubmed.ncbi.nlm.nih.gov/15154152/,NOTICE_CHECK_PRIORITY,Linked notice/publication type detected; reconcile original and notice before use.,SCREENING_PENDING,Automated metadata prioritization; no eligibility decision,2026-09-30
15156617,Preliminary assessment of utility of radiofrequency ablation technique in treatment of primary hepatocellular carcinoma (HCC) in patients with hepatic cirrhosis.,https://pubmed.ncbi.nlm.nih.gov/15156617/,ABSTRACT_SCREENING_PRIORITY,Available abstract needs eligibility review; metadata hint is not an inclusion/exclusion decision.,SCREENING_PENDING,Automated metadata prioritization; no eligibility decision,2026-09-30
15159755,[Radio-frequency ablation appliance in resection of the liver].,https://pubmed.ncbi.nlm.nih.gov/15159755/,ABSTRACT_SCREENING_PRIORITY,Available abstract needs eligibility review; metadata hint is not an inclusion/exclusion decision.,SCREENING_PENDING,Automated metadata prioritization; no eligibility decision,2026-09-30
15186894,Responses of established healthcare to the professionalization of complementary and alternative medicine in Ontario.,https://pubmed.ncbi.nlm.nih.gov/15186894/,ABSTRACT_SCREENING_PRIORITY,Available abstract needs eligibility review; metadata hint is not an inclusion/exclusion decision.,SCREENING_PENDING,Automated metadata prioritization; no eligibility decision,2026-09-30
15208467,Cost-effectiveness of interventions for depressed Latinos.,https://pubmed.ncbi.nlm.nih.gov/15208467/,ABSTRACT_SCREENING_PRIORITY,Available abstract needs eligibility review; metadata hint is not an inclusion/exclusion decision.,SCREENING_PENDING,Automated metadata prioritization; no eligibility decision,2026-09-30
15222602,Touch the pain away: new research on therapeutic touch and persons with fibromyalgia syndrome.,https://pubmed.ncbi.nlm.nih.gov/15222602/,EMPIRICAL_REVIEW_PRIORITY,"Trial/pilot metadata found. Confirm named modality, design, outcomes and eligibility from primary material.",SCREENING_PENDING,Automated metadata prioritization; no eligibility decision,2026-09-30
15227762,Review of studies of healing touch.,https://pubmed.ncbi.nlm.nih.gov/15227762/,NOTICE_CHECK_PRIORITY,Linked notice/publication type detected; reconcile original and notice before use.,SCREENING_PENDING,Automated metadata prioritization; no eligibility decision,2026-09-30
15235237,Saline-enhanced hepatic radiofrequency ablation using a perfused-cooled electrode: comparison of dual probe bipolar mode with monopolar and single probe bipolar modes.,https://pubmed.ncbi.nlm.nih.gov/15235237/,ABSTRACT_SCREENING_PRIORITY,Available abstract needs eligibility review; metadata hint is not an inclusion/exclusion decision.,SCREENING_PENDING,Automated metadata prioritization; no eligibility decision,2026-09-30
15248081,Bipolar radiofrequency ablation in ex vivo bovine liver with the open-perfused system versus the cooled-wet system.,https://pubmed.ncbi.nlm.nih.gov/15248081/,NOTICE_CHECK_PRIORITY,Linked notice/publication type detected; reconcile original and notice before use.,SCREENING_PENDING,Automated metadata prioritization; no eligibility decision,2026-09-30
15255273,Overview of religions.,https://pubmed.ncbi.nlm.nih.gov/15255273/,ABSTRACT_SCREENING_PRIORITY,Available abstract needs eligibility review; metadata hint is not an inclusion/exclusion decision.,SCREENING_PENDING,Automated metadata prioritization; no eligibility decision,2026-09-30
15266458,Non-invasive physical treatments for chronic/recurrent headache.,https://pubmed.ncbi.nlm.nih.gov/15266458/,NOTICE_CHECK_PRIORITY,Linked notice/publication type detected; reconcile original and notice before use.,SCREENING_PENDING,Automated metadata prioritization; no eligibility decision,2026-09-30
15279858,Development and evaluation of an inpatient [correction of impatient] holistic nursing care services department.,https://pubmed.ncbi.nlm.nih.gov/15279858/,ABSTRACT_SCREENING_PRIORITY,Available abstract needs eligibility review; metadata hint is not an inclusion/exclusion decision.,SCREENING_PENDING,Automated metadata prioritization; no eligibility decision,2026-09-30
15285273,An analytic review of studies on measuring effects of external QI in China.,https://pubmed.ncbi.nlm.nih.gov/15285273/,REVIEW_CITATION_PRIORITY,Review metadata found. Consider citation chasing; do not count as independent primary replication.,SCREENING_PENDING,Automated metadata prioritization; no eligibility decision,2026-09-30
15298087,"Physicians and complementary-alternative medicine: training, attitudes, and practices in Hawaii.",https://pubmed.ncbi.nlm.nih.gov/15298087/,ABSTRACT_SCREENING_PRIORITY,Available abstract needs eligibility review; metadata hint is not an inclusion/exclusion decision.,SCREENING_PENDING,Automated metadata prioritization; no eligibility decision,2026-09-30
15335419,Fractionated stereotactic radiotherapy for the treatment of large arteriovenous malformations with or without previous partial embolization.,https://pubmed.ncbi.nlm.nih.gov/15335419/,NOTICE_CHECK_PRIORITY,Linked notice/publication type detected; reconcile original and notice before use.,SCREENING_PENDING,Automated metadata prioritization; no eligibility decision,2026-09-30
15344429,External Qi therapy to treat symptoms of Agent Orange Sequelae in Korean combat veterans of the Vietnam War.,https://pubmed.ncbi.nlm.nih.gov/15344429/,ABSTRACT_SCREENING_PRIORITY,Available abstract needs eligibility review; metadata hint is not an inclusion/exclusion decision.,SCREENING_PENDING,Automated metadata prioritization; no eligibility decision,2026-09-30
15353017,Surface electromyography apparatus as a measurement device for biofield research: results from a single case study.,https://pubmed.ncbi.nlm.nih.gov/15353017/,ABSTRACT_SCREENING_PRIORITY,Available abstract needs eligibility review; metadata hint is not an inclusion/exclusion decision.,SCREENING_PENDING,Automated metadata prioritization; no eligibility decision,2026-09-30
15353105,Care of the Christian Science patient.,https://pubmed.ncbi.nlm.nih.gov/15353105/,NO_ABSTRACT_SOURCE_PRIORITY,No primary abstract returned. Read title and acquire original source; no efficacy conclusion extracted.,SCREENING_PENDING,Automated metadata prioritization; no eligibility decision,2026-09-30
15356954,Palliative care service at the NIH includes Reiki and other mind-body modalities.,https://pubmed.ncbi.nlm.nih.gov/15356954/,NO_ABSTRACT_SOURCE_PRIORITY,No primary abstract returned. Read title and acquire original source; no efficacy conclusion extracted.,SCREENING_PENDING,Automated metadata prioritization; no eligibility decision,2026-09-30
15446337,[Therapeutic touch in pediatric and adolescent psychiatry: hands touching the soul].,https://pubmed.ncbi.nlm.nih.gov/15446337/,NO_ABSTRACT_SOURCE_PRIORITY,No primary abstract returned. Read title and acquire original source; no efficacy conclusion extracted.,SCREENING_PENDING,Automated metadata prioritization; no eligibility decision,2026-09-30
15453606,The healing touch.,https://pubmed.ncbi.nlm.nih.gov/15453606/,NO_ABSTRACT_SOURCE_PRIORITY,No primary abstract returned. Read title and acquire original source; no efficacy conclusion extracted.,SCREENING_PENDING,Automated metadata prioritization; no eligibility decision,2026-09-30
15458751,"Tai Chi, Qi Gong and Reiki.",https://pubmed.ncbi.nlm.nih.gov/15458751/,REVIEW_CITATION_PRIORITY,Review metadata found. Consider citation chasing; do not count as independent primary replication.,SCREENING_PENDING,Automated metadata prioritization; no eligibility decision,2026-09-30
15467380,Frameless localization for functional neurosurgical procedures: a preliminary accuracy study.,https://pubmed.ncbi.nlm.nih.gov/15467380/,ABSTRACT_SCREENING_PRIORITY,Available abstract needs eligibility review; metadata hint is not an inclusion/exclusion decision.,SCREENING_PENDING,Automated metadata prioritization; no eligibility decision,2026-09-30
15486152,Efficacy of therapeutic touch in treating pregnant inpatients who have a chemical dependency.,https://pubmed.ncbi.nlm.nih.gov/15486152/,EMPIRICAL_REVIEW_PRIORITY,"Trial/pilot metadata found. Confirm named modality, design, outcomes and eligibility from primary material.",SCREENING_PENDING,Automated metadata prioritization; no eligibility decision,2026-09-30
15487871,Narratives of therapeutic touch.,https://pubmed.ncbi.nlm.nih.gov/15487871/,ABSTRACT_SCREENING_PRIORITY,Available abstract needs eligibility review; metadata hint is not an inclusion/exclusion decision.,SCREENING_PENDING,Automated metadata prioritization; no eligibility decision,2026-09-30
15527198,Effects of Qi-therapy on premenstrual syndrome.,https://pubmed.ncbi.nlm.nih.gov/15527198/,EMPIRICAL_REVIEW_PRIORITY,"Trial/pilot metadata found. Confirm named modality, design, outcomes and eligibility from primary material.",SCREENING_PENDING,Automated metadata prioritization; no eligibility decision,2026-09-30
15537189,Geometrical accuracy of the Novalis stereotactic radiosurgery system for trigeminal neuralgia.,https://pubmed.ncbi.nlm.nih.gov/15537189/,ABSTRACT_SCREENING_PRIORITY,Available abstract needs eligibility review; metadata hint is not an inclusion/exclusion decision.,SCREENING_PENDING,Automated metadata prioritization; no eligibility decision,2026-09-30
15550798,Do the effects of quality improvement for depression care differ for men and women? Results of a group-level randomized controlled trial.,https://pubmed.ncbi.nlm.nih.gov/15550798/,EMPIRICAL_REVIEW_PRIORITY,"Trial/pilot metadata found. Confirm named modality, design, outcomes and eligibility from primary material.",SCREENING_PENDING,Automated metadata prioritization; no eligibility decision,2026-09-30
15561517,The role of the state in the social inclusion of complementary and alternative medical occupations.,https://pubmed.ncbi.nlm.nih.gov/15561517/,ABSTRACT_SCREENING_PRIORITY,Available abstract needs eligibility review; metadata hint is not an inclusion/exclusion decision.,SCREENING_PENDING,Automated metadata prioritization; no eligibility decision,2026-09-30
15624343,Reiki research.,https://pubmed.ncbi.nlm.nih.gov/15624343/,NOTICE_CHECK_PRIORITY,Linked notice/publication type detected; reconcile original and notice before use.,SCREENING_PENDING,Automated metadata prioritization; no eligibility decision,2026-09-30
15625453,A new spleen-preserving technique using radiofrequency ablation technology.,https://pubmed.ncbi.nlm.nih.gov/15625453/,ABSTRACT_SCREENING_PRIORITY,Available abstract needs eligibility review; metadata hint is not an inclusion/exclusion decision.,SCREENING_PENDING,Automated metadata prioritization; no eligibility decision,2026-09-30
15630798,Animal therapy over the ages: 13. The healing touch.,https://pubmed.ncbi.nlm.nih.gov/15630798/,NO_ABSTRACT_SOURCE_PRIORITY,No primary abstract returned. Read title and acquire original source; no efficacy conclusion extracted.,SCREENING_PENDING,Automated metadata prioritization; no eligibility decision,2026-09-30
15636358,"Effects of external qi-therapy on emotions, electroencephalograms, and plasma cortisol.",https://pubmed.ncbi.nlm.nih.gov/15636358/,EMPIRICAL_REVIEW_PRIORITY,"Trial/pilot metadata found. Confirm named modality, design, outcomes and eligibility from primary material.",SCREENING_PENDING,Automated metadata prioritization; no eligibility decision,2026-09-30
15636404,Healing touch is pseudoscience.,https://pubmed.ncbi.nlm.nih.gov/15636404/,NOTICE_CHECK_PRIORITY,Linked notice/publication type detected; reconcile original and notice before use.,SCREENING_PENDING,Automated metadata prioritization; no eligibility decision,2026-09-30
15655593,Radio-frequency ablation of hepatic metastases from colorectal cancer.,https://pubmed.ncbi.nlm.nih.gov/15655593/,ABSTRACT_SCREENING_PRIORITY,Available abstract needs eligibility review; metadata hint is not an inclusion/exclusion decision.,SCREENING_PENDING,Automated metadata prioritization; no eligibility decision,2026-09-30
15655616,Application of radionics on primary and metastatic tumours of the liver.,https://pubmed.ncbi.nlm.nih.gov/15655616/,ABSTRACT_SCREENING_PRIORITY,Available abstract needs eligibility review; metadata hint is not an inclusion/exclusion decision.,SCREENING_PENDING,Automated metadata prioritization; no eligibility decision,2026-09-30
15674004,Autonomic nervous system changes during Reiki treatment: a preliminary study.,https://pubmed.ncbi.nlm.nih.gov/15674004/,EMPIRICAL_REVIEW_PRIORITY,"Trial/pilot metadata found. Confirm named modality, design, outcomes and eligibility from primary material.",SCREENING_PENDING,Automated metadata prioritization; no eligibility decision,2026-09-30
15674748,LINAC radiosurgery in skull base meningiomas.,https://pubmed.ncbi.nlm.nih.gov/15674748/,ABSTRACT_SCREENING_PRIORITY,Available abstract needs eligibility review; metadata hint is not an inclusion/exclusion decision.,SCREENING_PENDING,Automated metadata prioritization; no eligibility decision,2026-09-30
15686081,Best practice guidelines: an invitation to reflect on Therapeutic Touch practice.,https://pubmed.ncbi.nlm.nih.gov/15686081/,REVIEW_CITATION_PRIORITY,Review metadata found. Consider citation chasing; do not count as independent primary replication.,SCREENING_PENDING,Automated metadata prioritization; no eligibility decision,2026-09-30
15712768,The effect of therapeutic touch on behavioral symptoms of persons with dementia.,https://pubmed.ncbi.nlm.nih.gov/15712768/,EMPIRICAL_REVIEW_PRIORITY,"Trial/pilot metadata found. Confirm named modality, design, outcomes and eligibility from primary material.",SCREENING_PENDING,Automated metadata prioritization; no eligibility decision,2026-09-30
15719539,The healing touch.,https://pubmed.ncbi.nlm.nih.gov/15719539/,NO_ABSTRACT_SOURCE_PRIORITY,No primary abstract returned. Read title and acquire original source; no efficacy conclusion extracted.,SCREENING_PENDING,Automated metadata prioritization; no eligibility decision,2026-09-30
15726439,Linac radiosurgery as a tool in neurosurgery.,https://pubmed.ncbi.nlm.nih.gov/15726439/,REVIEW_CITATION_PRIORITY,Review metadata found. Consider citation chasing; do not count as independent primary replication.,SCREENING_PENDING,Automated metadata prioritization; no eligibility decision,2026-09-30
15738911,Stereotactic IMRT for prostate cancer: dosimetric impact of multileaf collimator leaf width in the treatment of prostate cancer with IMRT.,https://pubmed.ncbi.nlm.nih.gov/15738911/,EMPIRICAL_REVIEW_PRIORITY,"Trial/pilot metadata found. Confirm named modality, design, outcomes and eligibility from primary material.",SCREENING_PENDING,Automated metadata prioritization; no eligibility decision,2026-09-30
15742722,Hydrocephalus shunts and waves of intracranial pressure.,https://pubmed.ncbi.nlm.nih.gov/15742722/,ABSTRACT_SCREENING_PRIORITY,Available abstract needs eligibility review; metadata hint is not an inclusion/exclusion decision.,SCREENING_PENDING,Automated metadata prioritization; no eligibility decision,2026-09-30
15759082,Clinical holistic medicine: chronic pain in the locomotor system.,https://pubmed.ncbi.nlm.nih.gov/15759082/,ABSTRACT_SCREENING_PRIORITY,Available abstract needs eligibility review; metadata hint is not an inclusion/exclusion decision.,SCREENING_PENDING,Automated metadata prioritization; no eligibility decision,2026-09-30
15762835,Implications of technology in music therapy practice and research for music therapy education: a review of literature.,https://pubmed.ncbi.nlm.nih.gov/15762835/,REVIEW_CITATION_PRIORITY,Review metadata found. Consider citation chasing; do not count as independent primary replication.,SCREENING_PENDING,Automated metadata prioritization; no eligibility decision,2026-09-30
15782712,[Therapeutic touch for the healing of skin injuries in guinea pigs].,https://pubmed.ncbi.nlm.nih.gov/15782712/,ABSTRACT_SCREENING_PRIORITY,Available abstract needs eligibility review; metadata hint is not an inclusion/exclusion decision.,SCREENING_PENDING,Automated metadata prioritization; no eligibility decision,2026-09-30
15798426,Geometry and temperature distribution during radiofrequency tissue ablation: an experimental ex vivo model.,https://pubmed.ncbi.nlm.nih.gov/15798426/,ABSTRACT_SCREENING_PRIORITY,Available abstract needs eligibility review; metadata hint is not an inclusion/exclusion decision.,SCREENING_PENDING,Automated metadata prioritization; no eligibility decision,2026-09-30
15835036,Ethical considerations in the use of nonerotic touch in psychotherapy with children.,https://pubmed.ncbi.nlm.nih.gov/15835036/,ABSTRACT_SCREENING_PRIORITY,Available abstract needs eligibility review; metadata hint is not an inclusion/exclusion decision.,SCREENING_PENDING,Automated metadata prioritization; no eligibility decision,2026-09-30
15844841,Qi therapy (external qigong) for chronic fatigue syndrome: case studies.,https://pubmed.ncbi.nlm.nih.gov/15844841/,ABSTRACT_SCREENING_PRIORITY,Available abstract needs eligibility review; metadata hint is not an inclusion/exclusion decision.,SCREENING_PENDING,Automated metadata prioritization; no eligibility decision,2026-09-30
15871589,Effective anxiety treatment prior to diagnostic cardiac catheterization.,https://pubmed.ncbi.nlm.nih.gov/15871589/,REVIEW_CITATION_PRIORITY,Review metadata found. Consider citation chasing; do not count as independent primary replication.,SCREENING_PENDING,Automated metadata prioritization; no eligibility decision,2026-09-30
15871593,Chakra talk: exploring human energy systems.,https://pubmed.ncbi.nlm.nih.gov/15871593/,NO_ABSTRACT_SOURCE_PRIORITY,No primary abstract returned. Read title and acquire original source; no efficacy conclusion extracted.,SCREENING_PENDING,Automated metadata prioritization; no eligibility decision,2026-09-30
15895616,Précis of the illusion of conscious will.,https://pubmed.ncbi.nlm.nih.gov/15895616/,REVIEW_CITATION_PRIORITY,Review metadata found. Consider citation chasing; do not count as independent primary replication.,SCREENING_PENDING,Automated metadata prioritization; no eligibility decision,2026-09-30
15899344,Wet radio-frequency ablation using multiple electrodes: comparative study of bipolar versus monopolar modes in the bovine liver.,https://pubmed.ncbi.nlm.nih.gov/15899344/,ABSTRACT_SCREENING_PRIORITY,Available abstract needs eligibility review; metadata hint is not an inclusion/exclusion decision.,SCREENING_PENDING,Automated metadata prioritization; no eligibility decision,2026-09-30
15909727,Percutaneous radiofrequency ablation of renal cell carcinoma.,https://pubmed.ncbi.nlm.nih.gov/15909727/,ABSTRACT_SCREENING_PRIORITY,Available abstract needs eligibility review; metadata hint is not an inclusion/exclusion decision.,SCREENING_PENDING,Automated metadata prioritization; no eligibility decision,2026-09-30
15915291,"The life mission theory VII. Theory of existential (Antonovsky) coherence: a theory of quality of life, health, and ability for use in holistic medicine.",https://pubmed.ncbi.nlm.nih.gov/15915291/,ABSTRACT_SCREENING_PRIORITY,Available abstract needs eligibility review; metadata hint is not an inclusion/exclusion decision.,SCREENING_PENDING,Automated metadata prioritization; no eligibility decision,2026-09-30
15944500,The increasing use of reiki as a complementary therapy in specialist palliative care.,https://pubmed.ncbi.nlm.nih.gov/15944500/,REVIEW_CITATION_PRIORITY,Review metadata found. Consider citation chasing; do not count as independent primary replication.,SCREENING_PENDING,Automated metadata prioritization; no eligibility decision,2026-09-30
15969772,Complementary therapies for the treatment of HIV: in search of the evidence.,https://pubmed.ncbi.nlm.nih.gov/15969772/,REVIEW_CITATION_PRIORITY,Review metadata found. Consider citation chasing; do not count as independent primary replication.,SCREENING_PENDING,Automated metadata prioritization; no eligibility decision,2026-09-30
15981388,[The pendulum and the mortar. Some pharmacist deviners and particularly Gabriel Lesourd].,https://pubmed.ncbi.nlm.nih.gov/15981388/,ABSTRACT_SCREENING_PRIORITY,Available abstract needs eligibility review; metadata hint is not an inclusion/exclusion decision.,SCREENING_PENDING,Automated metadata prioritization; no eligibility decision,2026-09-30
15992229,Positive well-being changes associated with giving and receiving Johrei healing.,https://pubmed.ncbi.nlm.nih.gov/15992229/,MANUALLY_REVIEWED_RECORD,"236 participants rated feelings/well-being before/after giving or receiving Johrei. Receivers had greater negative-emotion reductions; both roles improved positive states. No untreated/sham comparator, so role contrast does not establish energy-specific efficacy.",PRIMARY_RECORD_REVIEWED,ILMB single-reviewer primary-record review,2026-09-30
15992246,Integrating complementary therapies into community mental health practice: an exploration.,https://pubmed.ncbi.nlm.nih.gov/15992246/,ABSTRACT_SCREENING_PRIORITY,Available abstract needs eligibility review; metadata hint is not an inclusion/exclusion decision.,SCREENING_PENDING,Automated metadata prioritization; no eligibility decision,2026-09-30
16005520,"Gender patterns in cost effectiveness of quality improvement for depression: results of a randomized, controlled trial.",https://pubmed.ncbi.nlm.nih.gov/16005520/,EMPIRICAL_REVIEW_PRIORITY,"Trial/pilot metadata found. Confirm named modality, design, outcomes and eligibility from primary material.",SCREENING_PENDING,Automated metadata prioritization; no eligibility decision,2026-09-30
16005839,Two case reports of the acute effects of Qi therapy (external Qigong) on symptoms of cancer: short report.,https://pubmed.ncbi.nlm.nih.gov/16005839/,ABSTRACT_SCREENING_PRIORITY,Available abstract needs eligibility review; metadata hint is not an inclusion/exclusion decision.,SCREENING_PENDING,Automated metadata prioritization; no eligibility decision,2026-09-30
16019582,Impact of regular meditation practice on EEG activity at rest and during evoked negative emotions.,https://pubmed.ncbi.nlm.nih.gov/16019582/,EMPIRICAL_REVIEW_PRIORITY,"Trial/pilot metadata found. Confirm named modality, design, outcomes and eligibility from primary material.",SCREENING_PENDING,Automated metadata prioritization; no eligibility decision,2026-09-30
16056053,Treatment of pathologic femoral neck fractures with modified Pauwels' osteotomy.,https://pubmed.ncbi.nlm.nih.gov/16056053/,ABSTRACT_SCREENING_PRIORITY,Available abstract needs eligibility review; metadata hint is not an inclusion/exclusion decision.,SCREENING_PENDING,Automated metadata prioritization; no eligibility decision,2026-09-30
16056170,Energy healing: a complementary treatment for orthopaedic and other conditions.,https://pubmed.ncbi.nlm.nih.gov/16056170/,REVIEW_CITATION_PRIORITY,Review metadata found. Consider citation chasing; do not count as independent primary replication.,SCREENING_PENDING,Automated metadata prioritization; no eligibility decision,2026-09-30
16059134,Dowsing experiments.,https://pubmed.ncbi.nlm.nih.gov/16059134/,NOTICE_CHECK_PRIORITY,Linked notice/publication type detected; reconcile original and notice before use.,SCREENING_PENDING,Automated metadata prioritization; no eligibility decision,2026-09-30
16059362,Dowsing.,https://pubmed.ncbi.nlm.nih.gov/16059362/,NO_ABSTRACT_SOURCE_PRIORITY,No primary abstract returned. Read title and acquire original source; no efficacy conclusion extracted.,SCREENING_PENDING,Automated metadata prioritization; no eligibility decision,2026-09-30
16063455,More about dowsing.,https://pubmed.ncbi.nlm.nih.gov/16063455/,NOTICE_CHECK_PRIORITY,Linked notice/publication type detected; reconcile original and notice before use.,SCREENING_PENDING,Automated metadata prioritization; no eligibility decision,2026-09-30
16063456,Dowsing experiments criticized.,https://pubmed.ncbi.nlm.nih.gov/16063456/,NOTICE_CHECK_PRIORITY,Linked notice/publication type detected; reconcile original and notice before use.,SCREENING_PENDING,Automated metadata prioritization; no eligibility decision,2026-09-30
16094133,Limited use of complementary and alternative medicine in Israeli head and neck cancer patients.,https://pubmed.ncbi.nlm.nih.gov/16094133/,NOTICE_CHECK_PRIORITY,Linked notice/publication type detected; reconcile original and notice before use.,SCREENING_PENDING,Automated metadata prioritization; no eligibility decision,2026-09-30
16120258,"The 'physical prophet' and the powers of the imagination. Part II: a case-study on dowsing and the naturalisation of the moral, 1685-1710.",https://pubmed.ncbi.nlm.nih.gov/16120258/,ABSTRACT_SCREENING_PRIORITY,Available abstract needs eligibility review; metadata hint is not an inclusion/exclusion decision.,SCREENING_PENDING,Automated metadata prioritization; no eligibility decision,2026-09-30
16121148,Scar prevention: the healing touch.,https://pubmed.ncbi.nlm.nih.gov/16121148/,NO_ABSTRACT_SOURCE_PRIORITY,No primary abstract returned. Read title and acquire original source; no efficacy conclusion extracted.,SCREENING_PENDING,Automated metadata prioritization; no eligibility decision,2026-09-30
16128173,[Investigation of the rhythmical embrocating according to Wegman/Hauschka].,https://pubmed.ncbi.nlm.nih.gov/16128173/,ABSTRACT_SCREENING_PRIORITY,Available abstract needs eligibility review; metadata hint is not an inclusion/exclusion decision.,SCREENING_PENDING,Automated metadata prioritization; no eligibility decision,2026-09-30
16145330,Jayne's story: healing touch as a complementary treatment for trauma recovery.,https://pubmed.ncbi.nlm.nih.gov/16145330/,REVIEW_CITATION_PRIORITY,Review metadata found. Consider citation chasing; do not count as independent primary replication.,SCREENING_PENDING,Automated metadata prioritization; no eligibility decision,2026-09-30
16244795,LINAC radiosurgery as single treatment in cerebral metastases.,https://pubmed.ncbi.nlm.nih.gov/16244795/,EMPIRICAL_REVIEW_PRIORITY,"Trial/pilot metadata found. Confirm named modality, design, outcomes and eligibility from primary material.",SCREENING_PENDING,Automated metadata prioritization; no eligibility decision,2026-09-30
16251489,"Efficacy of frequent mantram repetition on stress, quality of life, and spiritual well-being in veterans: a pilot study.",https://pubmed.ncbi.nlm.nih.gov/16251489/,EMPIRICAL_REVIEW_PRIORITY,"Trial/pilot metadata found. Confirm named modality, design, outcomes and eligibility from primary material.",SCREENING_PENDING,Automated metadata prioritization; no eligibility decision,2026-09-30
16260314,Joint mobilization.,https://pubmed.ncbi.nlm.nih.gov/16260314/,REVIEW_CITATION_PRIORITY,Review metadata found. Consider citation chasing; do not count as independent primary replication.,SCREENING_PENDING,Automated metadata prioritization; no eligibility decision,2026-09-30
16274468,Effects of Qi therapy (external Qigong) on symptoms of advanced cancer: a single case study.,https://pubmed.ncbi.nlm.nih.gov/16274468/,ABSTRACT_SCREENING_PRIORITY,Available abstract needs eligibility review; metadata hint is not an inclusion/exclusion decision.,SCREENING_PENDING,Automated metadata prioritization; no eligibility decision,2026-09-30
16294665,Healing touch: hands-on help for the heart? Touch therapies are reaching growing numbers of patients.,https://pubmed.ncbi.nlm.nih.gov/16294665/,NO_ABSTRACT_SOURCE_PRIORITY,No primary abstract returned. Read title and acquire original source; no efficacy conclusion extracted.,SCREENING_PENDING,Automated metadata prioritization; no eligibility decision,2026-09-30
16296928,"""Spooky actions at a distance"": physics, psi, and distant healing.",https://pubmed.ncbi.nlm.nih.gov/16296928/,REVIEW_CITATION_PRIORITY,Review metadata found. Consider citation chasing; do not count as independent primary replication.,SCREENING_PENDING,Automated metadata prioritization; no eligibility decision,2026-09-30
16297024,The use of Reiki in psychotherapy.,https://pubmed.ncbi.nlm.nih.gov/16297024/,NO_ABSTRACT_SOURCE_PRIORITY,No primary abstract returned. Read title and acquire original source; no efficacy conclusion extracted.,SCREENING_PENDING,Automated metadata prioritization; no eligibility decision,2026-09-30
16315902,[Experience of radiofrequency ablation therapy for hepatocellular carcinoma].,https://pubmed.ncbi.nlm.nih.gov/16315902/,ABSTRACT_SCREENING_PRIORITY,Available abstract needs eligibility review; metadata hint is not an inclusion/exclusion decision.,SCREENING_PENDING,Automated metadata prioritization; no eligibility decision,2026-09-30
16373889,"Association between complementary and alternative medicine use, preventive care practices, and use of conventional medical services among adults with diabetes.",https://pubmed.ncbi.nlm.nih.gov/16373889/,ABSTRACT_SCREENING_PRIORITY,Available abstract needs eligibility review; metadata hint is not an inclusion/exclusion decision.,SCREENING_PENDING,Automated metadata prioritization; no eligibility decision,2026-09-30
16398588,Toward general experimentation and discovery in conditioned laboratory spaces: part IV. Macroscopic information entanglement between sites approximately 6000 miles apart.,https://pubmed.ncbi.nlm.nih.gov/16398588/,ABSTRACT_SCREENING_PRIORITY,Available abstract needs eligibility review; metadata hint is not an inclusion/exclusion decision.,SCREENING_PENDING,Automated metadata prioritization; no eligibility decision,2026-09-30
16437862,"Therapeutic touch in Sophokles' ""Philoktetes"".",https://pubmed.ncbi.nlm.nih.gov/16437862/,NO_ABSTRACT_SOURCE_PRIORITY,No primary abstract returned. Read title and acquire original source; no efficacy conclusion extracted.,SCREENING_PENDING,Automated metadata prioritization; no eligibility decision,2026-09-30
16449745,Effects of therapeutic touch on blood hemoglobin and hematocrit level.,https://pubmed.ncbi.nlm.nih.gov/16449745/,NOTICE_CHECK_PRIORITY,Linked notice/publication type detected; reconcile original and notice before use.,SCREENING_PENDING,Automated metadata prioritization; no eligibility decision,2026-09-30
16449746,"Commentary on ""effects of therapeutic touch on blood hemoglobin and hematocrit level"".",https://pubmed.ncbi.nlm.nih.gov/16449746/,NOTICE_CHECK_PRIORITY,Linked notice/publication type detected; reconcile original and notice before use.,SCREENING_PENDING,Automated metadata prioritization; no eligibility decision,2026-09-30
16463715,Finding Reiki: applications for your nursing practice.,https://pubmed.ncbi.nlm.nih.gov/16463715/,NO_ABSTRACT_SOURCE_PRIORITY,No primary abstract returned. Read title and acquire original source; no efficacy conclusion extracted.,SCREENING_PENDING,Automated metadata prioritization; no eligibility decision,2026-09-30
16483898,Pilot study to test the effectiveness of Healing Touch on agitation in people with dementia.,https://pubmed.ncbi.nlm.nih.gov/16483898/,EMPIRICAL_REVIEW_PRIORITY,"Trial/pilot metadata found. Confirm named modality, design, outcomes and eligibility from primary material.",SCREENING_PENDING,Automated metadata prioritization; no eligibility decision,2026-09-30
16489676,Computed tomography-guided transpulmonary radiofrequency ablation for hepatocellular carcinoma located in hepatic dome.,https://pubmed.ncbi.nlm.nih.gov/16489676/,ABSTRACT_SCREENING_PRIORITY,Available abstract needs eligibility review; metadata hint is not an inclusion/exclusion decision.,SCREENING_PENDING,Automated metadata prioritization; no eligibility decision,2026-09-30
16494563,In vitro effect of Reiki treatment on bacterial cultures: Role of experimental context and practitioner well-being.,https://pubmed.ncbi.nlm.nih.gov/16494563/,ABSTRACT_SCREENING_PRIORITY,Available abstract needs eligibility review; metadata hint is not an inclusion/exclusion decision.,SCREENING_PENDING,Automated metadata prioritization; no eligibility decision,2026-09-30
16494564,Personal interaction with a Reiki practitioner decreases noise-induced microvascular damage in an animal model.,https://pubmed.ncbi.nlm.nih.gov/16494564/,ABSTRACT_SCREENING_PRIORITY,Available abstract needs eligibility review; metadata hint is not an inclusion/exclusion decision.,SCREENING_PENDING,Automated metadata prioritization; no eligibility decision,2026-09-30
16499671,Mantram repetition for stress management in veterans and employees: a critical incident study.,https://pubmed.ncbi.nlm.nih.gov/16499671/,ABSTRACT_SCREENING_PRIORITY,Available abstract needs eligibility review; metadata hint is not an inclusion/exclusion decision.,SCREENING_PENDING,Automated metadata prioritization; no eligibility decision,2026-09-30
16502914,Therapeutic touch: its application for residents in aged care.,https://pubmed.ncbi.nlm.nih.gov/16502914/,EMPIRICAL_REVIEW_PRIORITY,"Trial/pilot metadata found. Confirm named modality, design, outcomes and eligibility from primary material.",SCREENING_PENDING,Automated metadata prioritization; no eligibility decision,2026-09-30
16518156,A pilot study: Reiki for self-care of nurses and healthcare providers.,https://pubmed.ncbi.nlm.nih.gov/16518156/,EMPIRICAL_REVIEW_PRIORITY,"Trial/pilot metadata found. Confirm named modality, design, outcomes and eligibility from primary material.",SCREENING_PENDING,Automated metadata prioritization; no eligibility decision,2026-09-30
16518314,Commissioning and quality assurance of a commercial stereotactic treatment-planning system for extracranial IMRT.,https://pubmed.ncbi.nlm.nih.gov/16518314/,ABSTRACT_SCREENING_PRIORITY,Available abstract needs eligibility review; metadata hint is not an inclusion/exclusion decision.,SCREENING_PENDING,Automated metadata prioritization; no eligibility decision,2026-09-30
16549690,Safety limit of large-volume hepatic radiofrequency ablation in a rat model.,https://pubmed.ncbi.nlm.nih.gov/16549690/,ABSTRACT_SCREENING_PRIORITY,Available abstract needs eligibility review; metadata hint is not an inclusion/exclusion decision.,SCREENING_PENDING,Automated metadata prioritization; no eligibility decision,2026-09-30
16566349,[Therapeutic touch of well-being].,https://pubmed.ncbi.nlm.nih.gov/16566349/,NO_ABSTRACT_SOURCE_PRIORITY,No primary abstract returned. Read title and acquire original source; no efficacy conclusion extracted.,SCREENING_PENDING,Automated metadata prioritization; no eligibility decision,2026-09-30
16582768,Patient safety in the office-based setting.,https://pubmed.ncbi.nlm.nih.gov/16582768/,NOTICE_CHECK_PRIORITY,Linked notice/publication type detected; reconcile original and notice before use.,SCREENING_PENDING,Automated metadata prioritization; no eligibility decision,2026-09-30
16599085,Bringing the 'healing touch of human sympathy' into aged care.,https://pubmed.ncbi.nlm.nih.gov/16599085/,NO_ABSTRACT_SOURCE_PRIORITY,No primary abstract returned. Read title and acquire original source; no efficacy conclusion extracted.,SCREENING_PENDING,Automated metadata prioritization; no eligibility decision,2026-09-30
16669984,Self-healing: a concept analysis.,https://pubmed.ncbi.nlm.nih.gov/16669984/,REVIEW_CITATION_PRIORITY,Review metadata found. Consider citation chasing; do not count as independent primary replication.,SCREENING_PENDING,Automated metadata prioritization; no eligibility decision,2026-09-30
16672812,Development of the healing touch comfort questionnaire.,https://pubmed.ncbi.nlm.nih.gov/16672812/,ABSTRACT_SCREENING_PRIORITY,Available abstract needs eligibility review; metadata hint is not an inclusion/exclusion decision.,SCREENING_PENDING,Automated metadata prioritization; no eligibility decision,2026-09-30
16703974,A comparison of pulsed radiofrequency and continuous radiofrequency on thermocoagulation of egg white in vitro.,https://pubmed.ncbi.nlm.nih.gov/16703974/,ABSTRACT_SCREENING_PRIORITY,Available abstract needs eligibility review; metadata hint is not an inclusion/exclusion decision.,SCREENING_PENDING,Automated metadata prioritization; no eligibility decision,2026-09-30
16781519,The integration of healing touch with conventional care at the Scripps Center for Integrative Medicine.,https://pubmed.ncbi.nlm.nih.gov/16781519/,NO_ABSTRACT_SOURCE_PRIORITY,No primary abstract returned. Read title and acquire original source; no efficacy conclusion extracted.,SCREENING_PENDING,Automated metadata prioritization; no eligibility decision,2026-09-30
16781550,The blind protocol and its place in consciousness research.,https://pubmed.ncbi.nlm.nih.gov/16781550/,ABSTRACT_SCREENING_PRIORITY,Available abstract needs eligibility review; metadata hint is not an inclusion/exclusion decision.,SCREENING_PENDING,Automated metadata prioritization; no eligibility decision,2026-09-30
16781577,If there is any significant experience with using Reiki in the hospital or ER setting and if there is any literature to support this use?,https://pubmed.ncbi.nlm.nih.gov/16781577/,NO_ABSTRACT_SOURCE_PRIORITY,No primary abstract returned. Read title and acquire original source; no efficacy conclusion extracted.,SCREENING_PENDING,Automated metadata prioritization; no eligibility decision,2026-09-30
16781590,Electives in complementary medicine: are we preaching to the choir?,https://pubmed.ncbi.nlm.nih.gov/16781590/,ABSTRACT_SCREENING_PRIORITY,Available abstract needs eligibility review; metadata hint is not an inclusion/exclusion decision.,SCREENING_PENDING,Automated metadata prioritization; no eligibility decision,2026-09-30
16782862,Radionics and repeatability.,https://pubmed.ncbi.nlm.nih.gov/16782862/,NOTICE_CHECK_PRIORITY,Linked notice/publication type detected; reconcile original and notice before use.,SCREENING_PENDING,Automated metadata prioritization; no eligibility decision,2026-09-30
16822357,Use of complementary and alternative medicine in epilepsy.,https://pubmed.ncbi.nlm.nih.gov/16822357/,REVIEW_CITATION_PRIORITY,Review metadata found. Consider citation chasing; do not count as independent primary replication.,SCREENING_PENDING,Automated metadata prioritization; no eligibility decision,2026-09-30
16825921,The use of selected energy touch modalities as supportive nursing interventions: are we there yet?,https://pubmed.ncbi.nlm.nih.gov/16825921/,REVIEW_CITATION_PRIORITY,Review metadata found. Consider citation chasing; do not count as independent primary replication.,SCREENING_PENDING,Automated metadata prioritization; no eligibility decision,2026-09-30
16847590,Effects of spiritual mantram repetition on HIV outcomes: a randomized controlled trial.,https://pubmed.ncbi.nlm.nih.gov/16847590/,NOTICE_CHECK_PRIORITY,Linked notice/publication type detected; reconcile original and notice before use.,SCREENING_PENDING,Automated metadata prioritization; no eligibility decision,2026-09-30
16871294,Radiofrequency stimulation of intervertebral discs.,https://pubmed.ncbi.nlm.nih.gov/16871294/,ABSTRACT_SCREENING_PRIORITY,Available abstract needs eligibility review; metadata hint is not an inclusion/exclusion decision.,SCREENING_PENDING,Automated metadata prioritization; no eligibility decision,2026-09-30
16886029,The efficacy of a two needle electrode technique in percutaneous radiofrequency rhizotomy:An investigational laboratory study in an animal model.,https://pubmed.ncbi.nlm.nih.gov/16886029/,ABSTRACT_SCREENING_PRIORITY,Available abstract needs eligibility review; metadata hint is not an inclusion/exclusion decision.,SCREENING_PENDING,Automated metadata prioritization; no eligibility decision,2026-09-30
16893670,External Qi of Yan Xin Qigong differentially regulates the Akt and extracellular signal-regulated kinase pathways and is cytotoxic to cancer cells but not to normal cells.,https://pubmed.ncbi.nlm.nih.gov/16893670/,ABSTRACT_SCREENING_PRIORITY,Available abstract needs eligibility review; metadata hint is not an inclusion/exclusion decision.,SCREENING_PENDING,Automated metadata prioritization; no eligibility decision,2026-09-30
16925002,Complementary and alternative therapies: the nurse's role.,https://pubmed.ncbi.nlm.nih.gov/16925002/,REVIEW_CITATION_PRIORITY,Review metadata found. Consider citation chasing; do not count as independent primary replication.,SCREENING_PENDING,Automated metadata prioritization; no eligibility decision,2026-09-30
16932660,Complementary or alternative therapies for osteoarthritis.,https://pubmed.ncbi.nlm.nih.gov/16932660/,REVIEW_CITATION_PRIORITY,Review metadata found. Consider citation chasing; do not count as independent primary replication.,SCREENING_PENDING,Automated metadata prioritization; no eligibility decision,2026-09-30
17004395,Relationship of frequent mantram repetition to emotional and spiritual well-being in healthcare workers.,https://pubmed.ncbi.nlm.nih.gov/17004395/,ABSTRACT_SCREENING_PRIORITY,Available abstract needs eligibility review; metadata hint is not an inclusion/exclusion decision.,SCREENING_PENDING,Automated metadata prioritization; no eligibility decision,2026-09-30
17019255,Management of pain after burn injury.,https://pubmed.ncbi.nlm.nih.gov/17019255/,ABSTRACT_SCREENING_PRIORITY,Available abstract needs eligibility review; metadata hint is not an inclusion/exclusion decision.,SCREENING_PENDING,Automated metadata prioritization; no eligibility decision,2026-09-30
17022926,"Lifestyle, biomechanical, and bioenergetic complementary therapies in pediatric oncology.",https://pubmed.ncbi.nlm.nih.gov/17022926/,REVIEW_CITATION_PRIORITY,Review metadata found. Consider citation chasing; do not count as independent primary replication.,SCREENING_PENDING,Automated metadata prioritization; no eligibility decision,2026-09-30
17034678,Complementary medicine in palliative care and cancer symptom management.,https://pubmed.ncbi.nlm.nih.gov/17034678/,REVIEW_CITATION_PRIORITY,Review metadata found. Consider citation chasing; do not count as independent primary replication.,SCREENING_PENDING,Automated metadata prioritization; no eligibility decision,2026-09-30
17041488,A pilot trial of external Qigong therapy for arthritis.,https://pubmed.ncbi.nlm.nih.gov/17041488/,NO_ABSTRACT_SOURCE_PRIORITY,No primary abstract returned. Read title and acquire original source; no efficacy conclusion extracted.,SCREENING_PENDING,Automated metadata prioritization; no eligibility decision,2026-09-30
17057576,Radio frequency ablation (RFA)-assisted pericystectomy for hepatic echinococcosis: an alternative technique.,https://pubmed.ncbi.nlm.nih.gov/17057576/,ABSTRACT_SCREENING_PRIORITY,Available abstract needs eligibility review; metadata hint is not an inclusion/exclusion decision.,SCREENING_PENDING,Automated metadata prioritization; no eligibility decision,2026-09-30
17098874,A pilot study of healing touch and progressive relaxation for chronic neuropathic pain in persons with spinal cord injury.,https://pubmed.ncbi.nlm.nih.gov/17098874/,EMPIRICAL_REVIEW_PRIORITY,"Trial/pilot metadata found. Confirm named modality, design, outcomes and eligibility from primary material.",SCREENING_PENDING,Automated metadata prioritization; no eligibility decision,2026-09-30
17099413,The effect of Reiki on pain and anxiety in women with abdominal hysterectomies: a quasi-experimental pilot study.,https://pubmed.ncbi.nlm.nih.gov/17099413/,EMPIRICAL_REVIEW_PRIORITY,"Trial/pilot metadata found. Confirm named modality, design, outcomes and eligibility from primary material.",SCREENING_PENDING,Automated metadata prioritization; no eligibility decision,2026-09-30
17109575,A pilot study of external qigong therapy for patients with fibromyalgia.,https://pubmed.ncbi.nlm.nih.gov/17109575/,EMPIRICAL_REVIEW_PRIORITY,"Trial/pilot metadata found. Confirm named modality, design, outcomes and eligibility from primary material.",SCREENING_PENDING,Automated metadata prioritization; no eligibility decision,2026-09-30
17109581,National patterns and correlates of complementary and alternative medicine use in adults with diabetes.,https://pubmed.ncbi.nlm.nih.gov/17109581/,ABSTRACT_SCREENING_PRIORITY,Available abstract needs eligibility review; metadata hint is not an inclusion/exclusion decision.,SCREENING_PENDING,Automated metadata prioritization; no eligibility decision,2026-09-30
17109583,Using Reiki to decrease memory and behavior problems in mild cognitive impairment and mild Alzheimer's disease.,https://pubmed.ncbi.nlm.nih.gov/17109583/,ABSTRACT_SCREENING_PRIORITY,Available abstract needs eligibility review; metadata hint is not an inclusion/exclusion decision.,SCREENING_PENDING,Automated metadata prioritization; no eligibility decision,2026-09-30
17131980,The efficacy of distant healing for human immunodeficiency virus--results of a randomized trial.,https://pubmed.ncbi.nlm.nih.gov/17131980/,EMPIRICAL_REVIEW_PRIORITY,"Trial/pilot metadata found. Confirm named modality, design, outcomes and eligibility from primary material.",SCREENING_PENDING,Automated metadata prioritization; no eligibility decision,2026-09-30
17135649,Efficacy of complementary and alternative medicine therapies in relieving cancer pain: a systematic review.,https://pubmed.ncbi.nlm.nih.gov/17135649/,NOTICE_CHECK_PRIORITY,Linked notice/publication type detected; reconcile original and notice before use.,SCREENING_PENDING,Automated metadata prioritization; no eligibility decision,2026-09-30
17144199,[Reiki--Japanese art of curing and its position in schemes of holistic therapeutics in Poland].,https://pubmed.ncbi.nlm.nih.gov/17144199/,ABSTRACT_SCREENING_PRIORITY,Available abstract needs eligibility review; metadata hint is not an inclusion/exclusion decision.,SCREENING_PENDING,Automated metadata prioritization; no eligibility decision,2026-09-30
17179840,Healing Touch: a low-tech intervention in high-tech settings.,https://pubmed.ncbi.nlm.nih.gov/17179840/,REVIEW_CITATION_PRIORITY,Review metadata found. Consider citation chasing; do not count as independent primary replication.,SCREENING_PENDING,Automated metadata prioritization; no eligibility decision,2026-09-30
17260598,Therapeutic touch and dementia care: an ongoing journey.,https://pubmed.ncbi.nlm.nih.gov/17260598/,ABSTRACT_SCREENING_PRIORITY,Available abstract needs eligibility review; metadata hint is not an inclusion/exclusion decision.,SCREENING_PENDING,Automated metadata prioritization; no eligibility decision,2026-09-30
17309379,Cortical dynamics as a therapeutic mechanism for touch healing.,https://pubmed.ncbi.nlm.nih.gov/17309379/,NOTICE_CHECK_PRIORITY,Linked notice/publication type detected; reconcile original and notice before use.,SCREENING_PENDING,Automated metadata prioritization; no eligibility decision,2026-09-30
17351024,Pilot crossover trial of Reiki versus rest for treating cancer-related fatigue.,https://pubmed.ncbi.nlm.nih.gov/17351024/,EMPIRICAL_REVIEW_PRIORITY,"Trial/pilot metadata found. Confirm named modality, design, outcomes and eligibility from primary material.",SCREENING_PENDING,Automated metadata prioritization; no eligibility decision,2026-09-30
17352009,Current role of bloodless liver resection.,https://pubmed.ncbi.nlm.nih.gov/17352009/,REVIEW_CITATION_PRIORITY,Review metadata found. Consider citation chasing; do not count as independent primary replication.,SCREENING_PENDING,Automated metadata prioritization; no eligibility decision,2026-09-30
17369995,Clinical holistic medicine: the case story of Anna. I. Long-term effect of childhood sexual abuse and incest with a treatment approach.,https://pubmed.ncbi.nlm.nih.gov/17369995/,REVIEW_CITATION_PRIORITY,Review metadata found. Consider citation chasing; do not count as independent primary replication.,SCREENING_PENDING,Automated metadata prioritization; no eligibility decision,2026-09-30
17370014,From healing the whole person: an argument for therapeutic touch as a complement to traditional medical practice.,https://pubmed.ncbi.nlm.nih.gov/17370014/,REVIEW_CITATION_PRIORITY,Review metadata found. Consider citation chasing; do not count as independent primary replication.,SCREENING_PENDING,Automated metadata prioritization; no eligibility decision,2026-09-30
17456101,Appearance of chemical burns resulting from the washing of a deceased body with bleach.,https://pubmed.ncbi.nlm.nih.gov/17456101/,ABSTRACT_SCREENING_PRIORITY,Available abstract needs eligibility review; metadata hint is not an inclusion/exclusion decision.,SCREENING_PENDING,Automated metadata prioritization; no eligibility decision,2026-09-30
17508495,Management of cancer pain with complementary therapies.,https://pubmed.ncbi.nlm.nih.gov/17508495/,REVIEW_CITATION_PRIORITY,Review metadata found. Consider citation chasing; do not count as independent primary replication.,SCREENING_PENDING,Automated metadata prioritization; no eligibility decision,2026-09-30
17518033,Self-monitoring of a stress reduction technique using wrist-worn counters.,https://pubmed.ncbi.nlm.nih.gov/17518033/,ABSTRACT_SCREENING_PRIORITY,Available abstract needs eligibility review; metadata hint is not an inclusion/exclusion decision.,SCREENING_PENDING,Automated metadata prioritization; no eligibility decision,2026-09-30
17533322,Fractionated stereotactic radiotherapy for pediatric patients with retinoblastoma.,https://pubmed.ncbi.nlm.nih.gov/17533322/,ABSTRACT_SCREENING_PRIORITY,Available abstract needs eligibility review; metadata hint is not an inclusion/exclusion decision.,SCREENING_PENDING,Automated metadata prioritization; no eligibility decision,2026-09-30
17535025,Fractionated stereotactic radiotherapy for pituitary adenomas following microsurgical resection: safety and efficacy.,https://pubmed.ncbi.nlm.nih.gov/17535025/,ABSTRACT_SCREENING_PRIORITY,Available abstract needs eligibility review; metadata hint is not an inclusion/exclusion decision.,SCREENING_PENDING,Automated metadata prioritization; no eligibility decision,2026-09-30
17544681,Energy-based modalities.,https://pubmed.ncbi.nlm.nih.gov/17544681/,REVIEW_CITATION_PRIORITY,Review metadata found. Consider citation chasing; do not count as independent primary replication.,SCREENING_PENDING,Automated metadata prioritization; no eligibility decision,2026-09-30
17609994,Twenty years of therapeutic touch in a Canadian cancer agency: lessons learned from a case study of integrative oncology practice.,https://pubmed.ncbi.nlm.nih.gov/17609994/,ABSTRACT_SCREENING_PRIORITY,Available abstract needs eligibility review; metadata hint is not an inclusion/exclusion decision.,SCREENING_PENDING,Automated metadata prioritization; no eligibility decision,2026-09-30
17609996,The status of complementary therapy services in Canadian palliative care settings.,https://pubmed.ncbi.nlm.nih.gov/17609996/,ABSTRACT_SCREENING_PRIORITY,Available abstract needs eligibility review; metadata hint is not an inclusion/exclusion decision.,SCREENING_PENDING,Automated metadata prioritization; no eligibility decision,2026-09-30
17619753,Alternative therapeutic intervention for individuals with Rett syndrome.,https://pubmed.ncbi.nlm.nih.gov/17619753/,REVIEW_CITATION_PRIORITY,Review metadata found. Consider citation chasing; do not count as independent primary replication.,SCREENING_PENDING,Automated metadata prioritization; no eligibility decision,2026-09-30
17622486,Safety and efficacy of fractionated stereotactic radiotherapy for acoustic neuromas.,https://pubmed.ncbi.nlm.nih.gov/17622486/,EMPIRICAL_REVIEW_PRIORITY,"Trial/pilot metadata found. Confirm named modality, design, outcomes and eligibility from primary material.",SCREENING_PENDING,Automated metadata prioritization; no eligibility decision,2026-09-30
17627194,An integrative review of Reiki touch therapy research.,https://pubmed.ncbi.nlm.nih.gov/17627194/,REVIEW_CITATION_PRIORITY,Review metadata found. Consider citation chasing; do not count as independent primary replication.,SCREENING_PENDING,Automated metadata prioritization; no eligibility decision,2026-09-30
17627198,"Comparison of a healing touch, coaching, and a combined intervention on comfort and stress in younger college students.",https://pubmed.ncbi.nlm.nih.gov/17627198/,EMPIRICAL_REVIEW_PRIORITY,"Trial/pilot metadata found. Confirm named modality, design, outcomes and eligibility from primary material.",SCREENING_PENDING,Automated metadata prioritization; no eligibility decision,2026-09-30
17629076,A simplified technique of RFA (radiofrequency assisted) hepatectomy.,https://pubmed.ncbi.nlm.nih.gov/17629076/,ABSTRACT_SCREENING_PRIORITY,Available abstract needs eligibility review; metadata hint is not an inclusion/exclusion decision.,SCREENING_PENDING,Automated metadata prioritization; no eligibility decision,2026-09-30
17636838,Therapeutic touch for anxiety disorders.,https://pubmed.ncbi.nlm.nih.gov/17636838/,NOTICE_CHECK_PRIORITY,Linked notice/publication type detected; reconcile original and notice before use.,SCREENING_PENDING,Automated metadata prioritization; no eligibility decision,2026-09-30
17679222,[Consciousness of the body in the healing touch].,https://pubmed.ncbi.nlm.nih.gov/17679222/,NO_ABSTRACT_SOURCE_PRIORITY,No primary abstract returned. Read title and acquire original source; no efficacy conclusion extracted.,SCREENING_PENDING,Automated metadata prioritization; no eligibility decision,2026-09-30
17714796,Use of complementary and alternative medicine in pediatric otolaryngology patients attending a tertiary hospital in the UK.,https://pubmed.ncbi.nlm.nih.gov/17714796/,ABSTRACT_SCREENING_PRIORITY,Available abstract needs eligibility review; metadata hint is not an inclusion/exclusion decision.,SCREENING_PENDING,Automated metadata prioritization; no eligibility decision,2026-09-30
17764203,Meditation practices for health: state of the research.,https://pubmed.ncbi.nlm.nih.gov/17764203/,REVIEW_CITATION_PRIORITY,Review metadata found. Consider citation chasing; do not count as independent primary replication.,SCREENING_PENDING,Automated metadata prioritization; no eligibility decision,2026-09-30
17773810,RADIONICS.,https://pubmed.ncbi.nlm.nih.gov/17773810/,NO_ABSTRACT_SOURCE_PRIORITY,No primary abstract returned. Read title and acquire original source; no efficacy conclusion extracted.,SCREENING_PENDING,Automated metadata prioritization; no eligibility decision,2026-09-30
17786889,[The efficacy of Slow Stroke Massage in depression].,https://pubmed.ncbi.nlm.nih.gov/17786889/,EMPIRICAL_REVIEW_PRIORITY,"Trial/pilot metadata found. Confirm named modality, design, outcomes and eligibility from primary material.",SCREENING_PENDING,Automated metadata prioritization; no eligibility decision,2026-09-30
17816433,'CHRISTIAN SCIENCE.'.,https://pubmed.ncbi.nlm.nih.gov/17816433/,NO_ABSTRACT_SOURCE_PRIORITY,No primary abstract returned. Read title and acquire original source; no efficacy conclusion extracted.,SCREENING_PENDING,Automated metadata prioritization; no eligibility decision,2026-09-30
17848766,Efficacy of reiki on patients undergoing coronary artery bypass graft surgery.,https://pubmed.ncbi.nlm.nih.gov/17848766/,ABSTRACT_SCREENING_PRIORITY,Available abstract needs eligibility review; metadata hint is not an inclusion/exclusion decision.,SCREENING_PENDING,Automated metadata prioritization; no eligibility decision,2026-09-30
17957554,"The effectiveness of Tai Chi, yoga, meditation, and Reiki healing sessions in promoting health and enhancing problem solving abilities of registered nurses.",https://pubmed.ncbi.nlm.nih.gov/17957554/,ABSTRACT_SCREENING_PRIORITY,Available abstract needs eligibility review; metadata hint is not an inclusion/exclusion decision.,SCREENING_PENDING,Automated metadata prioritization; no eligibility decision,2026-09-30
17985064,Silent and invisible; nursing home residents with advanced dementia.,https://pubmed.ncbi.nlm.nih.gov/17985064/,REVIEW_CITATION_PRIORITY,Review metadata found. Consider citation chasing; do not count as independent primary replication.,SCREENING_PENDING,Automated metadata prioritization; no eligibility decision,2026-09-30
18021160,An analysis of the demarcation problem in science and its application to therapeutic touch theory.,https://pubmed.ncbi.nlm.nih.gov/18021160/,ABSTRACT_SCREENING_PRIORITY,Available abstract needs eligibility review; metadata hint is not an inclusion/exclusion decision.,SCREENING_PENDING,Automated metadata prioritization; no eligibility decision,2026-09-30
18027050,Radiofrequency-assisted partial splenectomy: Histopathological and immunological assessment of the splenic remnant in a porcine model.,https://pubmed.ncbi.nlm.nih.gov/18027050/,ABSTRACT_SCREENING_PRIORITY,Available abstract needs eligibility review; metadata hint is not an inclusion/exclusion decision.,SCREENING_PENDING,Automated metadata prioritization; no eligibility decision,2026-09-30
18029960,Pandimensional field pattern changes in healers and healees: experiencing therapeutic touch.,https://pubmed.ncbi.nlm.nih.gov/18029960/,EMPIRICAL_REVIEW_PRIORITY,"Trial/pilot metadata found. Confirm named modality, design, outcomes and eligibility from primary material.",SCREENING_PENDING,Automated metadata prioritization; no eligibility decision,2026-09-30
18029964,Breast biopsy and distress: feasibility of testing a Reiki intervention.,https://pubmed.ncbi.nlm.nih.gov/18029964/,EMPIRICAL_REVIEW_PRIORITY,"Trial/pilot metadata found. Confirm named modality, design, outcomes and eligibility from primary material.",SCREENING_PENDING,Automated metadata prioritization; no eligibility decision,2026-09-30
18049345,"The cumulative effects of quality improvement for depression on outcome disparities over 9 years: results from a randomized, controlled group-level trial.",https://pubmed.ncbi.nlm.nih.gov/18049345/,EMPIRICAL_REVIEW_PRIORITY,"Trial/pilot metadata found. Confirm named modality, design, outcomes and eligibility from primary material.",SCREENING_PENDING,Automated metadata prioritization; no eligibility decision,2026-09-30
18051981,Using healing touch for end of life care.,https://pubmed.ncbi.nlm.nih.gov/18051981/,NO_ABSTRACT_SOURCE_PRIORITY,No primary abstract returned. Read title and acquire original source; no efficacy conclusion extracted.,SCREENING_PENDING,Automated metadata prioritization; no eligibility decision,2026-09-30
18060768,Radiofrequency-assisted liver resection.,https://pubmed.ncbi.nlm.nih.gov/18060768/,ABSTRACT_SCREENING_PRIORITY,Available abstract needs eligibility review; metadata hint is not an inclusion/exclusion decision.,SCREENING_PENDING,Automated metadata prioritization; no eligibility decision,2026-09-30
18080802,External Qi of Yan Xin Qigong induces G2/M arrest and apoptosis of androgen-independent prostate cancer cells by inhibiting Akt and NF-kappa B pathways.,https://pubmed.ncbi.nlm.nih.gov/18080802/,NOTICE_CHECK_PRIORITY,Linked notice/publication type detected; reconcile original and notice before use.,SCREENING_PENDING,Automated metadata prioritization; no eligibility decision,2026-09-30
18096986,The relation of meditation to power and well-being.,https://pubmed.ncbi.nlm.nih.gov/18096986/,ABSTRACT_SCREENING_PRIORITY,Available abstract needs eligibility review; metadata hint is not an inclusion/exclusion decision.,SCREENING_PENDING,Automated metadata prioritization; no eligibility decision,2026-09-30
18162859,How a therapy-based quality improvement intervention for depression affected life events and psychological well-being over time: a 9-year longitudinal analysis.,https://pubmed.ncbi.nlm.nih.gov/18162859/,EMPIRICAL_REVIEW_PRIORITY,"Trial/pilot metadata found. Confirm named modality, design, outcomes and eligibility from primary material.",SCREENING_PENDING,Automated metadata prioritization; no eligibility decision,2026-09-30
18193585,Each moment of touch.,https://pubmed.ncbi.nlm.nih.gov/18193585/,REVIEW_CITATION_PRIORITY,Review metadata found. Consider citation chasing; do not count as independent primary replication.,SCREENING_PENDING,Automated metadata prioritization; no eligibility decision,2026-09-30
18251321,Six pillars of energy medicine: clinical strengths of a complementary paradigm.,https://pubmed.ncbi.nlm.nih.gov/18251321/,REVIEW_CITATION_PRIORITY,Review metadata found. Consider citation chasing; do not count as independent primary replication.,SCREENING_PENDING,Automated metadata prioritization; no eligibility decision,2026-09-30
18258581,Does therapeutic touch help reduce pain and anxiety in patients with cancer?,https://pubmed.ncbi.nlm.nih.gov/18258581/,REVIEW_CITATION_PRIORITY,Review metadata found. Consider citation chasing; do not count as independent primary replication.,SCREENING_PENDING,Automated metadata prioritization; no eligibility decision,2026-09-30
18272750,Therapeutic touch and agitation in individuals with Alzheimer's disease.,https://pubmed.ncbi.nlm.nih.gov/18272750/,EMPIRICAL_REVIEW_PRIORITY,"Trial/pilot metadata found. Confirm named modality, design, outcomes and eligibility from primary material.",SCREENING_PENDING,Automated metadata prioritization; no eligibility decision,2026-09-30
18317289,Effect of Healing Touch on stress perception and biological correlates.,https://pubmed.ncbi.nlm.nih.gov/18317289/,EMPIRICAL_REVIEW_PRIORITY,"Trial/pilot metadata found. Confirm named modality, design, outcomes and eligibility from primary material.",SCREENING_PENDING,Automated metadata prioritization; no eligibility decision,2026-09-30
18324479,"Improving quality of life using compound mind-body therapies: evaluation of a course intervention with body movement and breath therapy, guided imagery, chakra experiencing and mindfulness meditation.",https://pubmed.ncbi.nlm.nih.gov/18324479/,ABSTRACT_SCREENING_PRIORITY,Available abstract needs eligibility review; metadata hint is not an inclusion/exclusion decision.,SCREENING_PENDING,Automated metadata prioritization; no eligibility decision,2026-09-30
18332355,The internal process of therapeutic touch.,https://pubmed.ncbi.nlm.nih.gov/18332355/,NOTICE_CHECK_PRIORITY,Linked notice/publication type detected; reconcile original and notice before use.,SCREENING_PENDING,Automated metadata prioritization; no eligibility decision,2026-09-30
18332356,"Commentary on ""The internal process of therapeutic touch"".",https://pubmed.ncbi.nlm.nih.gov/18332356/,NOTICE_CHECK_PRIORITY,Linked notice/publication type detected; reconcile original and notice before use.,SCREENING_PENDING,Automated metadata prioritization; no eligibility decision,2026-09-30
18340837,"A Letter ""Explaining the Difference between Christian Science and Some Other Systems"".",https://pubmed.ncbi.nlm.nih.gov/18340837/,NO_ABSTRACT_SOURCE_PRIORITY,No primary abstract returned. Read title and acquire original source; no efficacy conclusion extracted.,SCREENING_PENDING,Automated metadata prioritization; no eligibility decision,2026-09-30
18356284,A spiritually based group intervention for combat veterans with posttraumatic stress disorder: feasibility study.,https://pubmed.ncbi.nlm.nih.gov/18356284/,NOTICE_CHECK_PRIORITY,Linked notice/publication type detected; reconcile original and notice before use.,SCREENING_PENDING,Automated metadata prioritization; no eligibility decision,2026-09-30
18370579,Therapeutic touch stimulates the proliferation of human cells in culture.,https://pubmed.ncbi.nlm.nih.gov/18370579/,EMPIRICAL_REVIEW_PRIORITY,"Trial/pilot metadata found. Confirm named modality, design, outcomes and eligibility from primary material.",SCREENING_PENDING,Automated metadata prioritization; no eligibility decision,2026-09-30
18417896,Radiofrequency ablation of hepatic metastasis: results of treatment in forty patients.,https://pubmed.ncbi.nlm.nih.gov/18417896/,NOTICE_CHECK_PRIORITY,Linked notice/publication type detected; reconcile original and notice before use.,SCREENING_PENDING,Automated metadata prioritization; no eligibility decision,2026-09-30
18435597,Reiki improves heart rate homeostasis in laboratory rats.,https://pubmed.ncbi.nlm.nih.gov/18435597/,ABSTRACT_SCREENING_PRIORITY,Available abstract needs eligibility review; metadata hint is not an inclusion/exclusion decision.,SCREENING_PENDING,Automated metadata prioritization; no eligibility decision,2026-09-30
18442414,Motivations for consulting complementary and alternative medicine practitioners: a comparison of consumers from 1997-8 and 2005.,https://pubmed.ncbi.nlm.nih.gov/18442414/,ABSTRACT_SCREENING_PRIORITY,Available abstract needs eligibility review; metadata hint is not an inclusion/exclusion decision.,SCREENING_PENDING,Automated metadata prioritization; no eligibility decision,2026-09-30
18466849,Study descriptions of healing touch with veterans experiencing chronic neuropathic pain from spinal cord injury.,https://pubmed.ncbi.nlm.nih.gov/18466849/,ABSTRACT_SCREENING_PRIORITY,Available abstract needs eligibility review; metadata hint is not an inclusion/exclusion decision.,SCREENING_PENDING,Automated metadata prioritization; no eligibility decision,2026-09-30
18509480,Reconstruction of a severe open distal humerus fracture with complete loss of medial column by using a free fibular osteocutaneous graft.,https://pubmed.ncbi.nlm.nih.gov/18509480/,ABSTRACT_SCREENING_PRIORITY,Available abstract needs eligibility review; metadata hint is not an inclusion/exclusion decision.,SCREENING_PENDING,Automated metadata prioritization; no eligibility decision,2026-09-30
18515247,Reiki as a clinical intervention in oncology nursing practice.,https://pubmed.ncbi.nlm.nih.gov/18515247/,REVIEW_CITATION_PRIORITY,Review metadata found. Consider citation chasing; do not count as independent primary replication.,SCREENING_PENDING,Automated metadata prioritization; no eligibility decision,2026-09-30
18522664,"The effects of quality improvement for depression in primary care at nine years: results from a randomized, controlled group-level trial.",https://pubmed.ncbi.nlm.nih.gov/18522664/,EMPIRICAL_REVIEW_PRIORITY,"Trial/pilot metadata found. Confirm named modality, design, outcomes and eligibility from primary material.",SCREENING_PENDING,Automated metadata prioritization; no eligibility decision,2026-09-30
18524012,Therapeutic touch affects DNA synthesis and mineralization of human osteoblasts in culture.,https://pubmed.ncbi.nlm.nih.gov/18524012/,ABSTRACT_SCREENING_PRIORITY,Available abstract needs eligibility review; metadata hint is not an inclusion/exclusion decision.,SCREENING_PENDING,Automated metadata prioritization; no eligibility decision,2026-09-30
18564948,Distant healing of small-sized tumors.,https://pubmed.ncbi.nlm.nih.gov/18564948/,NO_ABSTRACT_SOURCE_PRIORITY,No primary abstract returned. Read title and acquire original source; no efficacy conclusion extracted.,SCREENING_PENDING,Automated metadata prioritization; no eligibility decision,2026-09-30
18574414,Radiofrequency ablation with hand-assisted laparoscopic surgery for the treatment of hepatocellular carcinoma in the caudate lobe.,https://pubmed.ncbi.nlm.nih.gov/18574414/,ABSTRACT_SCREENING_PRIORITY,Available abstract needs eligibility review; metadata hint is not an inclusion/exclusion decision.,SCREENING_PENDING,Automated metadata prioritization; no eligibility decision,2026-09-30
18596429,Fractionated stereotactic radiotherapy for the treatment of large arteriovenous malformations with or without previous partial embolization.,https://pubmed.ncbi.nlm.nih.gov/18596429/,NOTICE_CHECK_PRIORITY,Linked notice/publication type detected; reconcile original and notice before use.,SCREENING_PENDING,Automated metadata prioritization; no eligibility decision,2026-09-30
18602618,Therapeutic touch with preterm infants: composing a treatment.,https://pubmed.ncbi.nlm.nih.gov/18602618/,ABSTRACT_SCREENING_PRIORITY,Available abstract needs eligibility review; metadata hint is not an inclusion/exclusion decision.,SCREENING_PENDING,Automated metadata prioritization; no eligibility decision,2026-09-30
18644283,Use of the Radionics Image Fusiontrade mark and Stereoplantrade mark programs for target localization in functional neurosurgery.,https://pubmed.ncbi.nlm.nih.gov/18644283/,ABSTRACT_SCREENING_PRIORITY,Available abstract needs eligibility review; metadata hint is not an inclusion/exclusion decision.,SCREENING_PENDING,Automated metadata prioritization; no eligibility decision,2026-09-30
18644286,Computer-assisted and frameless stereotaxy: the initial Australian experience.,https://pubmed.ncbi.nlm.nih.gov/18644286/,ABSTRACT_SCREENING_PRIORITY,Available abstract needs eligibility review; metadata hint is not an inclusion/exclusion decision.,SCREENING_PENDING,Automated metadata prioritization; no eligibility decision,2026-09-30
18736970,"SLOW POISONING BY ""CHRISTIAN SCIENCE."": Report of Caesarian Section on a subject of Myxaedema of fourteen years' duration with living mother and child which was born a Cretin.",https://pubmed.ncbi.nlm.nih.gov/18736970/,NO_ABSTRACT_SOURCE_PRIORITY,No primary abstract returned. Read title and acquire original source; no efficacy conclusion extracted.,SCREENING_PENDING,Automated metadata prioritization; no eligibility decision,2026-09-30
18737447,CONCERNING CHRISTIAN SCIENCE.,https://pubmed.ncbi.nlm.nih.gov/18737447/,NO_ABSTRACT_SOURCE_PRIORITY,No primary abstract returned. Read title and acquire original source; no efficacy conclusion extracted.,SCREENING_PENDING,Automated metadata prioritization; no eligibility decision,2026-09-30
18738248,CHRISTIAN SCIENCE HEALERS EXEMPT FROM LICENSE TAX.,https://pubmed.ncbi.nlm.nih.gov/18738248/,NO_ABSTRACT_SOURCE_PRIORITY,No primary abstract returned. Read title and acquire original source; no efficacy conclusion extracted.,SCREENING_PENDING,Automated metadata prioritization; no eligibility decision,2026-09-30
18739311,"GOING ""CHRISTIAN SCIENCE"" ONE BETTER.",https://pubmed.ncbi.nlm.nih.gov/18739311/,NO_ABSTRACT_SOURCE_PRIORITY,No primary abstract returned. Read title and acquire original source; no efficacy conclusion extracted.,SCREENING_PENDING,Automated metadata prioritization; no eligibility decision,2026-09-30
18750996,The healing touch.,https://pubmed.ncbi.nlm.nih.gov/18750996/,NO_ABSTRACT_SOURCE_PRIORITY,No primary abstract returned. Read title and acquire original source; no efficacy conclusion extracted.,SCREENING_PENDING,Automated metadata prioritization; no eligibility decision,2026-09-30
18755877,A pilot study of the experience of participating in a Therapeutic Touch practice group.,https://pubmed.ncbi.nlm.nih.gov/18755877/,EMPIRICAL_REVIEW_PRIORITY,"Trial/pilot metadata found. Confirm named modality, design, outcomes and eligibility from primary material.",SCREENING_PENDING,Automated metadata prioritization; no eligibility decision,2026-09-30
18780590,"Massages, reiki, oh my! Make patients feel at home.",https://pubmed.ncbi.nlm.nih.gov/18780590/,NO_ABSTRACT_SOURCE_PRIORITY,No primary abstract returned. Read title and acquire original source; no efficacy conclusion extracted.,SCREENING_PENDING,Automated metadata prioritization; no eligibility decision,2026-09-30
18843720,Touch therapies for pain relief in adults.,https://pubmed.ncbi.nlm.nih.gov/18843720/,NOTICE_CHECK_PRIORITY,Linked notice/publication type detected; reconcile original and notice before use.,SCREENING_PENDING,Automated metadata prioritization; no eligibility decision,2026-09-30
18914466,[A Scientific Investigation Of So-Called Medical Dowsing].,https://pubmed.ncbi.nlm.nih.gov/18914466/,NO_ABSTRACT_SOURCE_PRIORITY,No primary abstract returned. Read title and acquire original source; no efficacy conclusion extracted.,SCREENING_PENDING,Automated metadata prioritization; no eligibility decision,2026-09-30
18955312,A comparison of chinese and american Indian (chumash) medicine.,https://pubmed.ncbi.nlm.nih.gov/18955312/,ABSTRACT_SCREENING_PRIORITY,Available abstract needs eligibility review; metadata hint is not an inclusion/exclusion decision.,SCREENING_PENDING,Automated metadata prioritization; no eligibility decision,2026-09-30
18955319,The effect of therapeutic touch on pain and fatigue of cancer patients undergoing chemotherapy.,https://pubmed.ncbi.nlm.nih.gov/18955319/,ABSTRACT_SCREENING_PRIORITY,Available abstract needs eligibility review; metadata hint is not an inclusion/exclusion decision.,SCREENING_PENDING,Automated metadata prioritization; no eligibility decision,2026-09-30
18987475,The fat content of small primary breast cancer interferes with radiofrequency-induced thermal ablation.,https://pubmed.ncbi.nlm.nih.gov/18987475/,ABSTRACT_SCREENING_PRIORITY,Available abstract needs eligibility review; metadata hint is not an inclusion/exclusion decision.,SCREENING_PENDING,Automated metadata prioritization; no eligibility decision,2026-09-30
19024236,Reiki as a rehabilitative nursing intervention for pain management: a case study.,https://pubmed.ncbi.nlm.nih.gov/19024236/,REVIEW_CITATION_PRIORITY,Review metadata found. Consider citation chasing; do not count as independent primary replication.,SCREENING_PENDING,Automated metadata prioritization; no eligibility decision,2026-09-30
19060577,A double-blind randomized controlled pilot trial examining the safety and efficacy of therapeutic touch in premature infants.,https://pubmed.ncbi.nlm.nih.gov/19060577/,EMPIRICAL_REVIEW_PRIORITY,"Trial/pilot metadata found. Confirm named modality, design, outcomes and eligibility from primary material.",SCREENING_PENDING,Automated metadata prioritization; no eligibility decision,2026-09-30
19087765,Healing touch as a supportive intervention for adult acute leukemia patients: a pilot investigation of effects on distress and symptoms.,https://pubmed.ncbi.nlm.nih.gov/19087765/,ABSTRACT_SCREENING_PRIORITY,Available abstract needs eligibility review; metadata hint is not an inclusion/exclusion decision.,SCREENING_PENDING,Automated metadata prioritization; no eligibility decision,2026-09-30
19090556,Psychosocial interventions and quality of life in gynaecological cancer patients: a systematic review.,https://pubmed.ncbi.nlm.nih.gov/19090556/,REVIEW_CITATION_PRIORITY,Review metadata found. Consider citation chasing; do not count as independent primary replication.,SCREENING_PENDING,Automated metadata prioritization; no eligibility decision,2026-09-30
19127438,Increases in positive reappraisal coping during a group-based mantram intervention mediate sustained reductions in anger in HIV-positive persons.,https://pubmed.ncbi.nlm.nih.gov/19127438/,EMPIRICAL_REVIEW_PRIORITY,"Trial/pilot metadata found. Confirm named modality, design, outcomes and eligibility from primary material.",SCREENING_PENDING,Automated metadata prioritization; no eligibility decision,2026-09-30
19142390,[Gradual effects of therapeutic touch in reducing anxiety in university students].,https://pubmed.ncbi.nlm.nih.gov/19142390/,EMPIRICAL_REVIEW_PRIORITY,"Trial/pilot metadata found. Confirm named modality, design, outcomes and eligibility from primary material.",SCREENING_PENDING,Automated metadata prioritization; no eligibility decision,2026-09-30
19154859,Effects of faith/assurance on cortisol levels are enhanced by a spiritual mantram intervention in adults with HIV: a randomized trial.,https://pubmed.ncbi.nlm.nih.gov/19154859/,EMPIRICAL_REVIEW_PRIORITY,"Trial/pilot metadata found. Confirm named modality, design, outcomes and eligibility from primary material.",SCREENING_PENDING,Automated metadata prioritization; no eligibility decision,2026-09-30
19175256,Pranic healing.,https://pubmed.ncbi.nlm.nih.gov/19175256/,MANUALLY_REVIEWED_RECORD,Pranic Healing narrative review asserting molecular/energy effects. No original controlled sample or quantitative endpoint provided in abstract; assertion not validation.,PRIMARY_RECORD_REVIEWED,ILMB single-reviewer primary-record review,2026-09-30
19175275,Therapeutic touch: the conventional versus the alternative.,https://pubmed.ncbi.nlm.nih.gov/19175275/,REVIEW_CITATION_PRIORITY,Review metadata found. Consider citation chasing; do not count as independent primary replication.,SCREENING_PENDING,Automated metadata prioritization; no eligibility decision,2026-09-30
19176423,How quality improvement interventions for depression affect stigma concerns over time: a nine-year follow-up study.,https://pubmed.ncbi.nlm.nih.gov/19176423/,EMPIRICAL_REVIEW_PRIORITY,"Trial/pilot metadata found. Confirm named modality, design, outcomes and eligibility from primary material.",SCREENING_PENDING,Automated metadata prioritization; no eligibility decision,2026-09-30
19176854,"Intentionality, consciousness, and creating community.",https://pubmed.ncbi.nlm.nih.gov/19176854/,NOTICE_CHECK_PRIORITY,Linked notice/publication type detected; reconcile original and notice before use.,SCREENING_PENDING,Automated metadata prioritization; no eligibility decision,2026-09-30
19222055,Using non-contact therapeutic touch to manage post-surgical pain in the elderly.,https://pubmed.ncbi.nlm.nih.gov/19222055/,EMPIRICAL_REVIEW_PRIORITY,"Trial/pilot metadata found. Confirm named modality, design, outcomes and eligibility from primary material.",SCREENING_PENDING,Automated metadata prioritization; no eligibility decision,2026-09-30
19233016,"[Effectiveness of the application of therapeutic touch on weight, complications, and length of hospital stay in preterm newborns attended in a neonatal unit].",https://pubmed.ncbi.nlm.nih.gov/19233016/,EMPIRICAL_REVIEW_PRIORITY,"Trial/pilot metadata found. Confirm named modality, design, outcomes and eligibility from primary material.",SCREENING_PENDING,Automated metadata prioritization; no eligibility decision,2026-09-30
19235371,"Intermediate energy photons (1 MV) to improve dose gradient, conformality, and homogeneity: potential benefits for small field intracranial radiosurgery.",https://pubmed.ncbi.nlm.nih.gov/19235371/,ABSTRACT_SCREENING_PRIORITY,Available abstract needs eligibility review; metadata hint is not an inclusion/exclusion decision.,SCREENING_PENDING,Automated metadata prioritization; no eligibility decision,2026-09-30
19244711,Alchemy and mining: metallogenesis and prospecting in early mining books.,https://pubmed.ncbi.nlm.nih.gov/19244711/,ABSTRACT_SCREENING_PRIORITY,Available abstract needs eligibility review; metadata hint is not an inclusion/exclusion decision.,SCREENING_PENDING,Automated metadata prioritization; no eligibility decision,2026-09-30
19245175,[Evidence about the power of intention].,https://pubmed.ncbi.nlm.nih.gov/19245175/,ABSTRACT_SCREENING_PRIORITY,Available abstract needs eligibility review; metadata hint is not an inclusion/exclusion decision.,SCREENING_PENDING,Automated metadata prioritization; no eligibility decision,2026-09-30
19297799,"[Distant healing: expectations, relationships and solutions].",https://pubmed.ncbi.nlm.nih.gov/19297799/,NOTICE_CHECK_PRIORITY,Linked notice/publication type detected; reconcile original and notice before use.,SCREENING_PENDING,Automated metadata prioritization; no eligibility decision,2026-09-30
19299529,The effects of therapeutic touch on pain.,https://pubmed.ncbi.nlm.nih.gov/19299529/,REVIEW_CITATION_PRIORITY,Review metadata found. Consider citation chasing; do not count as independent primary replication.,SCREENING_PENDING,Automated metadata prioritization; no eligibility decision,2026-09-30
19411991,Nurses' lived experience of Reiki for self-care.,https://pubmed.ncbi.nlm.nih.gov/19411991/,ABSTRACT_SCREENING_PRIORITY,Available abstract needs eligibility review; metadata hint is not an inclusion/exclusion decision.,SCREENING_PENDING,Automated metadata prioritization; no eligibility decision,2026-09-30
19422284,Trends in the use of complementary and alternative medicine in Pakistan: a population-based survey.,https://pubmed.ncbi.nlm.nih.gov/19422284/,ABSTRACT_SCREENING_PRIORITY,Available abstract needs eligibility review; metadata hint is not an inclusion/exclusion decision.,SCREENING_PENDING,Automated metadata prioritization; no eligibility decision,2026-09-30
19425820,Effects of external qi of qigong with opposing intentions on proliferation of Escherichia coli.,https://pubmed.ncbi.nlm.nih.gov/19425820/,ABSTRACT_SCREENING_PRIORITY,Available abstract needs eligibility review; metadata hint is not an inclusion/exclusion decision.,SCREENING_PENDING,Automated metadata prioritization; no eligibility decision,2026-09-30
19464974,Adaptation of the Hall-Findlay technique for simultaneous contralateral reduction in delayed breast reconstruction with extended latissimus dorsi flap.,https://pubmed.ncbi.nlm.nih.gov/19464974/,ABSTRACT_SCREENING_PRIORITY,Available abstract needs eligibility review; metadata hint is not an inclusion/exclusion decision.,SCREENING_PENDING,Automated metadata prioritization; no eligibility decision,2026-09-30
19472862,The effects of distant healing performed by a spiritual healer on chronic pain: a randomized controlled trial.,https://pubmed.ncbi.nlm.nih.gov/19472862/,EMPIRICAL_REVIEW_PRIORITY,"Trial/pilot metadata found. Confirm named modality, design, outcomes and eligibility from primary material.",SCREENING_PENDING,Automated metadata prioritization; no eligibility decision,2026-09-30
19476730,Impact of healing touch on pediatric oncology outpatients: pilot study.,https://pubmed.ncbi.nlm.nih.gov/19476730/,EMPIRICAL_REVIEW_PRIORITY,"Trial/pilot metadata found. Confirm named modality, design, outcomes and eligibility from primary material.",SCREENING_PENDING,Automated metadata prioritization; no eligibility decision,2026-09-30
19487318,Witchcraft and reiki: voodoo economics and voodoo healing.,https://pubmed.ncbi.nlm.nih.gov/19487318/,NOTICE_CHECK_PRIORITY,Linked notice/publication type detected; reconcile original and notice before use.,SCREENING_PENDING,Automated metadata prioritization; no eligibility decision,2026-09-30
19496197,Major complications after radiofrequency ablation for liver tumors: analysis of 255 patients.,https://pubmed.ncbi.nlm.nih.gov/19496197/,ABSTRACT_SCREENING_PRIORITY,Available abstract needs eligibility review; metadata hint is not an inclusion/exclusion decision.,SCREENING_PENDING,Automated metadata prioritization; no eligibility decision,2026-09-30
19515284,Alternative approaches to epilepsy treatment.,https://pubmed.ncbi.nlm.nih.gov/19515284/,REVIEW_CITATION_PRIORITY,Review metadata found. Consider citation chasing; do not count as independent primary replication.,SCREENING_PENDING,Automated metadata prioritization; no eligibility decision,2026-09-30
19531072,Facilitating comfort for hospitalized patients using non-pharmacological measures: preliminary development of clinical practice guidelines.,https://pubmed.ncbi.nlm.nih.gov/19531072/,REVIEW_CITATION_PRIORITY,Review metadata found. Consider citation chasing; do not count as independent primary replication.,SCREENING_PENDING,Automated metadata prioritization; no eligibility decision,2026-09-30
19567731,Reiki and changes in pattern manifestations.,https://pubmed.ncbi.nlm.nih.gov/19567731/,ABSTRACT_SCREENING_PRIORITY,Available abstract needs eligibility review; metadata hint is not an inclusion/exclusion decision.,SCREENING_PENDING,Automated metadata prioritization; no eligibility decision,2026-09-30
19606506,An analytical review of the Chinese literature on Qigong therapy for diabetes mellitus.,https://pubmed.ncbi.nlm.nih.gov/19606506/,REVIEW_CITATION_PRIORITY,Review metadata found. Consider citation chasing; do not count as independent primary replication.,SCREENING_PENDING,Automated metadata prioritization; no eligibility decision,2026-09-30
19623833,Effects of Reiki on pain and anxiety in the elderly diagnosed with dementia: a series of case reports.,https://pubmed.ncbi.nlm.nih.gov/19623833/,NO_ABSTRACT_SOURCE_PRIORITY,No primary abstract returned. Read title and acquire original source; no efficacy conclusion extracted.,SCREENING_PENDING,Automated metadata prioritization; no eligibility decision,2026-09-30
19657203,The effect of therapeutic touch on behavioral symptoms and cortisol in persons with dementia.,https://pubmed.ncbi.nlm.nih.gov/19657203/,EMPIRICAL_REVIEW_PRIORITY,"Trial/pilot metadata found. Confirm named modality, design, outcomes and eligibility from primary material.",SCREENING_PENDING,Automated metadata prioritization; no eligibility decision,2026-09-30
19678772,An HMO-based prospective pilot study of energy medicine for chronic headaches: whole-person outcomes point to the need for new instrumentation.,https://pubmed.ncbi.nlm.nih.gov/19678772/,EMPIRICAL_REVIEW_PRIORITY,"Trial/pilot metadata found. Confirm named modality, design, outcomes and eligibility from primary material.",SCREENING_PENDING,Automated metadata prioritization; no eligibility decision,2026-09-30
19735313,Radiofrequency ablation for renal tumors: our experience.,https://pubmed.ncbi.nlm.nih.gov/19735313/,ABSTRACT_SCREENING_PRIORITY,Available abstract needs eligibility review; metadata hint is not an inclusion/exclusion decision.,SCREENING_PENDING,Automated metadata prioritization; no eligibility decision,2026-09-30
19752637,A spiritually based caregiver intervention with telephone delivery for family caregivers of veterans with dementia.,https://pubmed.ncbi.nlm.nih.gov/19752637/,ABSTRACT_SCREENING_PRIORITY,Available abstract needs eligibility review; metadata hint is not an inclusion/exclusion decision.,SCREENING_PENDING,Automated metadata prioritization; no eligibility decision,2026-09-30
19819311,A randomised controlled single-blind trial of the effects of Reiki and positive imagery on well-being and salivary cortisol.,https://pubmed.ncbi.nlm.nih.gov/19819311/,EMPIRICAL_REVIEW_PRIORITY,"Trial/pilot metadata found. Confirm named modality, design, outcomes and eligibility from primary material.",SCREENING_PENDING,Automated metadata prioritization; no eligibility decision,2026-09-30
19856109,Biofield therapies: helpful or full of hype? A best evidence synthesis.,https://pubmed.ncbi.nlm.nih.gov/19856109/,NOTICE_CHECK_PRIORITY,Linked notice/publication type detected; reconcile original and notice before use.,SCREENING_PENDING,Automated metadata prioritization; no eligibility decision,2026-09-30
20009019,Reflection of a 7-year patient care program: implementing and sustaining an integrative hospital program.,https://pubmed.ncbi.nlm.nih.gov/20009019/,ABSTRACT_SCREENING_PRIORITY,Available abstract needs eligibility review; metadata hint is not an inclusion/exclusion decision.,SCREENING_PENDING,Automated metadata prioritization; no eligibility decision,2026-09-30
20020296,Fusion technique for liver transection with Kelly-clysis and harmonic technology.,https://pubmed.ncbi.nlm.nih.gov/20020296/,ABSTRACT_SCREENING_PRIORITY,Available abstract needs eligibility review; metadata hint is not an inclusion/exclusion decision.,SCREENING_PENDING,Automated metadata prioritization; no eligibility decision,2026-09-30
20037342,[Radio-frequency ablation (RFA) for post-chemotherapeutic metastatic germ cell tumors as minimally invasive salvage therapy].,https://pubmed.ncbi.nlm.nih.gov/20037342/,ABSTRACT_SCREENING_PRIORITY,Available abstract needs eligibility review; metadata hint is not an inclusion/exclusion decision.,SCREENING_PENDING,Automated metadata prioritization; no eligibility decision,2026-09-30
20037425,[A case of hemobilia developing after radiofrequency ablation (RFA) for hepatocellular carcinoma].,https://pubmed.ncbi.nlm.nih.gov/20037425/,ABSTRACT_SCREENING_PRIORITY,Available abstract needs eligibility review; metadata hint is not an inclusion/exclusion decision.,SCREENING_PENDING,Automated metadata prioritization; no eligibility decision,2026-09-30
20092137,Reiki: the energy doula.,https://pubmed.ncbi.nlm.nih.gov/20092137/,NO_ABSTRACT_SOURCE_PRIORITY,No primary abstract returned. Read title and acquire original source; no efficacy conclusion extracted.,SCREENING_PENDING,Automated metadata prioritization; no eligibility decision,2026-09-30
20110687,External Qi of Yan Xin Qigong Induces apoptosis and inhibits migration and invasion of estrogen-independent breast cancer cells through suppression of Akt/NF-kB signaling.,https://pubmed.ncbi.nlm.nih.gov/20110687/,ABSTRACT_SCREENING_PRIORITY,Available abstract needs eligibility review; metadata hint is not an inclusion/exclusion decision.,SCREENING_PENDING,Automated metadata prioritization; no eligibility decision,2026-09-30
20145447,Endoscopic procedure with a modified Reiki intervention: a pilot study.,https://pubmed.ncbi.nlm.nih.gov/20145447/,EMPIRICAL_REVIEW_PRIORITY,"Trial/pilot metadata found. Confirm named modality, design, outcomes and eligibility from primary material.",SCREENING_PENDING,Automated metadata prioritization; no eligibility decision,2026-09-30
20186018,Energy healing and pain: a review of the literature.,https://pubmed.ncbi.nlm.nih.gov/20186018/,REVIEW_CITATION_PRIORITY,Review metadata found. Consider citation chasing; do not count as independent primary replication.,SCREENING_PENDING,Automated metadata prioritization; no eligibility decision,2026-09-30
20189724,"Multifunctional Merkel cells: their roles in electromagnetic reception, finger-print formation, Reiki, epigenetic inheritance and hair form.",https://pubmed.ncbi.nlm.nih.gov/20189724/,NOTICE_CHECK_PRIORITY,Linked notice/publication type detected; reconcile original and notice before use.,SCREENING_PENDING,Automated metadata prioritization; no eligibility decision,2026-09-30
20317109,Christian Science and the Doctor.,https://pubmed.ncbi.nlm.nih.gov/20317109/,NO_ABSTRACT_SOURCE_PRIORITY,No primary abstract returned. Read title and acquire original source; no efficacy conclusion extracted.,SCREENING_PENDING,Automated metadata prioritization; no eligibility decision,2026-09-30
20355265,Factors that influence practitioners' interpretations of evidence from alternative medicine trials: a factorial vignette experiment embedded in a national survey.,https://pubmed.ncbi.nlm.nih.gov/20355265/,ABSTRACT_SCREENING_PRIORITY,Available abstract needs eligibility review; metadata hint is not an inclusion/exclusion decision.,SCREENING_PENDING,Automated metadata prioritization; no eligibility decision,2026-09-30
20404620,"Knowledge, attitudes, and use of complementary and alternative therapies among clinical nurse specialists in an academic medical center.",https://pubmed.ncbi.nlm.nih.gov/20404620/,ABSTRACT_SCREENING_PRIORITY,Available abstract needs eligibility review; metadata hint is not an inclusion/exclusion decision.,SCREENING_PENDING,Automated metadata prioritization; no eligibility decision,2026-09-30
20495256,Ethics of responsibility in a multicultural context.,https://pubmed.ncbi.nlm.nih.gov/20495256/,ABSTRACT_SCREENING_PRIORITY,Available abstract needs eligibility review; metadata hint is not an inclusion/exclusion decision.,SCREENING_PENDING,Automated metadata prioritization; no eligibility decision,2026-09-30
20556767,Meditation therapies for attention-deficit/hyperactivity disorder (ADHD).,https://pubmed.ncbi.nlm.nih.gov/20556767/,NOTICE_CHECK_PRIORITY,Linked notice/publication type detected; reconcile original and notice before use.,SCREENING_PENDING,Automated metadata prioritization; no eligibility decision,2026-09-30
20583411,Recurrence incidence of small HCC in cirrhosis patients by ablation versus injection.,https://pubmed.ncbi.nlm.nih.gov/20583411/,ABSTRACT_SCREENING_PRIORITY,Available abstract needs eligibility review; metadata hint is not an inclusion/exclusion decision.,SCREENING_PENDING,Automated metadata prioritization; no eligibility decision,2026-09-30
20585101,The effect of therapeutic touch on postoperative patients.,https://pubmed.ncbi.nlm.nih.gov/20585101/,ABSTRACT_SCREENING_PRIORITY,Available abstract needs eligibility review; metadata hint is not an inclusion/exclusion decision.,SCREENING_PENDING,Automated metadata prioritization; no eligibility decision,2026-09-30
20585102,A study of the feasibility of introducing therapeutic touch into the operative environment with patients undergoing cerebral angiography.,https://pubmed.ncbi.nlm.nih.gov/20585102/,EMPIRICAL_REVIEW_PRIORITY,"Trial/pilot metadata found. Confirm named modality, design, outcomes and eligibility from primary material.",SCREENING_PENDING,Automated metadata prioritization; no eligibility decision,2026-09-30
20618097,Using enzyme folding to explore the mechanism of therapeutic touch: a feasibility study.,https://pubmed.ncbi.nlm.nih.gov/20618097/,ABSTRACT_SCREENING_PRIORITY,Available abstract needs eligibility review; metadata hint is not an inclusion/exclusion decision.,SCREENING_PENDING,Automated metadata prioritization; no eligibility decision,2026-09-30
20621272,Emerging from depression: the experiential process of Healing Touch explored through grounded theory and case study.,https://pubmed.ncbi.nlm.nih.gov/20621272/,ABSTRACT_SCREENING_PRIORITY,Available abstract needs eligibility review; metadata hint is not an inclusion/exclusion decision.,SCREENING_PENDING,Automated metadata prioritization; no eligibility decision,2026-09-30
20624103,Improving the well-being of nursing leaders through healing touch training.,https://pubmed.ncbi.nlm.nih.gov/20624103/,ABSTRACT_SCREENING_PRIORITY,Available abstract needs eligibility review; metadata hint is not an inclusion/exclusion decision.,SCREENING_PENDING,Automated metadata prioritization; no eligibility decision,2026-09-30
20630360,The use of complementary and alternative medicines among a sample of Canadian menopausal-aged women.,https://pubmed.ncbi.nlm.nih.gov/20630360/,ABSTRACT_SCREENING_PRIORITY,Available abstract needs eligibility review; metadata hint is not an inclusion/exclusion decision.,SCREENING_PENDING,Automated metadata prioritization; no eligibility decision,2026-09-30
20635803,"Effects of Reiki on anxiety, depression, pain, and physiological factors in community-dwelling older adults.",https://pubmed.ncbi.nlm.nih.gov/20635803/,EMPIRICAL_REVIEW_PRIORITY,"Trial/pilot metadata found. Confirm named modality, design, outcomes and eligibility from primary material.",SCREENING_PENDING,Automated metadata prioritization; no eligibility decision,2026-09-30
20640288,[Use of complementary therapies by mothers in their children: study at an university hospital].,https://pubmed.ncbi.nlm.nih.gov/20640288/,ABSTRACT_SCREENING_PRIORITY,Available abstract needs eligibility review; metadata hint is not an inclusion/exclusion decision.,SCREENING_PENDING,Automated metadata prioritization; no eligibility decision,2026-09-30
20664124,"Reiki for mind, body, and spirit support of cancer patients.",https://pubmed.ncbi.nlm.nih.gov/20664124/,NO_ABSTRACT_SOURCE_PRIORITY,No primary abstract returned. Read title and acquire original source; no efficacy conclusion extracted.,SCREENING_PENDING,Automated metadata prioritization; no eligibility decision,2026-09-30
20699431,The effect of Reiki on work-related stress of the registered nurse.,https://pubmed.ncbi.nlm.nih.gov/20699431/,ABSTRACT_SCREENING_PRIORITY,Available abstract needs eligibility review; metadata hint is not an inclusion/exclusion decision.,SCREENING_PENDING,Automated metadata prioritization; no eligibility decision,2026-09-30
20706088,The Touchstone Process: an ongoing critical evaluation of reiki in the scientific literature.,https://pubmed.ncbi.nlm.nih.gov/20706088/,ABSTRACT_SCREENING_PRIORITY,Available abstract needs eligibility review; metadata hint is not an inclusion/exclusion decision.,SCREENING_PENDING,Automated metadata prioritization; no eligibility decision,2026-09-30
20712393,Relationship between quality improvement processes and clinical performance.,https://pubmed.ncbi.nlm.nih.gov/20712393/,ABSTRACT_SCREENING_PRIORITY,Available abstract needs eligibility review; metadata hint is not an inclusion/exclusion decision.,SCREENING_PENDING,Automated metadata prioritization; no eligibility decision,2026-09-30
20733345,The development and validation of an outcome measure for spiritual healing: a mixed methods study.,https://pubmed.ncbi.nlm.nih.gov/20733345/,ABSTRACT_SCREENING_PRIORITY,Available abstract needs eligibility review; metadata hint is not an inclusion/exclusion decision.,SCREENING_PENDING,Automated metadata prioritization; no eligibility decision,2026-09-30
20758147,Christian Science: What it is.,https://pubmed.ncbi.nlm.nih.gov/20758147/,NO_ABSTRACT_SOURCE_PRIORITY,No primary abstract returned. Read title and acquire original source; no efficacy conclusion extracted.,SCREENING_PENDING,Automated metadata prioritization; no eligibility decision,2026-09-30
20760141,A VERDICT ON CHRISTIAN SCIENCE.,https://pubmed.ncbi.nlm.nih.gov/20760141/,NO_ABSTRACT_SOURCE_PRIORITY,No primary abstract returned. Read title and acquire original source; no efficacy conclusion extracted.,SCREENING_PENDING,Automated metadata prioritization; no eligibility decision,2026-09-30
20803609,Effects of complementary therapies on clinical outcomes in patients being treated with radiation therapy for prostate cancer.,https://pubmed.ncbi.nlm.nih.gov/20803609/,EMPIRICAL_REVIEW_PRIORITY,"Trial/pilot metadata found. Confirm named modality, design, outcomes and eligibility from primary material.",SCREENING_PENDING,Automated metadata prioritization; no eligibility decision,2026-09-30
20813333,Use of complementary and alternative medicine for treatment among African-Americans: a multivariate analysis.,https://pubmed.ncbi.nlm.nih.gov/20813333/,ABSTRACT_SCREENING_PRIORITY,Available abstract needs eligibility review; metadata hint is not an inclusion/exclusion decision.,SCREENING_PENDING,Automated metadata prioritization; no eligibility decision,2026-09-30
20828654,Effects of Reiki on autonomic activity early after acute coronary syndrome.,https://pubmed.ncbi.nlm.nih.gov/20828654/,EMPIRICAL_REVIEW_PRIORITY,"Trial/pilot metadata found. Confirm named modality, design, outcomes and eligibility from primary material.",SCREENING_PENDING,Automated metadata prioritization; no eligibility decision,2026-09-30
20832764,"Johrei, a Japanese healing technique, enhances the growth of sucrose crystals.",https://pubmed.ncbi.nlm.nih.gov/20832764/,MANUALLY_REVIEWED_RECORD,"Sucrose-crystallization experiments compare Johrei-treated and untreated solutions, reporting faster growth. Nonbiological outcome does not establish patient efficacy or mechanism; sample, environmental controls and precision need full text.",PRIMARY_RECORD_REVIEWED,ILMB single-reviewer primary-record review,2026-09-30
20920808,The integration of healing into conventional cancer care in the UK.,https://pubmed.ncbi.nlm.nih.gov/20920808/,ABSTRACT_SCREENING_PRIORITY,Available abstract needs eligibility review; metadata hint is not an inclusion/exclusion decision.,SCREENING_PENDING,Automated metadata prioritization; no eligibility decision,2026-09-30
20923076,Self-awareness training associated with personality traits and sex: a pilot study.,https://pubmed.ncbi.nlm.nih.gov/20923076/,EMPIRICAL_REVIEW_PRIORITY,"Trial/pilot metadata found. Confirm named modality, design, outcomes and eligibility from primary material.",SCREENING_PENDING,Automated metadata prioritization; no eligibility decision,2026-09-30
20942309,[Energy training and therapeutic touch].,https://pubmed.ncbi.nlm.nih.gov/20942309/,NO_ABSTRACT_SOURCE_PRIORITY,No primary abstract returned. Read title and acquire original source; no efficacy conclusion extracted.,SCREENING_PENDING,Automated metadata prioritization; no eligibility decision,2026-09-30
20973269,Pamela Miles: Reiki vibrational healing. Interview by Bonnie Horrigan.,https://pubmed.ncbi.nlm.nih.gov/20973269/,NOTICE_CHECK_PRIORITY,Linked notice/publication type detected; reconcile original and notice before use.,SCREENING_PENDING,Automated metadata prioritization; no eligibility decision,2026-09-30
20974063,Satisfaction and use of a spiritually based mantram intervention for childbirth-related fears in couples.,https://pubmed.ncbi.nlm.nih.gov/20974063/,ABSTRACT_SCREENING_PRIORITY,Available abstract needs eligibility review; metadata hint is not an inclusion/exclusion decision.,SCREENING_PENDING,Automated metadata prioritization; no eligibility decision,2026-09-30
21106615,External qigong therapy for women with breast cancer prior to surgery.,https://pubmed.ncbi.nlm.nih.gov/21106615/,EMPIRICAL_REVIEW_PRIORITY,"Trial/pilot metadata found. Confirm named modality, design, outcomes and eligibility from primary material.",SCREENING_PENDING,Automated metadata prioritization; no eligibility decision,2026-09-30
21138386,Functional magnetic resonance imaging of hippocampal activation during silent mantra meditation.,https://pubmed.ncbi.nlm.nih.gov/21138386/,EMPIRICAL_REVIEW_PRIORITY,"Trial/pilot metadata found. Confirm named modality, design, outcomes and eligibility from primary material.",SCREENING_PENDING,Automated metadata prioritization; no eligibility decision,2026-09-30
21140870,Reconnecting to nursing through Reiki.,https://pubmed.ncbi.nlm.nih.gov/21140870/,ABSTRACT_SCREENING_PRIORITY,Available abstract needs eligibility review; metadata hint is not an inclusion/exclusion decision.,SCREENING_PENDING,Automated metadata prioritization; no eligibility decision,2026-09-30
21194672,New insights on therapeutic touch: a discussion of experimental methodology and design that resulted in significant effects on normal human cells and osteosarcoma.,https://pubmed.ncbi.nlm.nih.gov/21194672/,ABSTRACT_SCREENING_PRIORITY,Available abstract needs eligibility review; metadata hint is not an inclusion/exclusion decision.,SCREENING_PENDING,Automated metadata prioritization; no eligibility decision,2026-09-30
21217914,Dosimetric comparison of linear accelerator-based stereotactic radiosurgery systems.,https://pubmed.ncbi.nlm.nih.gov/21217914/,ABSTRACT_SCREENING_PRIORITY,Available abstract needs eligibility review; metadata hint is not an inclusion/exclusion decision.,SCREENING_PENDING,Automated metadata prioritization; no eligibility decision,2026-09-30
21220082,Effectiveness of CAM therapy: understanding the evidence.,https://pubmed.ncbi.nlm.nih.gov/21220082/,REVIEW_CITATION_PRIORITY,Review metadata found. Consider citation chasing; do not count as independent primary replication.,SCREENING_PENDING,Automated metadata prioritization; no eligibility decision,2026-09-30
21292347,Holistic approach to treatment of intractable central neuropathic itch.,https://pubmed.ncbi.nlm.nih.gov/21292347/,ABSTRACT_SCREENING_PRIORITY,Available abstract needs eligibility review; metadata hint is not an inclusion/exclusion decision.,SCREENING_PENDING,Automated metadata prioritization; no eligibility decision,2026-09-30
21337796,"[The effectiveness of therapeutic touch on pain, depression and sleep in patients with chronic pain: clinical trial].",https://pubmed.ncbi.nlm.nih.gov/21337796/,EMPIRICAL_REVIEW_PRIORITY,"Trial/pilot metadata found. Confirm named modality, design, outcomes and eligibility from primary material.",SCREENING_PENDING,Automated metadata prioritization; no eligibility decision,2026-09-30
21360035,Integrative oncology research in the Middle East: weaving traditional and complementary medicine in supportive care.,https://pubmed.ncbi.nlm.nih.gov/21360035/,REVIEW_CITATION_PRIORITY,Review metadata found. Consider citation chasing; do not count as independent primary replication.,SCREENING_PENDING,Automated metadata prioritization; no eligibility decision,2026-09-30
21481259,"Nurses' experiences, expectations, and preferences for mind-body practices to reduce stress.",https://pubmed.ncbi.nlm.nih.gov/21481259/,ABSTRACT_SCREENING_PRIORITY,Available abstract needs eligibility review; metadata hint is not an inclusion/exclusion decision.,SCREENING_PENDING,Automated metadata prioritization; no eligibility decision,2026-09-30
21482920,"Evidence-based guideline: Treatment of painful diabetic neuropathy [RETIRED]: report of the American Academy of Neurology, the American Association of Neuromuscular and Electrodiagnostic Medicine, and the American Academy of Physical Medicine and Rehabilitation.",https://pubmed.ncbi.nlm.nih.gov/21482920/,NOTICE_CHECK_PRIORITY,Linked notice/publication type detected; reconcile original and notice before use.,SCREENING_PENDING,Automated metadata prioritization; no eligibility decision,2026-09-30
21484835,"Evidence-based guideline: treatment of painful diabetic neuropathy--report of the American Association of Neuromuscular and Electrodiagnostic Medicine, the American Academy of Neurology, and the American Academy of Physical Medicine & Rehabilitation.",https://pubmed.ncbi.nlm.nih.gov/21484835/,ABSTRACT_SCREENING_PRIORITY,Available abstract needs eligibility review; metadata hint is not an inclusion/exclusion decision.,SCREENING_PENDING,Automated metadata prioritization; no eligibility decision,2026-09-30
21497321,"Evidence-based guideline: Treatment of painful diabetic neuropathy: report of the American Academy of Neurology, the American Association of Neuromuscular and Electrodiagnostic Medicine, and the American Academy of Physical Medicine and Rehabilitation.",https://pubmed.ncbi.nlm.nih.gov/21497321/,REVIEW_CITATION_PRIORITY,Review metadata found. Consider citation chasing; do not count as independent primary replication.,SCREENING_PENDING,Automated metadata prioritization; no eligibility decision,2026-09-30
21531671,Investigation of standard care versus sham Reiki placebo versus actual Reiki therapy to enhance comfort and well-being in a chemotherapy infusion center.,https://pubmed.ncbi.nlm.nih.gov/21531671/,EMPIRICAL_REVIEW_PRIORITY,"Trial/pilot metadata found. Confirm named modality, design, outcomes and eligibility from primary material.",SCREENING_PENDING,Automated metadata prioritization; no eligibility decision,2026-09-30
21589748,Effects of therapeutic touch on the vital signs of patients before coronary artery bypass graft surgery.,https://pubmed.ncbi.nlm.nih.gov/21589748/,ABSTRACT_SCREENING_PRIORITY,Available abstract needs eligibility review; metadata hint is not an inclusion/exclusion decision.,SCREENING_PENDING,Automated metadata prioritization; no eligibility decision,2026-09-30
21624872,Nursing's healing touch.,https://pubmed.ncbi.nlm.nih.gov/21624872/,NO_ABSTRACT_SOURCE_PRIORITY,No primary abstract returned. Read title and acquire original source; no efficacy conclusion extracted.,SCREENING_PENDING,Automated metadata prioritization; no eligibility decision,2026-09-30
21670620,Reiki therapy: a nursing intervention for critical care.,https://pubmed.ncbi.nlm.nih.gov/21670620/,NOTICE_CHECK_PRIORITY,Linked notice/publication type detected; reconcile original and notice before use.,SCREENING_PENDING,Automated metadata prioritization; no eligibility decision,2026-09-30
21681598,Medicine and spiritual healing within a region of Canada: preliminary findings concerning Christian Scientists' healthcare practices.,https://pubmed.ncbi.nlm.nih.gov/21681598/,ABSTRACT_SCREENING_PRIORITY,Available abstract needs eligibility review; metadata hint is not an inclusion/exclusion decision.,SCREENING_PENDING,Automated metadata prioritization; no eligibility decision,2026-09-30
21697661,Biofield therapies in cardiovascular disease management: a brief review.,https://pubmed.ncbi.nlm.nih.gov/21697661/,REVIEW_CITATION_PRIORITY,Review metadata found. Consider citation chasing; do not count as independent primary replication.,SCREENING_PENDING,Automated metadata prioritization; no eligibility decision,2026-09-30
21701183,Energy healing for cancer: a critical review.,https://pubmed.ncbi.nlm.nih.gov/21701183/,REVIEW_CITATION_PRIORITY,Review metadata found. Consider citation chasing; do not count as independent primary replication.,SCREENING_PENDING,Automated metadata prioritization; no eligibility decision,2026-09-30
21732134,"The First Church of Christ, Pragmatist: Christian Science and responsible optimism.",https://pubmed.ncbi.nlm.nih.gov/21732134/,ABSTRACT_SCREENING_PRIORITY,Available abstract needs eligibility review; metadata hint is not an inclusion/exclusion decision.,SCREENING_PENDING,Automated metadata prioritization; no eligibility decision,2026-09-30
21767688,It's good to know: how treatment knowledge and belief affect the outcome of distant healing intentionality for arthritis sufferers.,https://pubmed.ncbi.nlm.nih.gov/21767688/,NOTICE_CHECK_PRIORITY,Linked notice/publication type detected; reconcile original and notice before use.,SCREENING_PENDING,Automated metadata prioritization; no eligibility decision,2026-09-30
21805785,[The benefits of therapeutic touch in gynecology-oncology].,https://pubmed.ncbi.nlm.nih.gov/21805785/,NO_ABSTRACT_SOURCE_PRIORITY,No primary abstract returned. Read title and acquire original source; no efficacy conclusion extracted.,SCREENING_PENDING,Automated metadata prioritization; no eligibility decision,2026-09-30
21807424,Sahaja yoga: a unique adjunctive approach for the management of cardiac arrhythmias?,https://pubmed.ncbi.nlm.nih.gov/21807424/,NO_ABSTRACT_SOURCE_PRIORITY,No primary abstract returned. Read title and acquire original source; no efficacy conclusion extracted.,SCREENING_PENDING,Automated metadata prioritization; no eligibility decision,2026-09-30
21821642,"Immediate effects of reiki on heart rate variability, cortisol levels, and body temperature in health care professionals with burnout.",https://pubmed.ncbi.nlm.nih.gov/21821642/,EMPIRICAL_REVIEW_PRIORITY,"Trial/pilot metadata found. Confirm named modality, design, outcomes and eligibility from primary material.",SCREENING_PENDING,Automated metadata prioritization; no eligibility decision,2026-09-30
21832926,"Introduction for ""Reiki at University Medical Center, Tucson, Arizona, a magnet hospital"": Mega R. Mease is interviewed by William Lee Rand.",https://pubmed.ncbi.nlm.nih.gov/21832926/,NOTICE_CHECK_PRIORITY,Linked notice/publication type detected; reconcile original and notice before use.,SCREENING_PENDING,Automated metadata prioritization; no eligibility decision,2026-09-30
21832927,"Reiki at University Medical Center, Tucson, Arizona, a magnet hospital: Mega R. Mease is interviewed by William Lee Rand.",https://pubmed.ncbi.nlm.nih.gov/21832927/,NOTICE_CHECK_PRIORITY,Linked notice/publication type detected; reconcile original and notice before use.,SCREENING_PENDING,Automated metadata prioritization; no eligibility decision,2026-09-30
21832928,Reiki and its journey into a hospital setting.,https://pubmed.ncbi.nlm.nih.gov/21832928/,ABSTRACT_SCREENING_PRIORITY,Available abstract needs eligibility review; metadata hint is not an inclusion/exclusion decision.,SCREENING_PENDING,Automated metadata prioritization; no eligibility decision,2026-09-30
21857444,Arthrodiastasis of the hip.,https://pubmed.ncbi.nlm.nih.gov/21857444/,ABSTRACT_SCREENING_PRIORITY,Available abstract needs eligibility review; metadata hint is not an inclusion/exclusion decision.,SCREENING_PENDING,Automated metadata prioritization; no eligibility decision,2026-09-30
21864886,"A prospective, randomized trial of integrative medicine for women with ovarian cancer.",https://pubmed.ncbi.nlm.nih.gov/21864886/,EMPIRICAL_REVIEW_PRIORITY,"Trial/pilot metadata found. Confirm named modality, design, outcomes and eligibility from primary material.",SCREENING_PENDING,Automated metadata prioritization; no eligibility decision,2026-09-30
21874605,Spiritual wellbeing mediates PTSD change in veterans with military-related PTSD.,https://pubmed.ncbi.nlm.nih.gov/21874605/,NOTICE_CHECK_PRIORITY,Linked notice/publication type detected; reconcile original and notice before use.,SCREENING_PENDING,Automated metadata prioritization; no eligibility decision,2026-09-30
21897457,Agnihotra in the treatment of alcoholism.,https://pubmed.ncbi.nlm.nih.gov/21897457/,MANUALLY_REVIEWED_RECORD,"18 alcoholism cases with repeated Agnihotra; abstinence reported after two weeks and 55% beyond eight weeks. Uncontrolled series, selection/other-treatment confounding and ascertainment limit causal efficacy; not a demonstrated cure.",PRIMARY_RECORD_REVIEWED,ILMB single-reviewer primary-record review,2026-09-30
21917562,Subjective concepts of chronically ill patients using distant healing.,https://pubmed.ncbi.nlm.nih.gov/21917562/,EMPIRICAL_REVIEW_PRIORITY,"Trial/pilot metadata found. Confirm named modality, design, outcomes and eligibility from primary material.",SCREENING_PENDING,Automated metadata prioritization; no eligibility decision,2026-09-30
21921709,“Reiki therapy: a nursing intervention for critical care”.,https://pubmed.ncbi.nlm.nih.gov/21921709/,NOTICE_CHECK_PRIORITY,Linked notice/publication type detected; reconcile original and notice before use.,SCREENING_PENDING,Automated metadata prioritization; no eligibility decision,2026-09-30
21927247,Agnihotra - a useful adjunct in recovery of a resistant demotivated smack addict.,https://pubmed.ncbi.nlm.nih.gov/21927247/,MANUALLY_REVIEWED_RECORD,"One poorly motivated opioid-addiction case after withdrawal, four weeks of Agnihotra and reported one-year follow-up. Uncontrolled recovery cannot establish treatment efficacy or relapse prevention.",PRIMARY_RECORD_REVIEWED,ILMB single-reviewer primary-record review,2026-09-30
21951738,The use of healing touch in integrative oncology.,https://pubmed.ncbi.nlm.nih.gov/21951738/,ABSTRACT_SCREENING_PRIORITY,Available abstract needs eligibility review; metadata hint is not an inclusion/exclusion decision.,SCREENING_PENDING,Automated metadata prioritization; no eligibility decision,2026-09-30
21957657,Opting for Christian Science vs. surgical removal: a case report of a giant basal cell carcinoma arising on the back of a 66-year-old man.,https://pubmed.ncbi.nlm.nih.gov/21957657/,ABSTRACT_SCREENING_PRIORITY,Available abstract needs eligibility review; metadata hint is not an inclusion/exclusion decision.,SCREENING_PENDING,Automated metadata prioritization; no eligibility decision,2026-09-30
21982120,Complementary and alternative medicine for patients with chronic fatigue syndrome: a systematic review.,https://pubmed.ncbi.nlm.nih.gov/21982120/,REVIEW_CITATION_PRIORITY,Review metadata found. Consider citation chasing; do not count as independent primary replication.,SCREENING_PENDING,Automated metadata prioritization; no eligibility decision,2026-09-30
21985801,Remote conditioning in clinical practice: a type of distant healing?,https://pubmed.ncbi.nlm.nih.gov/21985801/,NO_ABSTRACT_SOURCE_PRIORITY,No primary abstract returned. Read title and acquire original source; no efficacy conclusion extracted.,SCREENING_PENDING,Automated metadata prioritization; no eligibility decision,2026-09-30
21998438,The effects of Reiki therapy on pain and anxiety in patients attending a day oncology and infusion services unit.,https://pubmed.ncbi.nlm.nih.gov/21998438/,ABSTRACT_SCREENING_PRIORITY,Available abstract needs eligibility review; metadata hint is not an inclusion/exclusion decision.,SCREENING_PENDING,Automated metadata prioritization; no eligibility decision,2026-09-30
22005807,Healing touch: tips for successful hand hygiene.,https://pubmed.ncbi.nlm.nih.gov/22005807/,NO_ABSTRACT_SOURCE_PRIORITY,No primary abstract returned. Read title and acquire original source; no efficacy conclusion extracted.,SCREENING_PENDING,Automated metadata prioritization; no eligibility decision,2026-09-30
22015342,"Managing osteoarthritis: comparisons of chair yoga, Reiki, and education (pilot study).",https://pubmed.ncbi.nlm.nih.gov/22015342/,EMPIRICAL_REVIEW_PRIORITY,"Trial/pilot metadata found. Confirm named modality, design, outcomes and eligibility from primary material.",SCREENING_PENDING,Automated metadata prioritization; no eligibility decision,2026-09-30
22021729,The effect of distant reiki on pain in women after elective Caesarean section: a double-blinded randomised controlled trial.,https://pubmed.ncbi.nlm.nih.gov/22021729/,EMPIRICAL_REVIEW_PRIORITY,"Trial/pilot metadata found. Confirm named modality, design, outcomes and eligibility from primary material.",SCREENING_PENDING,Automated metadata prioritization; no eligibility decision,2026-09-30
22030577,The application of Reiki in nurses diagnosed with Burnout Syndrome has beneficial effects on concentration of salivary IgA and blood pressure.,https://pubmed.ncbi.nlm.nih.gov/22030577/,EMPIRICAL_REVIEW_PRIORITY,"Trial/pilot metadata found. Confirm named modality, design, outcomes and eligibility from primary material.",SCREENING_PENDING,Automated metadata prioritization; no eligibility decision,2026-09-30
22058669,Qualitative Assessment of the Impact of Implementing Reiki Training in a Supported Residence for People Older Than 50 Years with HIV/AIDS.,https://pubmed.ncbi.nlm.nih.gov/22058669/,ABSTRACT_SCREENING_PRIORITY,Available abstract needs eligibility review; metadata hint is not an inclusion/exclusion decision.,SCREENING_PENDING,Automated metadata prioritization; no eligibility decision,2026-09-30
22112748,'Does religion cause health?': differing interpretations and diverse meanings.,https://pubmed.ncbi.nlm.nih.gov/22112748/,ABSTRACT_SCREENING_PRIORITY,Available abstract needs eligibility review; metadata hint is not an inclusion/exclusion decision.,SCREENING_PENDING,Automated metadata prioritization; no eligibility decision,2026-09-30
22136027,"[Application of ""regulating spirit and conducting qi"" therapy in treatment of psychological diseases].",https://pubmed.ncbi.nlm.nih.gov/22136027/,ABSTRACT_SCREENING_PRIORITY,Available abstract needs eligibility review; metadata hint is not an inclusion/exclusion decision.,SCREENING_PENDING,Automated metadata prioritization; no eligibility decision,2026-09-30
22160803,"External Qi of Yan Xin Qigong induces cell death and gene expression alterations promoting apoptosis and inhibiting proliferation, migration and glucose metabolism in small-cell lung cancer cells.",https://pubmed.ncbi.nlm.nih.gov/22160803/,NOTICE_CHECK_PRIORITY,Linked notice/publication type detected; reconcile original and notice before use.,SCREENING_PENDING,Automated metadata prioritization; no eligibility decision,2026-09-30
22225313,Dosimetric performance and array assessment of plastic scintillation detectors for stereotactic radiosurgery quality assurance.,https://pubmed.ncbi.nlm.nih.gov/22225313/,ABSTRACT_SCREENING_PRIORITY,Available abstract needs eligibility review; metadata hint is not an inclusion/exclusion decision.,SCREENING_PENDING,Automated metadata prioritization; no eligibility decision,2026-09-30
22266174,Reduced functional connectivity between cortical sources in five meditation traditions detected with lagged coherence using EEG tomography.,https://pubmed.ncbi.nlm.nih.gov/22266174/,ABSTRACT_SCREENING_PRIORITY,Available abstract needs eligibility review; metadata hint is not an inclusion/exclusion decision.,SCREENING_PENDING,Automated metadata prioritization; no eligibility decision,2026-09-30
22268972,Living with HIV: responses to a mantram intervention using the critical incident research method.,https://pubmed.ncbi.nlm.nih.gov/22268972/,EMPIRICAL_REVIEW_PRIORITY,"Trial/pilot metadata found. Confirm named modality, design, outcomes and eligibility from primary material.",SCREENING_PENDING,Automated metadata prioritization; no eligibility decision,2026-09-30
22278643,Nursing intervention using healing touch in bilateral total knee arthroplasty.,https://pubmed.ncbi.nlm.nih.gov/22278643/,EMPIRICAL_REVIEW_PRIORITY,"Trial/pilot metadata found. Confirm named modality, design, outcomes and eligibility from primary material.",SCREENING_PENDING,Automated metadata prioritization; no eligibility decision,2026-09-30
22281310,Energy therapies in oncology nursing.,https://pubmed.ncbi.nlm.nih.gov/22281310/,REVIEW_CITATION_PRIORITY,Review metadata found. Consider citation chasing; do not count as independent primary replication.,SCREENING_PENDING,Automated metadata prioritization; no eligibility decision,2026-09-30
22299555,LINAC based radiosurgery and radiotherapy for neurosurgical diseases: what have we learnt so far.,https://pubmed.ncbi.nlm.nih.gov/22299555/,ABSTRACT_SCREENING_PRIORITY,Available abstract needs eligibility review; metadata hint is not an inclusion/exclusion decision.,SCREENING_PENDING,Automated metadata prioritization; no eligibility decision,2026-09-30
22385565,Randomized expectancy-enhanced placebo-controlled trial of the impact of Quantum BioEnergetic distant healing and paranormal belief on mood disturbance: a pilot study.,https://pubmed.ncbi.nlm.nih.gov/22385565/,EMPIRICAL_REVIEW_PRIORITY,"Trial/pilot metadata found. Confirm named modality, design, outcomes and eligibility from primary material.",SCREENING_PENDING,Automated metadata prioritization; no eligibility decision,2026-09-30
22388095,Commissioning of mini-multi-leaf-collimator (MMLC) for stereotactic radiosurgery and radiotherapy.,https://pubmed.ncbi.nlm.nih.gov/22388095/,ABSTRACT_SCREENING_PRIORITY,Available abstract needs eligibility review; metadata hint is not an inclusion/exclusion decision.,SCREENING_PENDING,Automated metadata prioritization; no eligibility decision,2026-09-30
22432193,"[Differentiated approach for determination of the patients treatment tactics in focal affection of brain, using stereotaxic methods].",https://pubmed.ncbi.nlm.nih.gov/22432193/,ABSTRACT_SCREENING_PRIORITY,Available abstract needs eligibility review; metadata hint is not an inclusion/exclusion decision.,SCREENING_PENDING,Automated metadata prioritization; no eligibility decision,2026-09-30
22500842,Availability of complementary and alternative medicine for people with cancer in the British National Health Service: results of a national survey.,https://pubmed.ncbi.nlm.nih.gov/22500842/,ABSTRACT_SCREENING_PRIORITY,Available abstract needs eligibility review; metadata hint is not an inclusion/exclusion decision.,SCREENING_PENDING,Automated metadata prioritization; no eligibility decision,2026-09-30
22509710,[Therapeutic touch for demented patients with pain. Healing with the hands].,https://pubmed.ncbi.nlm.nih.gov/22509710/,NO_ABSTRACT_SOURCE_PRIORITY,No primary abstract returned. Read title and acquire original source; no efficacy conclusion extracted.,SCREENING_PENDING,Automated metadata prioritization; no eligibility decision,2026-09-30
22556605,An introduction to the mysticism of the sri chakra.,https://pubmed.ncbi.nlm.nih.gov/22556605/,ABSTRACT_SCREENING_PRIORITY,Available abstract needs eligibility review; metadata hint is not an inclusion/exclusion decision.,SCREENING_PENDING,Automated metadata prioritization; no eligibility decision,2026-09-30
22556608,The sri chakra as a symbol of the human body.,https://pubmed.ncbi.nlm.nih.gov/22556608/,ABSTRACT_SCREENING_PRIORITY,Available abstract needs eligibility review; metadata hint is not an inclusion/exclusion decision.,SCREENING_PENDING,Automated metadata prioritization; no eligibility decision,2026-09-30
22556648,Psychological aspects of the sri chakra.,https://pubmed.ncbi.nlm.nih.gov/22556648/,ABSTRACT_SCREENING_PRIORITY,Available abstract needs eligibility review; metadata hint is not an inclusion/exclusion decision.,SCREENING_PENDING,Automated metadata prioritization; no eligibility decision,2026-09-30
22562939,An overview of integrative care options for patients with chronic wounds.,https://pubmed.ncbi.nlm.nih.gov/22562939/,REVIEW_CITATION_PRIORITY,Review metadata found. Consider citation chasing; do not count as independent primary replication.,SCREENING_PENDING,Automated metadata prioritization; no eligibility decision,2026-09-30
22611427,Quality of life and functional health status of long-term meditators.,https://pubmed.ncbi.nlm.nih.gov/22611427/,ABSTRACT_SCREENING_PRIORITY,Available abstract needs eligibility review; metadata hint is not an inclusion/exclusion decision.,SCREENING_PENDING,Automated metadata prioritization; no eligibility decision,2026-09-30
22658441,"A prospective, multicenter study of complementary/alternative medicine (CAM) utilization during definitive radiation for breast cancer.",https://pubmed.ncbi.nlm.nih.gov/22658441/,ABSTRACT_SCREENING_PRIORITY,Available abstract needs eligibility review; metadata hint is not an inclusion/exclusion decision.,SCREENING_PENDING,Automated metadata prioritization; no eligibility decision,2026-09-30
22658764,Dosimetric comparison between two MLC systems commonly used for stereotactic radiosurgery and radiotherapy: a Monte Carlo and experimental study.,https://pubmed.ncbi.nlm.nih.gov/22658764/,ABSTRACT_SCREENING_PRIORITY,Available abstract needs eligibility review; metadata hint is not an inclusion/exclusion decision.,SCREENING_PENDING,Automated metadata prioritization; no eligibility decision,2026-09-30
22662519,The healing touch.,https://pubmed.ncbi.nlm.nih.gov/22662519/,NO_ABSTRACT_SOURCE_PRIORITY,No primary abstract returned. Read title and acquire original source; no efficacy conclusion extracted.,SCREENING_PENDING,Automated metadata prioritization; no eligibility decision,2026-09-30
22694864,Healing touch for older adults with persistent pain.,https://pubmed.ncbi.nlm.nih.gov/22694864/,EMPIRICAL_REVIEW_PRIORITY,"Trial/pilot metadata found. Confirm named modality, design, outcomes and eligibility from primary material.",SCREENING_PENDING,Automated metadata prioritization; no eligibility decision,2026-09-30
22696330,Therapeutic touch for healing acute wounds.,https://pubmed.ncbi.nlm.nih.gov/22696330/,NOTICE_CHECK_PRIORITY,Linked notice/publication type detected; reconcile original and notice before use.,SCREENING_PENDING,Automated metadata prioritization; no eligibility decision,2026-09-30
22710258,The impact of healing touch on pediatric oncology patients.,https://pubmed.ncbi.nlm.nih.gov/22710258/,EMPIRICAL_REVIEW_PRIORITY,"Trial/pilot metadata found. Confirm named modality, design, outcomes and eligibility from primary material.",SCREENING_PENDING,Automated metadata prioritization; no eligibility decision,2026-09-30
22713606,Using a healing touch intervention in older adults with persistent pain: a feasibility study.,https://pubmed.ncbi.nlm.nih.gov/22713606/,ABSTRACT_SCREENING_PRIORITY,Available abstract needs eligibility review; metadata hint is not an inclusion/exclusion decision.,SCREENING_PENDING,Automated metadata prioritization; no eligibility decision,2026-09-30
22714237,Normal and diseased personal eye modeling using age-appropriate lens parameters.,https://pubmed.ncbi.nlm.nih.gov/22714237/,MANUALLY_REVIEWED_RECORD,Ocular optical modeling using lens bio-geometry. Not BioGeometry energy-healing method.,PRIMARY_RECORD_REVIEWED,ILMB single-reviewer primary-record review,2026-09-30
22742672,Distant healing of surgical wounds: an exploratory study.,https://pubmed.ncbi.nlm.nih.gov/22742672/,EMPIRICAL_REVIEW_PRIORITY,"Trial/pilot metadata found. Confirm named modality, design, outcomes and eligibility from primary material.",SCREENING_PENDING,Automated metadata prioritization; no eligibility decision,2026-09-30
22742674,"Comparing individual preferences for four meditation techniques: Zen, Vipassana (Mindfulness), Qigong, and Mantra.",https://pubmed.ncbi.nlm.nih.gov/22742674/,EMPIRICAL_REVIEW_PRIORITY,"Trial/pilot metadata found. Confirm named modality, design, outcomes and eligibility from primary material.",SCREENING_PENDING,Automated metadata prioritization; no eligibility decision,2026-09-30
22757968,A pilot study of Qigong for reducing cocaine craving early in recovery.,https://pubmed.ncbi.nlm.nih.gov/22757968/,EMPIRICAL_REVIEW_PRIORITY,"Trial/pilot metadata found. Confirm named modality, design, outcomes and eligibility from primary material.",SCREENING_PENDING,Automated metadata prioritization; no eligibility decision,2026-09-30
22760464,"[Complementary and alternative therapies for fibromyalgia syndrome. Systematic review, meta-analysis and guideline].",https://pubmed.ncbi.nlm.nih.gov/22760464/,REVIEW_CITATION_PRIORITY,Review metadata found. Consider citation chasing; do not count as independent primary replication.,SCREENING_PENDING,Automated metadata prioritization; no eligibility decision,2026-09-30
22765216,"Discipline, desire, and transgression in physiotherapy practice.",https://pubmed.ncbi.nlm.nih.gov/22765216/,REVIEW_CITATION_PRIORITY,Review metadata found. Consider citation chasing; do not count as independent primary replication.,SCREENING_PENDING,Automated metadata prioritization; no eligibility decision,2026-09-30
22784339,Can we help just by good intentions? A meta-analysis of experiments on distant intention effects.,https://pubmed.ncbi.nlm.nih.gov/22784339/,NOTICE_CHECK_PRIORITY,Linked notice/publication type detected; reconcile original and notice before use.,SCREENING_PENDING,Automated metadata prioritization; no eligibility decision,2026-09-30
22792482,Gentle Human Touch and Yakson: The Effect on Preterm's Behavioral Reactions.,https://pubmed.ncbi.nlm.nih.gov/22792482/,ABSTRACT_SCREENING_PRIORITY,Available abstract needs eligibility review; metadata hint is not an inclusion/exclusion decision.,SCREENING_PENDING,Automated metadata prioritization; no eligibility decision,2026-09-30
22820486,Effect of therapeutic touch on brain activation of preterm infants in response to sensory punctate stimulus: a near-infrared spectroscopy-based study.,https://pubmed.ncbi.nlm.nih.gov/22820486/,ABSTRACT_SCREENING_PRIORITY,Available abstract needs eligibility review; metadata hint is not an inclusion/exclusion decision.,SCREENING_PENDING,Automated metadata prioritization; no eligibility decision,2026-09-30
22828950,"Effects of therapeutic touch on anxiety, vital signs, and cardiac dysrhythmia in a sample of Iranian women undergoing cardiac catheterization: a quasi-experimental study.",https://pubmed.ncbi.nlm.nih.gov/22828950/,ABSTRACT_SCREENING_PRIORITY,Available abstract needs eligibility review; metadata hint is not an inclusion/exclusion decision.,SCREENING_PENDING,Automated metadata prioritization; no eligibility decision,2026-09-30
22924412,Comment on Some implications of the reported effects of Johrei on the viability and proliferation of cultured cancer cells in vitro.,https://pubmed.ncbi.nlm.nih.gov/22924412/,MANUALLY_REVIEWED_RECORD,"Comment on Johrei cultured-cancer-cell findings, with no abstract. Commentary is not an independent experiment; obtain text for methodological criticism/citation context.",PRIMARY_RECORD_REVIEWED,ILMB single-reviewer primary-record review,2026-09-30
22995597,The implementation and evaluation of therapeutic touch in burn patients: an instructive experience of conducting a scientific study within a non-academic nursing setting.,https://pubmed.ncbi.nlm.nih.gov/22995597/,EMPIRICAL_REVIEW_PRIORITY,"Trial/pilot metadata found. Confirm named modality, design, outcomes and eligibility from primary material.",SCREENING_PENDING,Automated metadata prioritization; no eligibility decision,2026-09-30
23018166,Reiki as a pain management adjunct in screening colonoscopy.,https://pubmed.ncbi.nlm.nih.gov/23018166/,EMPIRICAL_REVIEW_PRIORITY,"Trial/pilot metadata found. Confirm named modality, design, outcomes and eligibility from primary material.",SCREENING_PENDING,Automated metadata prioritization; no eligibility decision,2026-09-30
23040157,Psychological effects of stillbirth.,https://pubmed.ncbi.nlm.nih.gov/23040157/,ABSTRACT_SCREENING_PRIORITY,Available abstract needs eligibility review; metadata hint is not an inclusion/exclusion decision.,SCREENING_PENDING,Automated metadata prioritization; no eligibility decision,2026-09-30
23057219,"[Primary meaning and pathology of the ""Jue"": significance of the clinical case of the Guo prince treated by Bianque].",https://pubmed.ncbi.nlm.nih.gov/23057219/,ABSTRACT_SCREENING_PRIORITY,Available abstract needs eligibility review; metadata hint is not an inclusion/exclusion decision.,SCREENING_PENDING,Automated metadata prioritization; no eligibility decision,2026-09-30
23086004,Complementary and alternative medicine in the treatment of refugees and survivors of torture: a review and proposal for action.,https://pubmed.ncbi.nlm.nih.gov/23086004/,REVIEW_CITATION_PRIORITY,Review metadata found. Consider citation chasing; do not count as independent primary replication.,SCREENING_PENDING,Automated metadata prioritization; no eligibility decision,2026-09-30
23141792,Energy therapies: focus on spirituality.,https://pubmed.ncbi.nlm.nih.gov/23141792/,ABSTRACT_SCREENING_PRIORITY,Available abstract needs eligibility review; metadata hint is not an inclusion/exclusion decision.,SCREENING_PENDING,Automated metadata prioritization; no eligibility decision,2026-09-30
23155905,A reappraisal of herbal medicinal products.,https://pubmed.ncbi.nlm.nih.gov/23155905/,ABSTRACT_SCREENING_PRIORITY,Available abstract needs eligibility review; metadata hint is not an inclusion/exclusion decision.,SCREENING_PENDING,Automated metadata prioritization; no eligibility decision,2026-09-30
23165942,Infrasound sensitizes human glioblastoma cells to cisplatin-induced apoptosis.,https://pubmed.ncbi.nlm.nih.gov/23165942/,ABSTRACT_SCREENING_PRIORITY,Available abstract needs eligibility review; metadata hint is not an inclusion/exclusion decision.,SCREENING_PENDING,Automated metadata prioritization; no eligibility decision,2026-09-30
23182602,Using a mixed methods research design to investigate complementary alternative medicine (CAM) use among women with breast cancer in Ireland.,https://pubmed.ncbi.nlm.nih.gov/23182602/,ABSTRACT_SCREENING_PRIORITY,Available abstract needs eligibility review; metadata hint is not an inclusion/exclusion decision.,SCREENING_PENDING,Automated metadata prioritization; no eligibility decision,2026-09-30
23210468,Practicing Reiki does not appear to routinely produce high-intensity electromagnetic fields from the heart or hands of Reiki practitioners.,https://pubmed.ncbi.nlm.nih.gov/23210468/,ABSTRACT_SCREENING_PRIORITY,Available abstract needs eligibility review; metadata hint is not an inclusion/exclusion decision.,SCREENING_PENDING,Automated metadata prioritization; no eligibility decision,2026-09-30
23211384,An integral nursing education experience: outcomes from a BSN Reiki course.,https://pubmed.ncbi.nlm.nih.gov/23211384/,ABSTRACT_SCREENING_PRIORITY,Available abstract needs eligibility review; metadata hint is not an inclusion/exclusion decision.,SCREENING_PENDING,Automated metadata prioritization; no eligibility decision,2026-09-30
23211388,Teaching culturally appropriate therapeutic touch to nursing students in the Sultanate of Oman: reflections on observations and experiences with Muslim patients.,https://pubmed.ncbi.nlm.nih.gov/23211388/,ABSTRACT_SCREENING_PRIORITY,Available abstract needs eligibility review; metadata hint is not an inclusion/exclusion decision.,SCREENING_PENDING,Automated metadata prioritization; no eligibility decision,2026-09-30
23221065,Symptomatic improvement reported after receiving Reiki at a cancer infusion center.,https://pubmed.ncbi.nlm.nih.gov/23221065/,ABSTRACT_SCREENING_PRIORITY,Available abstract needs eligibility review; metadata hint is not an inclusion/exclusion decision.,SCREENING_PENDING,Automated metadata prioritization; no eligibility decision,2026-09-30
23267914,[Radiofrequency ablation therapy combined with hepatectomy for liver metastasis of colorectal cancer].,https://pubmed.ncbi.nlm.nih.gov/23267914/,ABSTRACT_SCREENING_PRIORITY,Available abstract needs eligibility review; metadata hint is not an inclusion/exclusion decision.,SCREENING_PENDING,Automated metadata prioritization; no eligibility decision,2026-09-30
23294820,Qualitative and quantitative evaluation of a pilot integrative coping and resiliency program for healthcare professionals.,https://pubmed.ncbi.nlm.nih.gov/23294820/,EMPIRICAL_REVIEW_PRIORITY,"Trial/pilot metadata found. Confirm named modality, design, outcomes and eligibility from primary material.",SCREENING_PENDING,Automated metadata prioritization; no eligibility decision,2026-09-30
23323597,Effects of long-term dharma-chan meditation on cardiorespiratory synchronization and heart rate variability behavior.,https://pubmed.ncbi.nlm.nih.gov/23323597/,EMPIRICAL_REVIEW_PRIORITY,"Trial/pilot metadata found. Confirm named modality, design, outcomes and eligibility from primary material.",SCREENING_PENDING,Automated metadata prioritization; no eligibility decision,2026-09-30
23337563,Complementary and alternative medicine use among Mauritian women.,https://pubmed.ncbi.nlm.nih.gov/23337563/,ABSTRACT_SCREENING_PRIORITY,Available abstract needs eligibility review; metadata hint is not an inclusion/exclusion decision.,SCREENING_PENDING,Automated metadata prioritization; no eligibility decision,2026-09-30
23337565,Reiki training for caregivers of hospitalized pediatric patients: a pilot program.,https://pubmed.ncbi.nlm.nih.gov/23337565/,ABSTRACT_SCREENING_PRIORITY,Available abstract needs eligibility review; metadata hint is not an inclusion/exclusion decision.,SCREENING_PENDING,Automated metadata prioritization; no eligibility decision,2026-09-30
23363659,"External Qi of Yan Xin Qigong inhibits activation of Akt, Erk1/2 and NF-ĸB and induces cell cycle arrest and apoptosis in colorectal cancer cells.",https://pubmed.ncbi.nlm.nih.gov/23363659/,ABSTRACT_SCREENING_PRIORITY,Available abstract needs eligibility review; metadata hint is not an inclusion/exclusion decision.,SCREENING_PENDING,Automated metadata prioritization; no eligibility decision,2026-09-30
23431919,The healing touch.,https://pubmed.ncbi.nlm.nih.gov/23431919/,NOTICE_CHECK_PRIORITY,Linked notice/publication type detected; reconcile original and notice before use.,SCREENING_PENDING,Automated metadata prioritization; no eligibility decision,2026-09-30
23507292,Dosimetric and late radiation toxicity comparison between iodine-125 brachytherapy and stereotactic radiation therapy for juxtapapillary choroidal melanoma.,https://pubmed.ncbi.nlm.nih.gov/23507292/,ABSTRACT_SCREENING_PRIORITY,Available abstract needs eligibility review; metadata hint is not an inclusion/exclusion decision.,SCREENING_PENDING,Automated metadata prioritization; no eligibility decision,2026-09-30
23519714,[Partial autologous reconstruction of the thumb carpometacarpal joint for posttraumatic arthrosis].,https://pubmed.ncbi.nlm.nih.gov/23519714/,ABSTRACT_SCREENING_PRIORITY,Available abstract needs eligibility review; metadata hint is not an inclusion/exclusion decision.,SCREENING_PENDING,Automated metadata prioritization; no eligibility decision,2026-09-30
23546330,Using an experimental model for the study of therapeutic touch.,https://pubmed.ncbi.nlm.nih.gov/23546330/,ABSTRACT_SCREENING_PRIORITY,Available abstract needs eligibility review; metadata hint is not an inclusion/exclusion decision.,SCREENING_PENDING,Automated metadata prioritization; no eligibility decision,2026-09-30
23550268,Alternative medicine techniques have non-linear effects on radiation response and can alter the expression of radiation induced bystander effects.,https://pubmed.ncbi.nlm.nih.gov/23550268/,ABSTRACT_SCREENING_PRIORITY,Available abstract needs eligibility review; metadata hint is not an inclusion/exclusion decision.,SCREENING_PENDING,Automated metadata prioritization; no eligibility decision,2026-09-30
23556330,Nonverbal communication behaviors of internationally educated nurses and patient care.,https://pubmed.ncbi.nlm.nih.gov/23556330/,ABSTRACT_SCREENING_PRIORITY,Available abstract needs eligibility review; metadata hint is not an inclusion/exclusion decision.,SCREENING_PENDING,Automated metadata prioritization; no eligibility decision,2026-09-30
23559181,[Nursing interventions for the care of patients with arthritis: an integrative review].,https://pubmed.ncbi.nlm.nih.gov/23559181/,REVIEW_CITATION_PRIORITY,Review metadata found. Consider citation chasing; do not count as independent primary replication.,SCREENING_PENDING,Automated metadata prioritization; no eligibility decision,2026-09-30
23617447,Temari Reiki: a new hands-off approach to traditional Reiki.,https://pubmed.ncbi.nlm.nih.gov/23617447/,NOTICE_CHECK_PRIORITY,Linked notice/publication type detected; reconcile original and notice before use.,SCREENING_PENDING,Automated metadata prioritization; no eligibility decision,2026-09-30
23686463,The feasibility of a holistic wellness program for HIV/AIDS patients residing in a voluntary inpatient treatment program.,https://pubmed.ncbi.nlm.nih.gov/23686463/,ABSTRACT_SCREENING_PRIORITY,Available abstract needs eligibility review; metadata hint is not an inclusion/exclusion decision.,SCREENING_PENDING,Automated metadata prioritization; no eligibility decision,2026-09-30
23799960,Reiki and related therapies in the dialysis ward: an evidence-based and ethical discussion to debate if these complementary and alternative medicines are welcomed or banned.,https://pubmed.ncbi.nlm.nih.gov/23799960/,REVIEW_CITATION_PRIORITY,Review metadata found. Consider citation chasing; do not count as independent primary replication.,SCREENING_PENDING,Automated metadata prioritization; no eligibility decision,2026-09-30
23817594,Therapeutic touch is not therapeutic for procedural pain in very preterm neonates: a randomized trial.,https://pubmed.ncbi.nlm.nih.gov/23817594/,EMPIRICAL_REVIEW_PRIORITY,"Trial/pilot metadata found. Confirm named modality, design, outcomes and eligibility from primary material.",SCREENING_PENDING,Automated metadata prioritization; no eligibility decision,2026-09-30
23960304,Keystone flaps in coloured skin: Flap technology for the masses?,https://pubmed.ncbi.nlm.nih.gov/23960304/,ABSTRACT_SCREENING_PRIORITY,Available abstract needs eligibility review; metadata hint is not an inclusion/exclusion decision.,SCREENING_PENDING,Automated metadata prioritization; no eligibility decision,2026-09-30
23972540,Slowing progression of early stages of AD with alternative therapies: a feasibility study.,https://pubmed.ncbi.nlm.nih.gov/23972540/,EMPIRICAL_REVIEW_PRIORITY,"Trial/pilot metadata found. Confirm named modality, design, outcomes and eligibility from primary material.",SCREENING_PENDING,Automated metadata prioritization; no eligibility decision,2026-09-30
23977801,Use of complementary therapies in hospice and palliative care.,https://pubmed.ncbi.nlm.nih.gov/23977801/,ABSTRACT_SCREENING_PRIORITY,Available abstract needs eligibility review; metadata hint is not an inclusion/exclusion decision.,SCREENING_PENDING,Automated metadata prioritization; no eligibility decision,2026-09-30
24020920,A Canadian experience of integrating complementary therapy in a hospital palliative care unit.,https://pubmed.ncbi.nlm.nih.gov/24020920/,ABSTRACT_SCREENING_PRIORITY,Available abstract needs eligibility review; metadata hint is not an inclusion/exclusion decision.,SCREENING_PENDING,Automated metadata prioritization; no eligibility decision,2026-09-30
24055114,Effects of back massage on chemotherapy-related fatigue and anxiety: supportive care and therapeutic touch in cancer nursing.,https://pubmed.ncbi.nlm.nih.gov/24055114/,ABSTRACT_SCREENING_PRIORITY,Available abstract needs eligibility review; metadata hint is not an inclusion/exclusion decision.,SCREENING_PENDING,Automated metadata prioritization; no eligibility decision,2026-09-30
24065045,Acute pain relief after Mantram meditation in children with neuroblastoma undergoing anti-GD2 monoclonal antibody therapy.,https://pubmed.ncbi.nlm.nih.gov/24065045/,NOTICE_CHECK_PRIORITY,Linked notice/publication type detected; reconcile original and notice before use.,SCREENING_PENDING,Automated metadata prioritization; no eligibility decision,2026-09-30
24083770,Effect of Reiki on symptom management in oncology.,https://pubmed.ncbi.nlm.nih.gov/24083770/,ABSTRACT_SCREENING_PRIORITY,Available abstract needs eligibility review; metadata hint is not an inclusion/exclusion decision.,SCREENING_PENDING,Automated metadata prioritization; no eligibility decision,2026-09-30
24093734,'Temari Reiki: a new hands-off approach to traditional Reiki'.,https://pubmed.ncbi.nlm.nih.gov/24093734/,NOTICE_CHECK_PRIORITY,Linked notice/publication type detected; reconcile original and notice before use.,SCREENING_PENDING,Automated metadata prioritization; no eligibility decision,2026-09-30
24096385,The role of volunteer services at cancer centers.,https://pubmed.ncbi.nlm.nih.gov/24096385/,REVIEW_CITATION_PRIORITY,Review metadata found. Consider citation chasing; do not count as independent primary replication.,SCREENING_PENDING,Automated metadata prioritization; no eligibility decision,2026-09-30
24105356,Integrative Reiki for cancer patients: a program evaluation.,https://pubmed.ncbi.nlm.nih.gov/24105356/,ABSTRACT_SCREENING_PRIORITY,Available abstract needs eligibility review; metadata hint is not an inclusion/exclusion decision.,SCREENING_PENDING,Automated metadata prioritization; no eligibility decision,2026-09-30
24175871,Integrative care therapies and pain in hospitalized children and adolescents: a retrospective database review.,https://pubmed.ncbi.nlm.nih.gov/24175871/,ABSTRACT_SCREENING_PRIORITY,Available abstract needs eligibility review; metadata hint is not an inclusion/exclusion decision.,SCREENING_PENDING,Automated metadata prioritization; no eligibility decision,2026-09-30
24203540,Responses to Mantram Repetition Program from Veterans with posttraumatic stress disorder: a qualitative analysis.,https://pubmed.ncbi.nlm.nih.gov/24203540/,ABSTRACT_SCREENING_PRIORITY,Available abstract needs eligibility review; metadata hint is not an inclusion/exclusion decision.,SCREENING_PENDING,Automated metadata prioritization; no eligibility decision,2026-09-30
24259404,Biofield therapies for symptom management in palliative and end-of-life care.,https://pubmed.ncbi.nlm.nih.gov/24259404/,REVIEW_CITATION_PRIORITY,Review metadata found. Consider citation chasing; do not count as independent primary replication.,SCREENING_PENDING,Automated metadata prioritization; no eligibility decision,2026-09-30
24280471,"Effect of Spiritist ""passe"" (Spiritual healing) on growth of bacterial cultures.",https://pubmed.ncbi.nlm.nih.gov/24280471/,MANUALLY_REVIEWED_RECORD,Bacterial-culture study of Spiritist passe/laying on hands; Johrei appears only among background examples. No Johrei intervention tested.,PRIMARY_RECORD_REVIEWED,ILMB single-reviewer primary-record review,2026-09-30
24310710,"Development of a hospital reiki training program: training volunteers to provide reiki to patients, families, and staff in the acute care setting.",https://pubmed.ncbi.nlm.nih.gov/24310710/,ABSTRACT_SCREENING_PRIORITY,Available abstract needs eligibility review; metadata hint is not an inclusion/exclusion decision.,SCREENING_PENDING,Automated metadata prioritization; no eligibility decision,2026-09-30
24310951,"Transmigration, liminality, and spiritualist healing.",https://pubmed.ncbi.nlm.nih.gov/24310951/,MANUALLY_REVIEWED_RECORD,Ethnographic Spiritualist church observations in New York; describes rituals and symbolic states. Named tradition present but no controlled clinical endpoint or measured therapeutic efficacy.,PRIMARY_RECORD_REVIEWED,ILMB single-reviewer primary-record review,2026-09-30
24388858,"Where wilderness, medicine, technology, and religion collide.",https://pubmed.ncbi.nlm.nih.gov/24388858/,ABSTRACT_SCREENING_PRIORITY,Available abstract needs eligibility review; metadata hint is not an inclusion/exclusion decision.,SCREENING_PENDING,Automated metadata prioritization; no eligibility decision,2026-09-30
24439640,"Reiki therapy for postoperative oral pain in pediatric patients: pilot data from a double-blind, randomized clinical trial.",https://pubmed.ncbi.nlm.nih.gov/24439640/,EMPIRICAL_REVIEW_PRIORITY,"Trial/pilot metadata found. Confirm named modality, design, outcomes and eligibility from primary material.",SCREENING_PENDING,Automated metadata prioritization; no eligibility decision,2026-09-30
24488378,Therapeutic touch: influence on vital signs of newborns.,https://pubmed.ncbi.nlm.nih.gov/24488378/,ABSTRACT_SCREENING_PRIORITY,Available abstract needs eligibility review; metadata hint is not an inclusion/exclusion decision.,SCREENING_PENDING,Automated metadata prioritization; no eligibility decision,2026-09-30
24489583,Spatially Nonlinear Interdependence of Alpha-Oscillatory Neural Networks under Chan Meditation.,https://pubmed.ncbi.nlm.nih.gov/24489583/,ABSTRACT_SCREENING_PRIORITY,Available abstract needs eligibility review; metadata hint is not an inclusion/exclusion decision.,SCREENING_PENDING,Automated metadata prioritization; no eligibility decision,2026-09-30
24509185,Comparison of four radiofrequency ablation systems at two target volumes in an ex vivo bovine liver model.,https://pubmed.ncbi.nlm.nih.gov/24509185/,ABSTRACT_SCREENING_PRIORITY,Available abstract needs eligibility review; metadata hint is not an inclusion/exclusion decision.,SCREENING_PENDING,Automated metadata prioritization; no eligibility decision,2026-09-30
24700218,Systemic wound care: a meta-review of cochrane systematic reviews.,https://pubmed.ncbi.nlm.nih.gov/24700218/,REVIEW_CITATION_PRIORITY,Review metadata found. Consider citation chasing; do not count as independent primary replication.,SCREENING_PENDING,Automated metadata prioritization; no eligibility decision,2026-09-30
24701556,Doctor and healing touch.,https://pubmed.ncbi.nlm.nih.gov/24701556/,NO_ABSTRACT_SOURCE_PRIORITY,No primary abstract returned. Read title and acquire original source; no efficacy conclusion extracted.,SCREENING_PENDING,Automated metadata prioritization; no eligibility decision,2026-09-30
24722611,Impact of healing touch with healing harp on inpatient acute care pain: a retrospective analysis.,https://pubmed.ncbi.nlm.nih.gov/24722611/,ABSTRACT_SCREENING_PRIORITY,Available abstract needs eligibility review; metadata hint is not an inclusion/exclusion decision.,SCREENING_PENDING,Automated metadata prioritization; no eligibility decision,2026-09-30
24817897,Complementary and alternative medicine for cancer pain: an overview of systematic reviews.,https://pubmed.ncbi.nlm.nih.gov/24817897/,REVIEW_CITATION_PRIORITY,Review metadata found. Consider citation chasing; do not count as independent primary replication.,SCREENING_PENDING,Automated metadata prioritization; no eligibility decision,2026-09-30
24879619,Holistic nurses' stories of healing of another.,https://pubmed.ncbi.nlm.nih.gov/24879619/,ABSTRACT_SCREENING_PRIORITY,Available abstract needs eligibility review; metadata hint is not an inclusion/exclusion decision.,SCREENING_PENDING,Automated metadata prioritization; no eligibility decision,2026-09-30
24899738,"Cultural competency, autonomy, and spiritual conflicts related to Reiki/CAM therapies: Should patients be informed?",https://pubmed.ncbi.nlm.nih.gov/24899738/,ABSTRACT_SCREENING_PRIORITY,Available abstract needs eligibility review; metadata hint is not an inclusion/exclusion decision.,SCREENING_PENDING,Automated metadata prioritization; no eligibility decision,2026-09-30
24902448,Practice intentionality & presence with mantram repetition.,https://pubmed.ncbi.nlm.nih.gov/24902448/,NO_ABSTRACT_SOURCE_PRIORITY,No primary abstract returned. Read title and acquire original source; no efficacy conclusion extracted.,SCREENING_PENDING,Automated metadata prioritization; no eligibility decision,2026-09-30
24933784,Mantra meditation as a bedside spiritual intervention.,https://pubmed.ncbi.nlm.nih.gov/24933784/,ABSTRACT_SCREENING_PRIORITY,Available abstract needs eligibility review; metadata hint is not an inclusion/exclusion decision.,SCREENING_PENDING,Automated metadata prioritization; no eligibility decision,2026-09-30
24944959,Development of dental charts according to tooth development and eruption for Turkish children and young adults.,https://pubmed.ncbi.nlm.nih.gov/24944959/,MANUALLY_REVIEWED_RECORD,Dental eruption charts using an unrelated Bengston system. No Bengston Healing Method intervention.,PRIMARY_RECORD_REVIEWED,ILMB single-reviewer primary-record review,2026-09-30
24947468,"A systematic review of the clinical effectiveness and cost-effectiveness of sensory, psychological and behavioural interventions for managing agitation in older adults with dementia.",https://pubmed.ncbi.nlm.nih.gov/24947468/,NOTICE_CHECK_PRIORITY,Linked notice/publication type detected; reconcile original and notice before use.,SCREENING_PENDING,Automated metadata prioritization; no eligibility decision,2026-09-30
24959124,Low and then high frequency oscillations of distinct right cortical networks are progressively enhanced by medium and long term Satyananda Yoga meditation practice.,https://pubmed.ncbi.nlm.nih.gov/24959124/,ABSTRACT_SCREENING_PRIORITY,Available abstract needs eligibility review; metadata hint is not an inclusion/exclusion decision.,SCREENING_PENDING,Automated metadata prioritization; no eligibility decision,2026-09-30
24967637,Enhanced coherence within the theta band between pairs of brains engaging in experienced versus naïve Reiki procedures.,https://pubmed.ncbi.nlm.nih.gov/24967637/,ABSTRACT_SCREENING_PRIORITY,Available abstract needs eligibility review; metadata hint is not an inclusion/exclusion decision.,SCREENING_PENDING,Automated metadata prioritization; no eligibility decision,2026-09-30
24989743,"Chakra, a new genus of Scelioninae (Hymenoptera: Platygastridae) from India, along with description of a new species.",https://pubmed.ncbi.nlm.nih.gov/24989743/,ABSTRACT_SCREENING_PRIORITY,Available abstract needs eligibility review; metadata hint is not an inclusion/exclusion decision.,SCREENING_PENDING,Automated metadata prioritization; no eligibility decision,2026-09-30
25031994,Energy therapies in advanced practice oncology: an evidence-informed practice approach.,https://pubmed.ncbi.nlm.nih.gov/25031994/,REVIEW_CITATION_PRIORITY,Review metadata found. Consider citation chasing; do not count as independent primary replication.,SCREENING_PENDING,Automated metadata prioritization; no eligibility decision,2026-09-30
25035626,Levels of immune cells in transcendental meditation practitioners.,https://pubmed.ncbi.nlm.nih.gov/25035626/,ABSTRACT_SCREENING_PRIORITY,Available abstract needs eligibility review; metadata hint is not an inclusion/exclusion decision.,SCREENING_PENDING,Automated metadata prioritization; no eligibility decision,2026-09-30
25037669,Reiki brief report: using Reiki to reduce stress levels in a nine-year-old child.,https://pubmed.ncbi.nlm.nih.gov/25037669/,ABSTRACT_SCREENING_PRIORITY,Available abstract needs eligibility review; metadata hint is not an inclusion/exclusion decision.,SCREENING_PENDING,Automated metadata prioritization; no eligibility decision,2026-09-30
25059972,Glioma tissue obtained by modern ultrasonic aspiration with a simple sterile suction trap for primary cell culture and pathological evaluation.,https://pubmed.ncbi.nlm.nih.gov/25059972/,ABSTRACT_SCREENING_PRIORITY,Available abstract needs eligibility review; metadata hint is not an inclusion/exclusion decision.,SCREENING_PENDING,Automated metadata prioritization; no eligibility decision,2026-09-30
25069726,Therapeutic touch for healing acute wounds.,https://pubmed.ncbi.nlm.nih.gov/25069726/,NOTICE_CHECK_PRIORITY,Linked notice/publication type detected; reconcile original and notice before use.,SCREENING_PENDING,Automated metadata prioritization; no eligibility decision,2026-09-30
25138568,Integrating Reiki and community-engaged scholarship: an interdisciplinary educational innovation.,https://pubmed.ncbi.nlm.nih.gov/25138568/,ABSTRACT_SCREENING_PRIORITY,Available abstract needs eligibility review; metadata hint is not an inclusion/exclusion decision.,SCREENING_PENDING,Automated metadata prioritization; no eligibility decision,2026-09-30
25144965,[Therapeutic touch. A nursing intervention as a chance - also for personal health care].,https://pubmed.ncbi.nlm.nih.gov/25144965/,NO_ABSTRACT_SOURCE_PRIORITY,No primary abstract returned. Read title and acquire original source; no efficacy conclusion extracted.,SCREENING_PENDING,Automated metadata prioritization; no eligibility decision,2026-09-30
25222539,Chapter 5 mantram repetition: an evidence-based complementary practice for military personnel and veterans in the 21st century.,https://pubmed.ncbi.nlm.nih.gov/25222539/,REVIEW_CITATION_PRIORITY,Review metadata found. Consider citation chasing; do not count as independent primary replication.,SCREENING_PENDING,Automated metadata prioritization; no eligibility decision,2026-09-30
25253110,Biofield therapies and cancer-related symptoms: a review.,https://pubmed.ncbi.nlm.nih.gov/25253110/,REVIEW_CITATION_PRIORITY,Review metadata found. Consider citation chasing; do not count as independent primary replication.,SCREENING_PENDING,Automated metadata prioritization; no eligibility decision,2026-09-30
25258446,An active learning complementary and alternative medicine session in a self-care therapeutics class.,https://pubmed.ncbi.nlm.nih.gov/25258446/,ABSTRACT_SCREENING_PRIORITY,Available abstract needs eligibility review; metadata hint is not an inclusion/exclusion decision.,SCREENING_PENDING,Automated metadata prioritization; no eligibility decision,2026-09-30
25284739,Immediate changes after manual therapy in resting-state functional connectivity as measured by functional magnetic resonance imaging in participants with induced low back pain.,https://pubmed.ncbi.nlm.nih.gov/25284739/,EMPIRICAL_REVIEW_PRIORITY,"Trial/pilot metadata found. Confirm named modality, design, outcomes and eligibility from primary material.",SCREENING_PENDING,Automated metadata prioritization; no eligibility decision,2026-09-30
25299140,Nonpharmacologic approach to fatigue in patients with cancer.,https://pubmed.ncbi.nlm.nih.gov/25299140/,REVIEW_CITATION_PRIORITY,Review metadata found. Consider citation chasing; do not count as independent primary replication.,SCREENING_PENDING,Automated metadata prioritization; no eligibility decision,2026-09-30
25303853,High prevalence of complementary and alternative medicine use in patients with genetically proven mitochondrial disorders.,https://pubmed.ncbi.nlm.nih.gov/25303853/,ABSTRACT_SCREENING_PRIORITY,Available abstract needs eligibility review; metadata hint is not an inclusion/exclusion decision.,SCREENING_PENDING,Automated metadata prioritization; no eligibility decision,2026-09-30
25314110,Promoting caring-healing relationships: bringing healing touch to the bedside in a multihospital health system.,https://pubmed.ncbi.nlm.nih.gov/25314110/,ABSTRACT_SCREENING_PRIORITY,Available abstract needs eligibility review; metadata hint is not an inclusion/exclusion decision.,SCREENING_PENDING,Automated metadata prioritization; no eligibility decision,2026-09-30
25314111,Initiating a Reiki or CAM program in a healthcare organization--developing a business plan.,https://pubmed.ncbi.nlm.nih.gov/25314111/,ABSTRACT_SCREENING_PRIORITY,Available abstract needs eligibility review; metadata hint is not an inclusion/exclusion decision.,SCREENING_PENDING,Automated metadata prioritization; no eligibility decision,2026-09-30
25381189,"The effects of Reiki therapy and companionship on quality of life, mood, and symptom distress during chemotherapy.",https://pubmed.ncbi.nlm.nih.gov/25381189/,EMPIRICAL_REVIEW_PRIORITY,"Trial/pilot metadata found. Confirm named modality, design, outcomes and eligibility from primary material.",SCREENING_PENDING,Automated metadata prioritization; no eligibility decision,2026-09-30
25397817,Mindful attention increases and mediates psychological outcomes following mantram repetition practice in veterans with posttraumatic stress disorder.,https://pubmed.ncbi.nlm.nih.gov/25397817/,EMPIRICAL_REVIEW_PRIORITY,"Trial/pilot metadata found. Confirm named modality, design, outcomes and eligibility from primary material.",SCREENING_PENDING,Automated metadata prioritization; no eligibility decision,2026-09-30
25484968,The treatment of a large acoustic tumor with fractionated stereotactic radiotherapy.,https://pubmed.ncbi.nlm.nih.gov/25484968/,ABSTRACT_SCREENING_PRIORITY,Available abstract needs eligibility review; metadata hint is not an inclusion/exclusion decision.,SCREENING_PENDING,Automated metadata prioritization; no eligibility decision,2026-09-30
25580302,Management of late onset perthes: evaluation of distraction by external fixator-5-year follow-up.,https://pubmed.ncbi.nlm.nih.gov/25580302/,ABSTRACT_SCREENING_PRIORITY,Available abstract needs eligibility review; metadata hint is not an inclusion/exclusion decision.,SCREENING_PENDING,Automated metadata prioritization; no eligibility decision,2026-09-30
25671603,Monitoring the neural activity of the state of mental silence while practicing Sahaja yoga meditation.,https://pubmed.ncbi.nlm.nih.gov/25671603/,ABSTRACT_SCREENING_PRIORITY,Available abstract needs eligibility review; metadata hint is not an inclusion/exclusion decision.,SCREENING_PENDING,Automated metadata prioritization; no eligibility decision,2026-09-30
25682383,Infrared spectra alteration in water proximate to the palms of therapeutic practitioners.,https://pubmed.ncbi.nlm.nih.gov/25682383/,ABSTRACT_SCREENING_PRIORITY,Available abstract needs eligibility review; metadata hint is not an inclusion/exclusion decision.,SCREENING_PENDING,Automated metadata prioritization; no eligibility decision,2026-09-30
25694849,Implementation of an integrative coping and resiliency program for nurses.,https://pubmed.ncbi.nlm.nih.gov/25694849/,ABSTRACT_SCREENING_PRIORITY,Available abstract needs eligibility review; metadata hint is not an inclusion/exclusion decision.,SCREENING_PENDING,Automated metadata prioritization; no eligibility decision,2026-09-30
25722103,Methods of milk expression for lactating women.,https://pubmed.ncbi.nlm.nih.gov/25722103/,NOTICE_CHECK_PRIORITY,Linked notice/publication type detected; reconcile original and notice before use.,SCREENING_PENDING,Automated metadata prioritization; no eligibility decision,2026-09-30
25797686,"The effects of healing touch on pain, nausea, and anxiety following bariatric surgery: a pilot study.",https://pubmed.ncbi.nlm.nih.gov/25797686/,EMPIRICAL_REVIEW_PRIORITY,"Trial/pilot metadata found. Confirm named modality, design, outcomes and eligibility from primary material.",SCREENING_PENDING,Automated metadata prioritization; no eligibility decision,2026-09-30
25828811,Supportive care for men with prostate cancer: why are the trials not working? A systematic review and recommendations for future trials.,https://pubmed.ncbi.nlm.nih.gov/25828811/,REVIEW_CITATION_PRIORITY,Review metadata found. Consider citation chasing; do not count as independent primary replication.,SCREENING_PENDING,Automated metadata prioritization; no eligibility decision,2026-09-30
25835541,Reiki for depression and anxiety.,https://pubmed.ncbi.nlm.nih.gov/25835541/,NOTICE_CHECK_PRIORITY,Linked notice/publication type detected; reconcile original and notice before use.,SCREENING_PENDING,Automated metadata prioritization; no eligibility decision,2026-09-30
25895186,"[Plants, therapeutic touch, lighting effects].",https://pubmed.ncbi.nlm.nih.gov/25895186/,REVIEW_CITATION_PRIORITY,Review metadata found. Consider citation chasing; do not count as independent primary replication.,SCREENING_PENDING,Automated metadata prioritization; no eligibility decision,2026-09-30
25976090,An Initial Study Using Healing Touch for Women Undergoing a Breast Biopsy.,https://pubmed.ncbi.nlm.nih.gov/25976090/,ABSTRACT_SCREENING_PRIORITY,Available abstract needs eligibility review; metadata hint is not an inclusion/exclusion decision.,SCREENING_PENDING,Automated metadata prioritization; no eligibility decision,2026-09-30
26016134,Factors influencing glove use in student nurses.,https://pubmed.ncbi.nlm.nih.gov/26016134/,ABSTRACT_SCREENING_PRIORITY,Available abstract needs eligibility review; metadata hint is not an inclusion/exclusion decision.,SCREENING_PENDING,Automated metadata prioritization; no eligibility decision,2026-09-30
26025798,"Effects of Reiki on Post-cesarean Delivery Pain, Anxiety, and Hemodynamic Parameters: A Randomized, Controlled Clinical Trial.",https://pubmed.ncbi.nlm.nih.gov/26025798/,EMPIRICAL_REVIEW_PRIORITY,"Trial/pilot metadata found. Confirm named modality, design, outcomes and eligibility from primary material.",SCREENING_PENDING,Automated metadata prioritization; no eligibility decision,2026-09-30
26091550,Mantram Repetition Program Decreases Insomnia Among Homeless Women: A Pilot Study.,https://pubmed.ncbi.nlm.nih.gov/26091550/,EMPIRICAL_REVIEW_PRIORITY,"Trial/pilot metadata found. Confirm named modality, design, outcomes and eligibility from primary material.",SCREENING_PENDING,Automated metadata prioritization; no eligibility decision,2026-09-30
26098401,Effects of Healing Touch and Relaxation Therapy on Adult Patients Undergoing Hematopoietic Stem Cell Transplant: A Feasibility Pilot Study.,https://pubmed.ncbi.nlm.nih.gov/26098401/,EMPIRICAL_REVIEW_PRIORITY,"Trial/pilot metadata found. Confirm named modality, design, outcomes and eligibility from primary material.",SCREENING_PENDING,Automated metadata prioritization; no eligibility decision,2026-09-30
26113869,Therapeutic Touch Has Significant Effects on Mouse Breast Cancer Metastasis and Immune Responses but Not Primary Tumor Size.,https://pubmed.ncbi.nlm.nih.gov/26113869/,ABSTRACT_SCREENING_PRIORITY,Available abstract needs eligibility review; metadata hint is not an inclusion/exclusion decision.,SCREENING_PENDING,Automated metadata prioritization; no eligibility decision,2026-09-30
26130464,Examination of the Perceptions of Registered Nurses Regarding the Use of Healing Touch in the Acute Care Setting.,https://pubmed.ncbi.nlm.nih.gov/26130464/,ABSTRACT_SCREENING_PRIORITY,Available abstract needs eligibility review; metadata hint is not an inclusion/exclusion decision.,SCREENING_PENDING,Automated metadata prioritization; no eligibility decision,2026-09-30
26163604,"Effects of Distant Reiki On Pain, Anxiety and Fatigue in Oncology Patients in Turkey: A Pilot Study.",https://pubmed.ncbi.nlm.nih.gov/26163604/,EMPIRICAL_REVIEW_PRIORITY,"Trial/pilot metadata found. Confirm named modality, design, outcomes and eligibility from primary material.",SCREENING_PENDING,Automated metadata prioritization; no eligibility decision,2026-09-30
26167739,Reiki Reduces Burnout Among Community Mental Health Clinicians.,https://pubmed.ncbi.nlm.nih.gov/26167739/,EMPIRICAL_REVIEW_PRIORITY,"Trial/pilot metadata found. Confirm named modality, design, outcomes and eligibility from primary material.",SCREENING_PENDING,Automated metadata prioritization; no eligibility decision,2026-09-30
26275655,"A case-control, mono-center, open-label, pilot study to evaluate the feasibility of therapeutic touch in preventing radiation dermatitis in women with breast cancer receiving adjuvant radiation therapy.",https://pubmed.ncbi.nlm.nih.gov/26275655/,EMPIRICAL_REVIEW_PRIORITY,"Trial/pilot metadata found. Confirm named modality, design, outcomes and eligibility from primary material.",SCREENING_PENDING,Automated metadata prioritization; no eligibility decision,2026-09-30
26291589,Bu-Shen-Jian-Pi-Yi-Qi Therapy Prevents Alcohol-Induced Osteoporosis in Rats.,https://pubmed.ncbi.nlm.nih.gov/26291589/,ABSTRACT_SCREENING_PRIORITY,Available abstract needs eligibility review; metadata hint is not an inclusion/exclusion decision.,SCREENING_PENDING,Automated metadata prioritization; no eligibility decision,2026-09-30
26331102,Integrative Care Therapies and Physiological and Pain-related Outcomes in Hospitalized Infants.,https://pubmed.ncbi.nlm.nih.gov/26331102/,ABSTRACT_SCREENING_PRIORITY,Available abstract needs eligibility review; metadata hint is not an inclusion/exclusion decision.,SCREENING_PENDING,Automated metadata prioritization; no eligibility decision,2026-09-30
26333111,Effects of handholding and providing information on anxiety in patients undergoing percutaneous vertebroplasty.,https://pubmed.ncbi.nlm.nih.gov/26333111/,EMPIRICAL_REVIEW_PRIORITY,"Trial/pilot metadata found. Confirm named modality, design, outcomes and eligibility from primary material.",SCREENING_PENDING,Automated metadata prioritization; no eligibility decision,2026-09-30
26343105,The use of self-Reiki for stress reduction and relaxation.,https://pubmed.ncbi.nlm.nih.gov/26343105/,ABSTRACT_SCREENING_PRIORITY,Available abstract needs eligibility review; metadata hint is not an inclusion/exclusion decision.,SCREENING_PENDING,Automated metadata prioritization; no eligibility decision,2026-09-30
26344558,Dental age estimation standards for a Western Australian population.,https://pubmed.ncbi.nlm.nih.gov/26344558/,MANUALLY_REVIEWED_RECORD,Dental age-estimation standards use Bengston eruption classification. No healing-with-intent intervention.,PRIMARY_RECORD_REVIEWED,ILMB single-reviewer primary-record review,2026-09-30
26374619,Non-pharmacological interventions to manage fatigue and psychological stress in children and adolescents with cancer: an integrative review.,https://pubmed.ncbi.nlm.nih.gov/26374619/,REVIEW_CITATION_PRIORITY,Review metadata found. Consider citation chasing; do not count as independent primary replication.,SCREENING_PENDING,Automated metadata prioritization; no eligibility decision,2026-09-30
26430688,"An investigation of the effects of therapeutic touch plan on acute chemotherapy-induced nausea in women with breast cancer in Isfahan, Iran, 2012-2013.",https://pubmed.ncbi.nlm.nih.gov/26430688/,ABSTRACT_SCREENING_PRIORITY,Available abstract needs eligibility review; metadata hint is not an inclusion/exclusion decision.,SCREENING_PENDING,Automated metadata prioritization; no eligibility decision,2026-09-30
26436931,[Opinions of medical students about complementary therapies].,https://pubmed.ncbi.nlm.nih.gov/26436931/,ABSTRACT_SCREENING_PRIORITY,Available abstract needs eligibility review; metadata hint is not an inclusion/exclusion decision.,SCREENING_PENDING,Automated metadata prioritization; no eligibility decision,2026-09-30
26516298,"'A virtue beyond all medicine': The Hanged Man's Hand, Gallows Tradition and Healing in Eighteenth- and Nineteenth-century England.",https://pubmed.ncbi.nlm.nih.gov/26516298/,ABSTRACT_SCREENING_PRIORITY,Available abstract needs eligibility review; metadata hint is not an inclusion/exclusion decision.,SCREENING_PENDING,Automated metadata prioritization; no eligibility decision,2026-09-30
26520228,Johrei Effects on Water: A Pilot Study by Counting Drops.,https://pubmed.ncbi.nlm.nih.gov/26520228/,MANUALLY_REVIEWED_RECORD,"Four Johrei practitioners, modeled water-drop behavior versus untreated samples. Selected parameters changed for two practitioners; no patient efficacy tested. Model fit is not replication or proof of a healing mechanism.",PRIMARY_RECORD_REVIEWED,ILMB single-reviewer primary-record review,2026-09-30
26549967,Effects of Meditation on Symptoms of Knee Osteoarthritis.,https://pubmed.ncbi.nlm.nih.gov/26549967/,ABSTRACT_SCREENING_PRIORITY,Available abstract needs eligibility review; metadata hint is not an inclusion/exclusion decision.,SCREENING_PENDING,Automated metadata prioritization; no eligibility decision,2026-09-30
26571281,The experiences of persons living with HIV who participate in mind-body and energy therapies: a systematic review protocol of qualitative evidence.,https://pubmed.ncbi.nlm.nih.gov/26571281/,ABSTRACT_SCREENING_PRIORITY,Available abstract needs eligibility review; metadata hint is not an inclusion/exclusion decision.,SCREENING_PENDING,Automated metadata prioritization; no eligibility decision,2026-09-30
26629667,The complementary medicine (CAM) for the treatment of chronic pain: scientific evidence regarding the effects of healing touch massage.,https://pubmed.ncbi.nlm.nih.gov/26629667/,REVIEW_CITATION_PRIORITY,Review metadata found. Consider citation chasing; do not count as independent primary replication.,SCREENING_PENDING,Automated metadata prioritization; no eligibility decision,2026-09-30
26657031,A Randomized Controlled Trial of Tong Len Meditation Practice in Cancer Patients: Evaluation of a Distant Psychological Healing Effect.,https://pubmed.ncbi.nlm.nih.gov/26657031/,EMPIRICAL_REVIEW_PRIORITY,"Trial/pilot metadata found. Confirm named modality, design, outcomes and eligibility from primary material.",SCREENING_PENDING,Automated metadata prioritization; no eligibility decision,2026-09-30
26665042,Challenges for Preclinical Investigations of Human Biofield Modalities.,https://pubmed.ncbi.nlm.nih.gov/26665042/,MANUALLY_REVIEWED_RECORD,"Preclinical-methodology review mentioning several biofield modalities. Useful for experimental-design/citation context, not independent empirical replication; reproducibility and mechanism acknowledged as unresolved.",PRIMARY_RECORD_REVIEWED,ILMB single-reviewer primary-record review,2026-09-30
26665043,"Clinical Studies of Biofield Therapies: Summary, Methodological Challenges, and Recommendations.",https://pubmed.ncbi.nlm.nih.gov/26665043/,ABSTRACT_SCREENING_PRIORITY,Available abstract needs eligibility review; metadata hint is not an inclusion/exclusion decision.,SCREENING_PENDING,Automated metadata prioritization; no eligibility decision,2026-09-30
26665044,Distant Healing Intention Therapies: An Overview of the Scientific Evidence.,https://pubmed.ncbi.nlm.nih.gov/26665044/,REVIEW_CITATION_PRIORITY,Review metadata found. Consider citation chasing; do not count as independent primary replication.,SCREENING_PENDING,Automated metadata prioritization; no eligibility decision,2026-09-30
26743876,Research on Intercessory Prayer: Theoretical and Methodological Considerations.,https://pubmed.ncbi.nlm.nih.gov/26743876/,REVIEW_CITATION_PRIORITY,Review metadata found. Consider citation chasing; do not count as independent primary replication.,SCREENING_PENDING,Automated metadata prioritization; no eligibility decision,2026-09-30
26760383,Reiki's effect on patients with total knee arthroplasty: A pilot study.,https://pubmed.ncbi.nlm.nih.gov/26760383/,EMPIRICAL_REVIEW_PRIORITY,"Trial/pilot metadata found. Confirm named modality, design, outcomes and eligibility from primary material.",SCREENING_PENDING,Automated metadata prioritization; no eligibility decision,2026-09-30
26773318,Preliminary Measurement of Electromagnetic Fields and Microdischarges From the Human Body.,https://pubmed.ncbi.nlm.nih.gov/26773318/,ABSTRACT_SCREENING_PRIORITY,Available abstract needs eligibility review; metadata hint is not an inclusion/exclusion decision.,SCREENING_PENDING,Automated metadata prioritization; no eligibility decision,2026-09-30
26775426,[Reiki to relieve chronic pain].,https://pubmed.ncbi.nlm.nih.gov/26775426/,NO_ABSTRACT_SOURCE_PRIORITY,No primary abstract returned. Read title and acquire original source; no efficacy conclusion extracted.,SCREENING_PENDING,Automated metadata prioritization; no eligibility decision,2026-09-30
26803374,[Effectiveness of implementing the reiki method to reduce the weaning failure. A clinical trial].,https://pubmed.ncbi.nlm.nih.gov/26803374/,EMPIRICAL_REVIEW_PRIORITY,"Trial/pilot metadata found. Confirm named modality, design, outcomes and eligibility from primary material.",SCREENING_PENDING,Automated metadata prioritization; no eligibility decision,2026-09-30
26806403,Complementary and alternative medicine (CAM) following traumatic brain injury (TBI): Opportunities and challenges.,https://pubmed.ncbi.nlm.nih.gov/26806403/,REVIEW_CITATION_PRIORITY,Review metadata found. Consider citation chasing; do not count as independent primary replication.,SCREENING_PENDING,Automated metadata prioritization; no eligibility decision,2026-09-30
26822561,Brief Report: Healing Touch Consults at a Tertiary Care Children's Hospital.,https://pubmed.ncbi.nlm.nih.gov/26822561/,ABSTRACT_SCREENING_PRIORITY,Available abstract needs eligibility review; metadata hint is not an inclusion/exclusion decision.,SCREENING_PENDING,Automated metadata prioritization; no eligibility decision,2026-09-30
26850808,Therapeutic touch for nausea in breast cancer patients receiving chemotherapy: Composing a treatment.,https://pubmed.ncbi.nlm.nih.gov/26850808/,EMPIRICAL_REVIEW_PRIORITY,"Trial/pilot metadata found. Confirm named modality, design, outcomes and eligibility from primary material.",SCREENING_PENDING,Automated metadata prioritization; no eligibility decision,2026-09-30
26850810,"Multi-site evaluation of a complementary, spiritually-based intervention for Veterans: The Mantram Repetition Program.",https://pubmed.ncbi.nlm.nih.gov/26850810/,ABSTRACT_SCREENING_PRIORITY,Available abstract needs eligibility review; metadata hint is not an inclusion/exclusion decision.,SCREENING_PENDING,Automated metadata prioritization; no eligibility decision,2026-09-30
26858170,Reiki Therapy for Symptom Management in Children Receiving Palliative Care: A Pilot Study.,https://pubmed.ncbi.nlm.nih.gov/26858170/,EMPIRICAL_REVIEW_PRIORITY,"Trial/pilot metadata found. Confirm named modality, design, outcomes and eligibility from primary material.",SCREENING_PENDING,Automated metadata prioritization; no eligibility decision,2026-09-30
26867264,"Holistic Nursing, Reiki, & the Centle Art of Beekeeping.",https://pubmed.ncbi.nlm.nih.gov/26867264/,NO_ABSTRACT_SOURCE_PRIORITY,No primary abstract returned. Read title and acquire original source; no efficacy conclusion extracted.,SCREENING_PENDING,Automated metadata prioritization; no eligibility decision,2026-09-30
26938433,Increased Grey Matter Associated with Long-Term Sahaja Yoga Meditation: A Voxel-Based Morphometry Study.,https://pubmed.ncbi.nlm.nih.gov/26938433/,ABSTRACT_SCREENING_PRIORITY,Available abstract needs eligibility review; metadata hint is not an inclusion/exclusion decision.,SCREENING_PENDING,Automated metadata prioritization; no eligibility decision,2026-09-30
26955265,Optimal nonpharmacological management of agitation in Alzheimer's disease: challenges and solutions.,https://pubmed.ncbi.nlm.nih.gov/26955265/,REVIEW_CITATION_PRIORITY,Review metadata found. Consider citation chasing; do not count as independent primary replication.,SCREENING_PENDING,Automated metadata prioritization; no eligibility decision,2026-09-30
26984883,A Pilot Study.,https://pubmed.ncbi.nlm.nih.gov/26984883/,EMPIRICAL_REVIEW_PRIORITY,"Trial/pilot metadata found. Confirm named modality, design, outcomes and eligibility from primary material.",SCREENING_PENDING,Automated metadata prioritization; no eligibility decision,2026-09-30
26997809,Complementary and Alternate Management of Glaucoma: The Verdict so Far.,https://pubmed.ncbi.nlm.nih.gov/26997809/,REVIEW_CITATION_PRIORITY,Review metadata found. Consider citation chasing; do not count as independent primary replication.,SCREENING_PENDING,Automated metadata prioritization; no eligibility decision,2026-09-30
27004552,Caring touch as a bodily anchor for patients after sustaining a motor vehicle accident with minor or no physical injuries - a mixed methods study.,https://pubmed.ncbi.nlm.nih.gov/27004552/,ABSTRACT_SCREENING_PRIORITY,Available abstract needs eligibility review; metadata hint is not an inclusion/exclusion decision.,SCREENING_PENDING,Automated metadata prioritization; no eligibility decision,2026-09-30
27025026,"[OPTIMIZATION OF THE TREATMENT TACTICS IN BRAIN ABSCESS, USING THE PUNCTURE STEREOTAXIC ASPIRATION].",https://pubmed.ncbi.nlm.nih.gov/27025026/,ABSTRACT_SCREENING_PRIORITY,Available abstract needs eligibility review; metadata hint is not an inclusion/exclusion decision.,SCREENING_PENDING,Automated metadata prioritization; no eligibility decision,2026-09-30
27058159,The clinical effectiveness of cognitive behavior therapy and an alternative medicine approach in reducing symptoms of depression in adolescents.,https://pubmed.ncbi.nlm.nih.gov/27058159/,EMPIRICAL_REVIEW_PRIORITY,"Trial/pilot metadata found. Confirm named modality, design, outcomes and eligibility from primary material.",SCREENING_PENDING,Automated metadata prioritization; no eligibility decision,2026-09-30
27060268,Golden Ratio and the heart: A review of divine aesthetics.,https://pubmed.ncbi.nlm.nih.gov/27060268/,REVIEW_CITATION_PRIORITY,Review metadata found. Consider citation chasing; do not count as independent primary replication.,SCREENING_PENDING,Automated metadata prioritization; no eligibility decision,2026-09-30
27078809,Care for the Caregiver: Evaluation of Mind-Body Self-Care for Accelerated Nursing Students.,https://pubmed.ncbi.nlm.nih.gov/27078809/,ABSTRACT_SCREENING_PRIORITY,Available abstract needs eligibility review; metadata hint is not an inclusion/exclusion decision.,SCREENING_PENDING,Automated metadata prioritization; no eligibility decision,2026-09-30
27078812,Reiki for Cancer Patients Undergoing Chemotherapy in a Brazilian Hospital: A Pilot Study.,https://pubmed.ncbi.nlm.nih.gov/27078812/,EMPIRICAL_REVIEW_PRIORITY,"Trial/pilot metadata found. Confirm named modality, design, outcomes and eligibility from primary material.",SCREENING_PENDING,Automated metadata prioritization; no eligibility decision,2026-09-30
27119403,An exploratory study of reiki experiences in women who have cancer.,https://pubmed.ncbi.nlm.nih.gov/27119403/,ABSTRACT_SCREENING_PRIORITY,Available abstract needs eligibility review; metadata hint is not an inclusion/exclusion decision.,SCREENING_PENDING,Automated metadata prioritization; no eligibility decision,2026-09-30
27140910,Therapeutic touch for healing acute wounds.,https://pubmed.ncbi.nlm.nih.gov/27140910/,NOTICE_CHECK_PRIORITY,Linked notice/publication type detected; reconcile original and notice before use.,SCREENING_PENDING,Automated metadata prioritization; no eligibility decision,2026-09-30
27149995,Examination of the Use of Healing Touch by Registered Nurses in the Acute Care Setting.,https://pubmed.ncbi.nlm.nih.gov/27149995/,ABSTRACT_SCREENING_PRIORITY,Available abstract needs eligibility review; metadata hint is not an inclusion/exclusion decision.,SCREENING_PENDING,Automated metadata prioritization; no eligibility decision,2026-09-30
27164469,The subtle body: an interoceptive map of central nervous system function and meditative mind-brain-body integration.,https://pubmed.ncbi.nlm.nih.gov/27164469/,REVIEW_CITATION_PRIORITY,Review metadata found. Consider citation chasing; do not count as independent primary replication.,SCREENING_PENDING,Automated metadata prioritization; no eligibility decision,2026-09-30
27184735,Effects of Reiki With Music Compared to Music Only Among People Living With HIV.,https://pubmed.ncbi.nlm.nih.gov/27184735/,EMPIRICAL_REVIEW_PRIORITY,"Trial/pilot metadata found. Confirm named modality, design, outcomes and eligibility from primary material.",SCREENING_PENDING,Automated metadata prioritization; no eligibility decision,2026-09-30
27186202,Investigating the effect of therapeutic touch on the intensity of acute chemotherapy-induced vomiting in breast cancer women under chemotherapy.,https://pubmed.ncbi.nlm.nih.gov/27186202/,ABSTRACT_SCREENING_PRIORITY,Available abstract needs eligibility review; metadata hint is not an inclusion/exclusion decision.,SCREENING_PENDING,Automated metadata prioritization; no eligibility decision,2026-09-30
27194823,Effect of Therapeutic Touch in Patients with Cancer: a Literature Review.,https://pubmed.ncbi.nlm.nih.gov/27194823/,REVIEW_CITATION_PRIORITY,Review metadata found. Consider citation chasing; do not count as independent primary replication.,SCREENING_PENDING,Automated metadata prioritization; no eligibility decision,2026-09-30
27206308,"The Effects of Yoga, Massage, and Reiki on Patient Well-Being at a Cancer Resource Center.",https://pubmed.ncbi.nlm.nih.gov/27206308/,ABSTRACT_SCREENING_PRIORITY,Available abstract needs eligibility review; metadata hint is not an inclusion/exclusion decision.,SCREENING_PENDING,Automated metadata prioritization; no eligibility decision,2026-09-30
27297510,Clinical trials in allied medical fields: A cross-sectional analysis of World Health Organization International Clinical Trial Registry Platform.,https://pubmed.ncbi.nlm.nih.gov/27297510/,EMPIRICAL_REVIEW_PRIORITY,"Trial/pilot metadata found. Confirm named modality, design, outcomes and eligibility from primary material.",SCREENING_PENDING,Automated metadata prioritization; no eligibility decision,2026-09-30
27299120,Modified Ilizarov in difficult Fracture of the Patella. A case report.,https://pubmed.ncbi.nlm.nih.gov/27299120/,ABSTRACT_SCREENING_PRIORITY,Available abstract needs eligibility review; metadata hint is not an inclusion/exclusion decision.,SCREENING_PENDING,Automated metadata prioritization; no eligibility decision,2026-09-30
27390459,Yakson touch as a part of early intervention in the Neonatal Intensive Care Unit: A systematic narrative review.,https://pubmed.ncbi.nlm.nih.gov/27390459/,NOTICE_CHECK_PRIORITY,Linked notice/publication type detected; reconcile original and notice before use.,SCREENING_PENDING,Automated metadata prioritization; no eligibility decision,2026-09-30
27449580,The Healing Touch.,https://pubmed.ncbi.nlm.nih.gov/27449580/,NO_ABSTRACT_SOURCE_PRIORITY,No primary abstract returned. Read title and acquire original source; no efficacy conclusion extracted.,SCREENING_PENDING,Automated metadata prioritization; no eligibility decision,2026-09-30
27479023,Integrative Therapies for Women with a High Risk Pregnancy During Antepartum Hospitalization.,https://pubmed.ncbi.nlm.nih.gov/27479023/,ABSTRACT_SCREENING_PRIORITY,Available abstract needs eligibility review; metadata hint is not an inclusion/exclusion decision.,SCREENING_PENDING,Automated metadata prioritization; no eligibility decision,2026-09-30
27480014,I Want to Believe: A Short Psychobiography of Mary Baker Eddy.,https://pubmed.ncbi.nlm.nih.gov/27480014/,ABSTRACT_SCREENING_PRIORITY,Available abstract needs eligibility review; metadata hint is not an inclusion/exclusion decision.,SCREENING_PENDING,Automated metadata prioritization; no eligibility decision,2026-09-30
27482335,The Islamic Perspective of Spiritual Intervention Effectiveness on Bio-Psychological Health Displayed by Gene Expression in Breast Cancer Patients.,https://pubmed.ncbi.nlm.nih.gov/27482335/,ABSTRACT_SCREENING_PRIORITY,Available abstract needs eligibility review; metadata hint is not an inclusion/exclusion decision.,SCREENING_PENDING,Automated metadata prioritization; no eligibility decision,2026-09-30
27502811,Perceived relaxation as a function of restorative yoga combined with Reiki for cancer survivors.,https://pubmed.ncbi.nlm.nih.gov/27502811/,ABSTRACT_SCREENING_PRIORITY,Available abstract needs eligibility review; metadata hint is not an inclusion/exclusion decision.,SCREENING_PENDING,Automated metadata prioritization; no eligibility decision,2026-09-30
27502814,Therapeutic Touch(®) in a geriatric Palliative Care Unit - A retrospective review.,https://pubmed.ncbi.nlm.nih.gov/27502814/,ABSTRACT_SCREENING_PRIORITY,Available abstract needs eligibility review; metadata hint is not an inclusion/exclusion decision.,SCREENING_PENDING,Automated metadata prioritization; no eligibility decision,2026-09-30
27515871,"Effect of the Spiritist ""passe"" energy therapy in reducing anxiety in volunteers: A randomized controlled trial.",https://pubmed.ncbi.nlm.nih.gov/27515871/,EMPIRICAL_REVIEW_PRIORITY,"Trial/pilot metadata found. Confirm named modality, design, outcomes and eligibility from primary material.",SCREENING_PENDING,Automated metadata prioritization; no eligibility decision,2026-09-30
27525960,Efficacy of the Mantram Repetition Program for Insomnia in Veterans With Posttraumatic Stress Disorder: A Naturalistic Study.,https://pubmed.ncbi.nlm.nih.gov/27525960/,ABSTRACT_SCREENING_PRIORITY,Available abstract needs eligibility review; metadata hint is not an inclusion/exclusion decision.,SCREENING_PENDING,Automated metadata prioritization; no eligibility decision,2026-09-30
27527045,Therapeutic touch of virtual reality.,https://pubmed.ncbi.nlm.nih.gov/27527045/,ABSTRACT_SCREENING_PRIORITY,Available abstract needs eligibility review; metadata hint is not an inclusion/exclusion decision.,SCREENING_PENDING,Automated metadata prioritization; no eligibility decision,2026-09-30
27537781,Meditation for posttraumatic stress: Systematic review and meta-analysis.,https://pubmed.ncbi.nlm.nih.gov/27537781/,REVIEW_CITATION_PRIORITY,Review metadata found. Consider citation chasing; do not count as independent primary replication.,SCREENING_PENDING,Automated metadata prioritization; no eligibility decision,2026-09-30
27548991,[THE GIFT OF THE APPLICATION OF REIKI THERAPY IN CANCER PATIENTS].,https://pubmed.ncbi.nlm.nih.gov/27548991/,REVIEW_CITATION_PRIORITY,Review metadata found. Consider citation chasing; do not count as independent primary replication.,SCREENING_PENDING,Automated metadata prioritization; no eligibility decision,2026-09-30
27552401,Therapeutic touch for healing acute wounds.,https://pubmed.ncbi.nlm.nih.gov/27552401/,NOTICE_CHECK_PRIORITY,Linked notice/publication type detected; reconcile original and notice before use.,SCREENING_PENDING,Automated metadata prioritization; no eligibility decision,2026-09-30
27578080,Neurologic Itch Management.,https://pubmed.ncbi.nlm.nih.gov/27578080/,REVIEW_CITATION_PRIORITY,Review metadata found. Consider citation chasing; do not count as independent primary replication.,SCREENING_PENDING,Automated metadata prioritization; no eligibility decision,2026-09-30
27581995,WITHDRAWN: Therapeutic touch for healing acute wounds.,https://pubmed.ncbi.nlm.nih.gov/27581995/,NOTICE_CHECK_PRIORITY,Linked notice/publication type detected; reconcile original and notice before use.,SCREENING_PENDING,Automated metadata prioritization; no eligibility decision,2026-09-30
27601154,Seizure Freedom After Limited Hippocampal Radiofrequency Thermocoagulation.,https://pubmed.ncbi.nlm.nih.gov/27601154/,ABSTRACT_SCREENING_PRIORITY,Available abstract needs eligibility review; metadata hint is not an inclusion/exclusion decision.,SCREENING_PENDING,Automated metadata prioritization; no eligibility decision,2026-09-30
27615696,[Therapeutic touch and anorexia nervosa].,https://pubmed.ncbi.nlm.nih.gov/27615696/,ABSTRACT_SCREENING_PRIORITY,Available abstract needs eligibility review; metadata hint is not an inclusion/exclusion decision.,SCREENING_PENDING,Automated metadata prioritization; no eligibility decision,2026-09-30
27641608,"Complementary and alternative medicine practices, traditional healing practices, and cultural competency in pediatric oncology in Hawai' i.",https://pubmed.ncbi.nlm.nih.gov/27641608/,ABSTRACT_SCREENING_PRIORITY,Available abstract needs eligibility review; metadata hint is not an inclusion/exclusion decision.,SCREENING_PENDING,Automated metadata prioritization; no eligibility decision,2026-09-30
27669880,Therapeutic touch: the debate goes on.,https://pubmed.ncbi.nlm.nih.gov/27669880/,ABSTRACT_SCREENING_PRIORITY,Available abstract needs eligibility review; metadata hint is not an inclusion/exclusion decision.,SCREENING_PENDING,Automated metadata prioritization; no eligibility decision,2026-09-30
27688787,Bioenergy and Breast Cancer: A Report on Tumor Growth and Metastasis.,https://pubmed.ncbi.nlm.nih.gov/27688787/,ABSTRACT_SCREENING_PRIORITY,Available abstract needs eligibility review; metadata hint is not an inclusion/exclusion decision.,SCREENING_PENDING,Automated metadata prioritization; no eligibility decision,2026-09-30
27719211,Therapeutic touch in dementia care.,https://pubmed.ncbi.nlm.nih.gov/27719211/,ABSTRACT_SCREENING_PRIORITY,Available abstract needs eligibility review; metadata hint is not an inclusion/exclusion decision.,SCREENING_PENDING,Automated metadata prioritization; no eligibility decision,2026-09-30
27749089,Bio-Energy during Finals: Stress Reduction for a University Community.,https://pubmed.ncbi.nlm.nih.gov/27749089/,ABSTRACT_SCREENING_PRIORITY,Available abstract needs eligibility review; metadata hint is not an inclusion/exclusion decision.,SCREENING_PENDING,Automated metadata prioritization; no eligibility decision,2026-09-30
27763931,Mantram Repetition With Homeless Women: A Pilot Study.,https://pubmed.ncbi.nlm.nih.gov/27763931/,EMPIRICAL_REVIEW_PRIORITY,"Trial/pilot metadata found. Confirm named modality, design, outcomes and eligibility from primary material.",SCREENING_PENDING,Automated metadata prioritization; no eligibility decision,2026-09-30
27763932,"Effects of Reiki on Pain and Vital Signs When Applied to the Incision Area of the Body After Cesarean Section Surgery: A Single-Blinded, Randomized, Double-Controlled Study.",https://pubmed.ncbi.nlm.nih.gov/27763932/,EMPIRICAL_REVIEW_PRIORITY,"Trial/pilot metadata found. Confirm named modality, design, outcomes and eligibility from primary material.",SCREENING_PENDING,Automated metadata prioritization; no eligibility decision,2026-09-30
27768332,Nonergodic Phases in Strongly Disordered Random Regular Graphs.,https://pubmed.ncbi.nlm.nih.gov/27768332/,ABSTRACT_SCREENING_PRIORITY,Available abstract needs eligibility review; metadata hint is not an inclusion/exclusion decision.,SCREENING_PENDING,Automated metadata prioritization; no eligibility decision,2026-09-30
27790858,Epidemiology of complementary and alternative medicine therapy use in allogeneic hematopoietic stem cell transplant survivorship patients in Australia.,https://pubmed.ncbi.nlm.nih.gov/27790858/,ABSTRACT_SCREENING_PRIORITY,Available abstract needs eligibility review; metadata hint is not an inclusion/exclusion decision.,SCREENING_PENDING,Automated metadata prioritization; no eligibility decision,2026-09-30
27820539,The efficacy of nurse implemented non-pharmacological strategies for the symptom management of agitation in persons with advanced dementia living in residential aged care facilities: a systematic review.,https://pubmed.ncbi.nlm.nih.gov/27820539/,ABSTRACT_SCREENING_PRIORITY,Available abstract needs eligibility review; metadata hint is not an inclusion/exclusion decision.,SCREENING_PENDING,Automated metadata prioritization; no eligibility decision,2026-09-30
27841517,Persistent quasiplanar nematic texture: Its properties and topological defects.,https://pubmed.ncbi.nlm.nih.gov/27841517/,ABSTRACT_SCREENING_PRIORITY,Available abstract needs eligibility review; metadata hint is not an inclusion/exclusion decision.,SCREENING_PENDING,Automated metadata prioritization; no eligibility decision,2026-09-30
27846661,[Physical Therapy for Chemotherapy-induced Peripheral Neuropathy in Pediatric Oncology].,https://pubmed.ncbi.nlm.nih.gov/27846661/,REVIEW_CITATION_PRIORITY,Review metadata found. Consider citation chasing; do not count as independent primary replication.,SCREENING_PENDING,Automated metadata prioritization; no eligibility decision,2026-09-30
27901219,Massage and Reiki used to reduce stress and anxiety: Randomized Clinical Trial.,https://pubmed.ncbi.nlm.nih.gov/27901219/,EMPIRICAL_REVIEW_PRIORITY,"Trial/pilot metadata found. Confirm named modality, design, outcomes and eligibility from primary material.",SCREENING_PENDING,Automated metadata prioritization; no eligibility decision,2026-09-30
27922356,From the Journals.,https://pubmed.ncbi.nlm.nih.gov/27922356/,ABSTRACT_SCREENING_PRIORITY,Available abstract needs eligibility review; metadata hint is not an inclusion/exclusion decision.,SCREENING_PENDING,Automated metadata prioritization; no eligibility decision,2026-09-30
27925607,Therapeutic Touch in the Management of Responsive Behavior in Patients With Dementia.,https://pubmed.ncbi.nlm.nih.gov/27925607/,REVIEW_CITATION_PRIORITY,Review metadata found. Consider citation chasing; do not count as independent primary replication.,SCREENING_PENDING,Automated metadata prioritization; no eligibility decision,2026-09-30
27937119,From the Journals.,https://pubmed.ncbi.nlm.nih.gov/27937119/,ABSTRACT_SCREENING_PRIORITY,Available abstract needs eligibility review; metadata hint is not an inclusion/exclusion decision.,SCREENING_PENDING,Automated metadata prioritization; no eligibility decision,2026-09-30
27981117,"Ethnicity, traditional healing practices, and attitudes towards complementary medicine of a pediatric oncology population receiving healing touch in Hawaii.",https://pubmed.ncbi.nlm.nih.gov/27981117/,ABSTRACT_SCREENING_PRIORITY,Available abstract needs eligibility review; metadata hint is not an inclusion/exclusion decision.,SCREENING_PENDING,Automated metadata prioritization; no eligibility decision,2026-09-30
28063869,Healing Touch: Positively Sharing Energy in a Pediatric Hospital.,https://pubmed.ncbi.nlm.nih.gov/28063869/,NO_ABSTRACT_SOURCE_PRIORITY,No primary abstract returned. Read title and acquire original source; no efficacy conclusion extracted.,SCREENING_PENDING,Automated metadata prioritization; no eligibility decision,2026-09-30
28076045,"Therapeutic touch is good, but technology cannot be ignored.",https://pubmed.ncbi.nlm.nih.gov/28076045/,ABSTRACT_SCREENING_PRIORITY,Available abstract needs eligibility review; metadata hint is not an inclusion/exclusion decision.,SCREENING_PENDING,Automated metadata prioritization; no eligibility decision,2026-09-30
28080439,Reiki helped me to cope with stress.,https://pubmed.ncbi.nlm.nih.gov/28080439/,ABSTRACT_SCREENING_PRIORITY,Available abstract needs eligibility review; metadata hint is not an inclusion/exclusion decision.,SCREENING_PENDING,Automated metadata prioritization; no eligibility decision,2026-09-30
28112554,"Inpatients' Preferences, Beliefs, and Stated Willingness to Pay for Complementary and Alternative Medicine Treatments.",https://pubmed.ncbi.nlm.nih.gov/28112554/,ABSTRACT_SCREENING_PRIORITY,Available abstract needs eligibility review; metadata hint is not an inclusion/exclusion decision.,SCREENING_PENDING,Automated metadata prioritization; no eligibility decision,2026-09-30
28181973,"Effects of Reiki on Pain, Anxiety, and Blood Pressure in Patients Undergoing Knee Replacement: A Pilot Study.",https://pubmed.ncbi.nlm.nih.gov/28181973/,EMPIRICAL_REVIEW_PRIORITY,"Trial/pilot metadata found. Confirm named modality, design, outcomes and eligibility from primary material.",SCREENING_PENDING,Automated metadata prioritization; no eligibility decision,2026-09-30
28235686,The effects of massage therapy in hospitalized preterm neonates: A systematic review.,https://pubmed.ncbi.nlm.nih.gov/28235686/,REVIEW_CITATION_PRIORITY,Review metadata found. Consider citation chasing; do not count as independent primary replication.,SCREENING_PENDING,Automated metadata prioritization; no eligibility decision,2026-09-30
28254638,Deliberately Light Interpersonal Contact Affects the Control of Head Stability During Walking in Children and Adolescents With Cerebral Palsy.,https://pubmed.ncbi.nlm.nih.gov/28254638/,EMPIRICAL_REVIEW_PRIORITY,"Trial/pilot metadata found. Confirm named modality, design, outcomes and eligibility from primary material.",SCREENING_PENDING,Automated metadata prioritization; no eligibility decision,2026-09-30
28273819,Cancer Chemoprevention by Phytochemicals: Nature's Healing Touch.,https://pubmed.ncbi.nlm.nih.gov/28273819/,REVIEW_CITATION_PRIORITY,Review metadata found. Consider citation chasing; do not count as independent primary replication.,SCREENING_PENDING,Automated metadata prioritization; no eligibility decision,2026-09-30
28443949,Is reiki or prayer effective in relieving pain during hospitalization for cesarean? A systematic review and meta-analysis of randomized controlled trials.,https://pubmed.ncbi.nlm.nih.gov/28443949/,EMPIRICAL_REVIEW_PRIORITY,"Trial/pilot metadata found. Confirm named modality, design, outcomes and eligibility from primary material.",SCREENING_PENDING,Automated metadata prioritization; no eligibility decision,2026-09-30
28467753,The Effect of Mantram Repetition on Burnout and Stress Among VA Staff.,https://pubmed.ncbi.nlm.nih.gov/28467753/,ABSTRACT_SCREENING_PRIORITY,Available abstract needs eligibility review; metadata hint is not an inclusion/exclusion decision.,SCREENING_PENDING,Automated metadata prioritization; no eligibility decision,2026-09-30
28483188,Agnihotra Yajna: A Prototype of South Asian Traditional Medical Knowledge.,https://pubmed.ncbi.nlm.nih.gov/28483188/,MANUALLY_REVIEWED_RECORD,"Agnihotra smoke volatile compounds assessed by GC-MS after modified offerings. Chemical characterization, not controlled clinical treatment or measured chakra/entropy validation; smoke composition alone does not establish safe therapeutic exposure.",PRIMARY_RECORD_REVIEWED,ILMB single-reviewer primary-record review,2026-09-30
28497700,Instrumental Measurements of Water and the Surrounding Space During a Randomized Blinded Controlled Trial of Focused Intention.,https://pubmed.ncbi.nlm.nih.gov/28497700/,EMPIRICAL_REVIEW_PRIORITY,"Trial/pilot metadata found. Confirm named modality, design, outcomes and eligibility from primary material.",SCREENING_PENDING,Automated metadata prioritization; no eligibility decision,2026-09-30
28502231,Examination of the Use of Healing Touch by Registered Nurses in the Acute Care Setting.,https://pubmed.ncbi.nlm.nih.gov/28502231/,NO_ABSTRACT_SOURCE_PRIORITY,No primary abstract returned. Read title and acquire original source; no efficacy conclusion extracted.,SCREENING_PENDING,Automated metadata prioritization; no eligibility decision,2026-09-30
28517206,SU-E-T-411: Dosimetric Comparison Between Two Multileaf Collimator Systems for Stereotactic Radiosurgery and Radiotherapy.,https://pubmed.ncbi.nlm.nih.gov/28517206/,ABSTRACT_SCREENING_PRIORITY,Available abstract needs eligibility review; metadata hint is not an inclusion/exclusion decision.,SCREENING_PENDING,Automated metadata prioritization; no eligibility decision,2026-09-30
28572102,Complementary Health Practitioners in the Acute and Critical Care Setting: Nursing Considerations.,https://pubmed.ncbi.nlm.nih.gov/28572102/,ABSTRACT_SCREENING_PRIORITY,Available abstract needs eligibility review; metadata hint is not an inclusion/exclusion decision.,SCREENING_PENDING,Automated metadata prioritization; no eligibility decision,2026-09-30
28619092,"Prevalence and patterns of use of mantra, mindfulness and spiritual meditation among adults in the United States.",https://pubmed.ncbi.nlm.nih.gov/28619092/,ABSTRACT_SCREENING_PRIORITY,Available abstract needs eligibility review; metadata hint is not an inclusion/exclusion decision.,SCREENING_PENDING,Automated metadata prioritization; no eligibility decision,2026-09-30
28629809,Theoretical modeling of the subject: Western and Eastern types of human reflexion.,https://pubmed.ncbi.nlm.nih.gov/28629809/,REVIEW_CITATION_PRIORITY,Review metadata found. Consider citation chasing; do not count as independent primary replication.,SCREENING_PENDING,Automated metadata prioritization; no eligibility decision,2026-09-30
28634520,"Effect of heartfulness meditation on burnout, emotional wellness, and telomere length in health care professionals.",https://pubmed.ncbi.nlm.nih.gov/28634520/,ABSTRACT_SCREENING_PRIORITY,Available abstract needs eligibility review; metadata hint is not an inclusion/exclusion decision.,SCREENING_PENDING,Automated metadata prioritization; no eligibility decision,2026-09-30
28650246,Economic Outcomes of First-Line Regimen Switching Among Stable Patients with HIV.,https://pubmed.ncbi.nlm.nih.gov/28650246/,MANUALLY_REVIEWED_RECORD,HIV antiretroviral-regimen claims study; Bengston is an author surname. No Bengston Healing Method intervention.,PRIMARY_RECORD_REVIEWED,ILMB single-reviewer primary-record review,2026-09-30
28668857,Self-Efficacy for Coping with Cancer Enhances the Effect of Reiki Treatments During the Pre-Surgery Phase of Breast Cancer Patients.,https://pubmed.ncbi.nlm.nih.gov/28668857/,EMPIRICAL_REVIEW_PRIORITY,"Trial/pilot metadata found. Confirm named modality, design, outcomes and eligibility from primary material.",SCREENING_PENDING,Automated metadata prioritization; no eligibility decision,2026-09-30
28678920,Pain and distress outcomes in infants and children: a systematic review.,https://pubmed.ncbi.nlm.nih.gov/28678920/,REVIEW_CITATION_PRIORITY,Review metadata found. Consider citation chasing; do not count as independent primary replication.,SCREENING_PENDING,Automated metadata prioritization; no eligibility decision,2026-09-30
28713718,Ergonomics and Biogeometry of Perforator/Propeller Flaps in the Lower Limb Reconstruction.,https://pubmed.ncbi.nlm.nih.gov/28713718/,MANUALLY_REVIEWED_RECORD,"Perforator/propeller flap surgical biogeometry; no named BioGeometry healing intervention. Title establishes surgical topic, abstract unavailable.",PRIMARY_RECORD_REVIEWED,ILMB single-reviewer primary-record review,2026-09-30
28760817,Non-pharmacological interventions for management of fatigue among children with cancer: systematic review of existing practices and their effectiveness.,https://pubmed.ncbi.nlm.nih.gov/28760817/,REVIEW_CITATION_PRIORITY,Review metadata found. Consider citation chasing; do not count as independent primary replication.,SCREENING_PENDING,Automated metadata prioritization; no eligibility decision,2026-09-30
28786890,Complementary Health Approaches Used in the Intensive Care Unit.,https://pubmed.ncbi.nlm.nih.gov/28786890/,ABSTRACT_SCREENING_PRIORITY,Available abstract needs eligibility review; metadata hint is not an inclusion/exclusion decision.,SCREENING_PENDING,Automated metadata prioritization; no eligibility decision,2026-09-30
28790589,EFFICACY OF INDIGENOUSLY MANUFACTURED TITANIUM BONE PLATES AND SCREWS IN MAXILLOFACIAL SURGERY.,https://pubmed.ncbi.nlm.nih.gov/28790589/,ABSTRACT_SCREENING_PRIORITY,Available abstract needs eligibility review; metadata hint is not an inclusion/exclusion decision.,SCREENING_PENDING,Automated metadata prioritization; no eligibility decision,2026-09-30
28792815,Evidence-Based Pain Management and Palliative Care in Issue Three for 2007 of The Cochrane Library.,https://pubmed.ncbi.nlm.nih.gov/28792815/,ABSTRACT_SCREENING_PRIORITY,Available abstract needs eligibility review; metadata hint is not an inclusion/exclusion decision.,SCREENING_PENDING,Automated metadata prioritization; no eligibility decision,2026-09-30
28794663,"Physician perspectives on education, training, and implementation of complementary and alternative medicine.",https://pubmed.ncbi.nlm.nih.gov/28794663/,NOTICE_CHECK_PRIORITY,Linked notice/publication type detected; reconcile original and notice before use.,SCREENING_PENDING,Automated metadata prioritization; no eligibility decision,2026-09-30
28801081,Effects of Therapeutic Touch on Healing of the Skin in Rats.,https://pubmed.ncbi.nlm.nih.gov/28801081/,ABSTRACT_SCREENING_PRIORITY,Available abstract needs eligibility review; metadata hint is not an inclusion/exclusion decision.,SCREENING_PENDING,Automated metadata prioritization; no eligibility decision,2026-09-30
28817428,Interprofessional QI Training Enhances Competency and QI Productivity Among Graduates: Findings From Nationwide Children's Hospital.,https://pubmed.ncbi.nlm.nih.gov/28817428/,ABSTRACT_SCREENING_PRIORITY,Available abstract needs eligibility review; metadata hint is not an inclusion/exclusion decision.,SCREENING_PENDING,Automated metadata prioritization; no eligibility decision,2026-09-30
28821217,A Practice-Based Theory of Healing Through Therapeutic Touch: Advancing Holistic Nursing Practice.,https://pubmed.ncbi.nlm.nih.gov/28821217/,REVIEW_CITATION_PRIORITY,Review metadata found. Consider citation chasing; do not count as independent primary replication.,SCREENING_PENDING,Automated metadata prioritization; no eligibility decision,2026-09-30
28840941,Acute fall and long-term rise in oxygen saturation in response to meditation.,https://pubmed.ncbi.nlm.nih.gov/28840941/,ABSTRACT_SCREENING_PRIORITY,Available abstract needs eligibility review; metadata hint is not an inclusion/exclusion decision.,SCREENING_PENDING,Automated metadata prioritization; no eligibility decision,2026-09-30
28845677,Massage Therapy in Outpatient Cancer Care: A Metropolitan Area Analysis.,https://pubmed.ncbi.nlm.nih.gov/28845677/,ABSTRACT_SCREENING_PRIORITY,Available abstract needs eligibility review; metadata hint is not an inclusion/exclusion decision.,SCREENING_PENDING,Automated metadata prioritization; no eligibility decision,2026-09-30
28874060,Reiki Is Better Than Placebo and Has Broad Potential as a Complementary Health Therapy.,https://pubmed.ncbi.nlm.nih.gov/28874060/,REVIEW_CITATION_PRIORITY,Review metadata found. Consider citation chasing; do not count as independent primary replication.,SCREENING_PENDING,Automated metadata prioritization; no eligibility decision,2026-09-30
28894408,Deep Brain Stimulation (DBS) for Movement Disorders: An Experience in Hospital Universiti Sains Malaysia (HUSM) Involving 12 Patients.,https://pubmed.ncbi.nlm.nih.gov/28894408/,ABSTRACT_SCREENING_PRIORITY,Available abstract needs eligibility review; metadata hint is not an inclusion/exclusion decision.,SCREENING_PENDING,Automated metadata prioritization; no eligibility decision,2026-09-30
28909837,Educational Aspects of Christian Science.,https://pubmed.ncbi.nlm.nih.gov/28909837/,NO_ABSTRACT_SOURCE_PRIORITY,No primary abstract returned. Read title and acquire original source; no efficacy conclusion extracted.,SCREENING_PENDING,Automated metadata prioritization; no eligibility decision,2026-09-30
28950108,"Systematic Review of Skin-to-Skin Care for Full-Term, Healthy Newborns.",https://pubmed.ncbi.nlm.nih.gov/28950108/,REVIEW_CITATION_PRIORITY,Review metadata found. Consider citation chasing; do not count as independent primary replication.,SCREENING_PENDING,Automated metadata prioritization; no eligibility decision,2026-09-30
28968143,Mental Health Wellness and Biofield Therapies: An Integrative Review.,https://pubmed.ncbi.nlm.nih.gov/28968143/,REVIEW_CITATION_PRIORITY,Review metadata found. Consider citation chasing; do not count as independent primary replication.,SCREENING_PENDING,Automated metadata prioritization; no eligibility decision,2026-09-30
29006447,"Psychology, Medicine and So-Called Christian Science.",https://pubmed.ncbi.nlm.nih.gov/29006447/,NO_ABSTRACT_SOURCE_PRIORITY,No primary abstract returned. Read title and acquire original source; no efficacy conclusion extracted.,SCREENING_PENDING,Automated metadata prioritization; no eligibility decision,2026-09-30
29041781,Nursing students' perceptions of soft skills training in Ghana.,https://pubmed.ncbi.nlm.nih.gov/29041781/,ABSTRACT_SCREENING_PRIORITY,Available abstract needs eligibility review; metadata hint is not an inclusion/exclusion decision.,SCREENING_PENDING,Automated metadata prioritization; no eligibility decision,2026-09-30
29083972,Inhaled Corticosteroid-Containing Treatment Escalation and Outcomes for Patients with Asthma in a U.S. Health Care Organization.,https://pubmed.ncbi.nlm.nih.gov/29083972/,MANUALLY_REVIEWED_RECORD,"Inhaled-corticosteroid escalation claims study; Bengston is an author surname, not a healing method.",PRIMARY_RECORD_REVIEWED,ILMB single-reviewer primary-record review,2026-09-30
29113407,Healing touch in radiation therapy: is the benefit tangible?,https://pubmed.ncbi.nlm.nih.gov/29113407/,ABSTRACT_SCREENING_PRIORITY,Available abstract needs eligibility review; metadata hint is not an inclusion/exclusion decision.,SCREENING_PENDING,Automated metadata prioritization; no eligibility decision,2026-09-30
29140485,Growth of Integrative Medicine at Leading Cancer Centers Between 2009 and 2016: A Systematic Analysis of NCI-Designated Comprehensive Cancer Center Websites.,https://pubmed.ncbi.nlm.nih.gov/29140485/,REVIEW_CITATION_PRIORITY,Review metadata found. Consider citation chasing; do not count as independent primary replication.,SCREENING_PENDING,Automated metadata prioritization; no eligibility decision,2026-09-30
29205082,Energetic Modalities as a Self-Care Technique to Reduce Stress in Nursing Students.,https://pubmed.ncbi.nlm.nih.gov/29205082/,ABSTRACT_SCREENING_PRIORITY,Available abstract needs eligibility review; metadata hint is not an inclusion/exclusion decision.,SCREENING_PENDING,Automated metadata prioritization; no eligibility decision,2026-09-30
29220625,Feasibility of Training and Delivering Compassionate Touch in Long-Term Care.,https://pubmed.ncbi.nlm.nih.gov/29220625/,ABSTRACT_SCREENING_PRIORITY,Available abstract needs eligibility review; metadata hint is not an inclusion/exclusion decision.,SCREENING_PENDING,Automated metadata prioritization; no eligibility decision,2026-09-30
29227251,[STEREOTACTIC THALAMOTOMY AND CONTRALATERAL SUBTHALAMOTOMY IN TREATMENT OF PARKINSON'S DISEASE].,https://pubmed.ncbi.nlm.nih.gov/29227251/,ABSTRACT_SCREENING_PRIORITY,Available abstract needs eligibility review; metadata hint is not an inclusion/exclusion decision.,SCREENING_PENDING,Automated metadata prioritization; no eligibility decision,2026-09-30
29228783,Training in Integrative Therapies Increases Self-Efficacy in Providing Nondrug Therapies and Self-Confidence in Offering Compassionate Care.,https://pubmed.ncbi.nlm.nih.gov/29228783/,ABSTRACT_SCREENING_PRIORITY,Available abstract needs eligibility review; metadata hint is not an inclusion/exclusion decision.,SCREENING_PENDING,Automated metadata prioritization; no eligibility decision,2026-09-30
29266612,Spirituality and religiosity of non-directed (altruistic) living kidney donors.,https://pubmed.ncbi.nlm.nih.gov/29266612/,ABSTRACT_SCREENING_PRIORITY,Available abstract needs eligibility review; metadata hint is not an inclusion/exclusion decision.,SCREENING_PENDING,Automated metadata prioritization; no eligibility decision,2026-09-30
29275207,Gray Matter and Functional Connectivity in Anterior Cingulate Cortex are Associated with the State of Mental Silence During Sahaja Yoga Meditation.,https://pubmed.ncbi.nlm.nih.gov/29275207/,ABSTRACT_SCREENING_PRIORITY,Available abstract needs eligibility review; metadata hint is not an inclusion/exclusion decision.,SCREENING_PENDING,Automated metadata prioritization; no eligibility decision,2026-09-30
29299785,Investigation into Complementary and Integrative Health Approaches for Turkish Patients with Gastrointestinal Cancer.,https://pubmed.ncbi.nlm.nih.gov/29299785/,ABSTRACT_SCREENING_PRIORITY,Available abstract needs eligibility review; metadata hint is not an inclusion/exclusion decision.,SCREENING_PENDING,Automated metadata prioritization; no eligibility decision,2026-09-30
29306936,"Remote Healing of Bipolar Disorder, Eating Disorder Not Otherwise Specified, Posttraumatic Stress Disorder, Fibromyalgia, and Irritable Bowel Syndrome Through Lifestyle Change.",https://pubmed.ncbi.nlm.nih.gov/29306936/,ABSTRACT_SCREENING_PRIORITY,Available abstract needs eligibility review; metadata hint is not an inclusion/exclusion decision.,SCREENING_PENDING,Automated metadata prioritization; no eligibility decision,2026-09-30
29315084,Safety of Reiki Therapy for Newborns at Risk for Neonatal Abstinence Syndrome.,https://pubmed.ncbi.nlm.nih.gov/29315084/,ABSTRACT_SCREENING_PRIORITY,Available abstract needs eligibility review; metadata hint is not an inclusion/exclusion decision.,SCREENING_PENDING,Automated metadata prioritization; no eligibility decision,2026-09-30
29357856,Clinical relevance of contextual factors as triggers of placebo and nocebo effects in musculoskeletal pain.,https://pubmed.ncbi.nlm.nih.gov/29357856/,REVIEW_CITATION_PRIORITY,Review metadata found. Consider citation chasing; do not count as independent primary replication.,SCREENING_PENDING,Automated metadata prioritization; no eligibility decision,2026-09-30
29361838,Interventions minimizing fatigue in children/adolescents with cancer: An integrative review.,https://pubmed.ncbi.nlm.nih.gov/29361838/,REVIEW_CITATION_PRIORITY,Review metadata found. Consider citation chasing; do not count as independent primary replication.,SCREENING_PENDING,Automated metadata prioritization; no eligibility decision,2026-09-30
29460558,[The impact of Reiki on side effects in patients with head-neck neoplasia undergoing radiotherapy: a pilot study].,https://pubmed.ncbi.nlm.nih.gov/29460558/,EMPIRICAL_REVIEW_PRIORITY,"Trial/pilot metadata found. Confirm named modality, design, outcomes and eligibility from primary material.",SCREENING_PENDING,Automated metadata prioritization; no eligibility decision,2026-09-30
29479909,Problems in Critical Care Nurse-Patient Communication: Examples of Poland and Turkey.,https://pubmed.ncbi.nlm.nih.gov/29479909/,ABSTRACT_SCREENING_PRIORITY,Available abstract needs eligibility review; metadata hint is not an inclusion/exclusion decision.,SCREENING_PENDING,Automated metadata prioritization; no eligibility decision,2026-09-30
29498537,Complementary and Alternative Medicine Usage by Multiple Sclerosis Patients: Results from a Prospective Clinical Study.,https://pubmed.ncbi.nlm.nih.gov/29498537/,ABSTRACT_SCREENING_PRIORITY,Available abstract needs eligibility review; metadata hint is not an inclusion/exclusion decision.,SCREENING_PENDING,Automated metadata prioritization; no eligibility decision,2026-09-30
29526233,Effects of laying on of hands with and without a spiritual context on pain and functionality of older women with knee osteoarthritis: study protocol for a randomized controlled trial.,https://pubmed.ncbi.nlm.nih.gov/29526233/,EMPIRICAL_REVIEW_PRIORITY,"Trial/pilot metadata found. Confirm named modality, design, outcomes and eligibility from primary material.",SCREENING_PENDING,Automated metadata prioritization; no eligibility decision,2026-09-30
29535002,Potential phytocompounds for developing breast cancer therapeutics: Nature's healing touch.,https://pubmed.ncbi.nlm.nih.gov/29535002/,REVIEW_CITATION_PRIORITY,Review metadata found. Consider citation chasing; do not count as independent primary replication.,SCREENING_PENDING,Automated metadata prioritization; no eligibility decision,2026-09-30
29536776,Effects of Reiki Versus Physiotherapy on Relieving Lower Back Pain and Improving Activities Daily Living of Patients With Intervertebral Disc Hernia.,https://pubmed.ncbi.nlm.nih.gov/29536776/,EMPIRICAL_REVIEW_PRIORITY,"Trial/pilot metadata found. Confirm named modality, design, outcomes and eligibility from primary material.",SCREENING_PENDING,Automated metadata prioritization; no eligibility decision,2026-09-30
29551623,The effect of reiki on pain: A meta-analysis.,https://pubmed.ncbi.nlm.nih.gov/29551623/,NOTICE_CHECK_PRIORITY,Linked notice/publication type detected; reconcile original and notice before use.,SCREENING_PENDING,Automated metadata prioritization; no eligibility decision,2026-09-30
29620922,Immediate Symptom Relief After a First Session of Massage Therapy or Reiki in Hospitalized Patients: A 5-Year Clinical Experience from a Rural Academic Medical Center.,https://pubmed.ncbi.nlm.nih.gov/29620922/,ABSTRACT_SCREENING_PRIORITY,Available abstract needs eligibility review; metadata hint is not an inclusion/exclusion decision.,SCREENING_PENDING,Automated metadata prioritization; no eligibility decision,2026-09-30
29668435,Pilot Study: Improving Patient Outcomes with Healing Touch.,https://pubmed.ncbi.nlm.nih.gov/29668435/,EMPIRICAL_REVIEW_PRIORITY,"Trial/pilot metadata found. Confirm named modality, design, outcomes and eligibility from primary material.",SCREENING_PENDING,Automated metadata prioritization; no eligibility decision,2026-09-30
29752573,EEG Spectral Analysis on OM Mantra Meditation: A Pilot Study.,https://pubmed.ncbi.nlm.nih.gov/29752573/,EMPIRICAL_REVIEW_PRIORITY,"Trial/pilot metadata found. Confirm named modality, design, outcomes and eligibility from primary material.",SCREENING_PENDING,Automated metadata prioritization; no eligibility decision,2026-09-30
29814807,Christian Science and the Recent Inquest.,https://pubmed.ncbi.nlm.nih.gov/29814807/,NOTICE_CHECK_PRIORITY,Linked notice/publication type detected; reconcile original and notice before use.,SCREENING_PENDING,Automated metadata prioritization; no eligibility decision,2026-09-30
29819132,Christian Science.,https://pubmed.ncbi.nlm.nih.gov/29819132/,NOTICE_CHECK_PRIORITY,Linked notice/publication type detected; reconcile original and notice before use.,SCREENING_PENDING,Automated metadata prioritization; no eligibility decision,2026-09-30
29821837,Christian Science.,https://pubmed.ncbi.nlm.nih.gov/29821837/,NOTICE_CHECK_PRIORITY,Linked notice/publication type detected; reconcile original and notice before use.,SCREENING_PENDING,Automated metadata prioritization; no eligibility decision,2026-09-30
29827011,Operations and Christian Science.,https://pubmed.ncbi.nlm.nih.gov/29827011/,NOTICE_CHECK_PRIORITY,Linked notice/publication type detected; reconcile original and notice before use.,SCREENING_PENDING,Automated metadata prioritization; no eligibility decision,2026-09-30
29835847,Christian Scientists.,https://pubmed.ncbi.nlm.nih.gov/29835847/,NO_ABSTRACT_SOURCE_PRIORITY,No primary abstract returned. Read title and acquire original source; no efficacy conclusion extracted.,SCREENING_PENDING,Automated metadata prioritization; no eligibility decision,2026-09-30
29838345,The Dowsing Radiant Heat Baths.,https://pubmed.ncbi.nlm.nih.gov/29838345/,NO_ABSTRACT_SOURCE_PRIORITY,No primary abstract returned. Read title and acquire original source; no efficacy conclusion extracted.,SCREENING_PENDING,Automated metadata prioritization; no eligibility decision,2026-09-30
29847314,The effects of Sahaja Yoga meditation on mental health: a systematic review.,https://pubmed.ncbi.nlm.nih.gov/29847314/,REVIEW_CITATION_PRIORITY,Review metadata found. Consider citation chasing; do not count as independent primary replication.,SCREENING_PENDING,Automated metadata prioritization; no eligibility decision,2026-09-30
29861224,The effect of tactile-kinesthetic stimulation on growth indices of healthy neonates.,https://pubmed.ncbi.nlm.nih.gov/29861224/,EMPIRICAL_REVIEW_PRIORITY,"Trial/pilot metadata found. Confirm named modality, design, outcomes and eligibility from primary material.",SCREENING_PENDING,Automated metadata prioritization; no eligibility decision,2026-09-30
29861585,Physio-anatomical resemblance of inferior hypogastric plexus with Muladhara Chakra: A cadaveric study.,https://pubmed.ncbi.nlm.nih.gov/29861585/,REVIEW_CITATION_PRIORITY,Review metadata found. Consider citation chasing; do not count as independent primary replication.,SCREENING_PENDING,Automated metadata prioritization; no eligibility decision,2026-09-30
29883196,Use of Complementary Health Practices in a Church-Based African American Cohort.,https://pubmed.ncbi.nlm.nih.gov/29883196/,ABSTRACT_SCREENING_PRIORITY,Available abstract needs eligibility review; metadata hint is not an inclusion/exclusion decision.,SCREENING_PENDING,Automated metadata prioritization; no eligibility decision,2026-09-30
29916575,[Le Tibetan Singing Bowls e l'intervento musicoterapeutico.].,https://pubmed.ncbi.nlm.nih.gov/29916575/,ABSTRACT_SCREENING_PRIORITY,Available abstract needs eligibility review; metadata hint is not an inclusion/exclusion decision.,SCREENING_PENDING,Automated metadata prioritization; no eligibility decision,2026-09-30
29921143,Individual Treatment of Posttraumatic Stress Disorder Using Mantram Repetition: A Randomized Clinical Trial.,https://pubmed.ncbi.nlm.nih.gov/29921143/,NOTICE_CHECK_PRIORITY,Linked notice/publication type detected; reconcile original and notice before use.,SCREENING_PENDING,Automated metadata prioritization; no eligibility decision,2026-09-30
29925157,[Stereotactic biopsy in the accurate diagnosis of lesions in the brain stem and deep brain].,https://pubmed.ncbi.nlm.nih.gov/29925157/,ABSTRACT_SCREENING_PRIORITY,Available abstract needs eligibility review; metadata hint is not an inclusion/exclusion decision.,SCREENING_PENDING,Automated metadata prioritization; no eligibility decision,2026-09-30
30057036,Misinterpretation of the results from meta-analysis about the effects of reiki on pain.,https://pubmed.ncbi.nlm.nih.gov/30057036/,NOTICE_CHECK_PRIORITY,Linked notice/publication type detected; reconcile original and notice before use.,SCREENING_PENDING,Automated metadata prioritization; no eligibility decision,2026-09-30
30066319,[Complementary Therapy for Patients With Limb Trauma Pain in the Emergency Department].,https://pubmed.ncbi.nlm.nih.gov/30066319/,ABSTRACT_SCREENING_PRIORITY,Available abstract needs eligibility review; metadata hint is not an inclusion/exclusion decision.,SCREENING_PENDING,Automated metadata prioritization; no eligibility decision,2026-09-30
30066557,[The anatomy basis and clinical application of the horn fasciocutaneous perforator flaps for the reconstruction of the defects on finger soft tissue].,https://pubmed.ncbi.nlm.nih.gov/30066557/,ABSTRACT_SCREENING_PRIORITY,Available abstract needs eligibility review; metadata hint is not an inclusion/exclusion decision.,SCREENING_PENDING,Automated metadata prioritization; no eligibility decision,2026-09-30
30076965,Complementary and Alternative Medicine in Hospice and Palliative Care: A Systematic Review.,https://pubmed.ncbi.nlm.nih.gov/30076965/,REVIEW_CITATION_PRIORITY,Review metadata found. Consider citation chasing; do not count as independent primary replication.,SCREENING_PENDING,Automated metadata prioritization; no eligibility decision,2026-09-30
30147818,The Geometry of Emotions: Using Chakra Acupuncture and 5-Phase Theory to Describe Personality Archetypes for Clinical Use.,https://pubmed.ncbi.nlm.nih.gov/30147818/,ABSTRACT_SCREENING_PRIORITY,Available abstract needs eligibility review; metadata hint is not an inclusion/exclusion decision.,SCREENING_PENDING,Automated metadata prioritization; no eligibility decision,2026-09-30
30170509,Reiki for Pain During Hemodialysis: A Feasibility and Instrument Evaluation Study.,https://pubmed.ncbi.nlm.nih.gov/30170509/,ABSTRACT_SCREENING_PRIORITY,Available abstract needs eligibility review; metadata hint is not an inclusion/exclusion decision.,SCREENING_PENDING,Automated metadata prioritization; no eligibility decision,2026-09-30
30179378,"The Consumer-Driven CAM Movement Cupping, Reiki and tai chi among the alternatives gaining favor with patients and as a result, hospital systems.",https://pubmed.ncbi.nlm.nih.gov/30179378/,NO_ABSTRACT_SOURCE_PRIORITY,No primary abstract returned. Read title and acquire original source; no efficacy conclusion extracted.,SCREENING_PENDING,Automated metadata prioritization; no eligibility decision,2026-09-30
30184531,YXQ-EQ Induces Apoptosis and Inhibits Signaling Pathways Important for Metastasis in Non-Small Cell Lung Carcinoma Cells.,https://pubmed.ncbi.nlm.nih.gov/30184531/,ABSTRACT_SCREENING_PRIORITY,Available abstract needs eligibility review; metadata hint is not an inclusion/exclusion decision.,SCREENING_PENDING,Automated metadata prioritization; no eligibility decision,2026-09-30
30197027,"[Prevalence and expectations of ""alternative and complementary medicine"" use during radiotherapy in 2016: A prospective study].",https://pubmed.ncbi.nlm.nih.gov/30197027/,ABSTRACT_SCREENING_PRIORITY,Available abstract needs eligibility review; metadata hint is not an inclusion/exclusion decision.,SCREENING_PENDING,Automated metadata prioritization; no eligibility decision,2026-09-30
30247960,Cancer Pain Relief After Healing Touch and Massage.,https://pubmed.ncbi.nlm.nih.gov/30247960/,ABSTRACT_SCREENING_PRIORITY,Available abstract needs eligibility review; metadata hint is not an inclusion/exclusion decision.,SCREENING_PENDING,Automated metadata prioritization; no eligibility decision,2026-09-30
30249626,Mantra meditation programme for emergency department staff: a qualitative study.,https://pubmed.ncbi.nlm.nih.gov/30249626/,ABSTRACT_SCREENING_PRIORITY,Available abstract needs eligibility review; metadata hint is not an inclusion/exclusion decision.,SCREENING_PENDING,Automated metadata prioritization; no eligibility decision,2026-09-30
30297988,"The Immediate Effect of Therapeutic Touch and Deep Touch Pressure on Range of Motion, Interoceptive Accuracy and Heart Rate Variability: A Randomized Controlled Trial With Moderation Analysis.",https://pubmed.ncbi.nlm.nih.gov/30297988/,NOTICE_CHECK_PRIORITY,Linked notice/publication type detected; reconcile original and notice before use.,SCREENING_PENDING,Automated metadata prioritization; no eligibility decision,2026-09-30
30305254,Characterizing Websites That Provide Information About Complementary and Integrative Health: Systematic Search and Evaluation of Five Domains.,https://pubmed.ncbi.nlm.nih.gov/30305254/,ABSTRACT_SCREENING_PRIORITY,Available abstract needs eligibility review; metadata hint is not an inclusion/exclusion decision.,SCREENING_PENDING,Automated metadata prioritization; no eligibility decision,2026-09-30
30367804,"Effects of Spiritist ""passe"" (Spiritual healing) on stress hormone, pain, physiological parameters and length of stay in preterm newborns: a randomized, double-blind controlled trial.",https://pubmed.ncbi.nlm.nih.gov/30367804/,EMPIRICAL_REVIEW_PRIORITY,"Trial/pilot metadata found. Confirm named modality, design, outcomes and eligibility from primary material.",SCREENING_PENDING,Automated metadata prioritization; no eligibility decision,2026-09-30
30425012,The effect of Therapeutic Touch on Back Pain in Adults on a Neurological Unit: An Experimental Pilot Study.,https://pubmed.ncbi.nlm.nih.gov/30425012/,EMPIRICAL_REVIEW_PRIORITY,"Trial/pilot metadata found. Confirm named modality, design, outcomes and eligibility from primary material.",SCREENING_PENDING,Automated metadata prioritization; no eligibility decision,2026-09-30
30497199,Efficacy of limited hippocampal radiofrequency thermocoagulation for mesial temporal lobe epilepsy.,https://pubmed.ncbi.nlm.nih.gov/30497199/,NOTICE_CHECK_PRIORITY,Linked notice/publication type detected; reconcile original and notice before use.,SCREENING_PENDING,Automated metadata prioritization; no eligibility decision,2026-09-30
30578320,Dowsing for nodal lines in a topological semimetal.,https://pubmed.ncbi.nlm.nih.gov/30578320/,NOTICE_CHECK_PRIORITY,Linked notice/publication type detected; reconcile original and notice before use.,SCREENING_PENDING,Automated metadata prioritization; no eligibility decision,2026-09-30
30595318,Effect of Heartfulness cleaning and meditation on heart rate variability.,https://pubmed.ncbi.nlm.nih.gov/30595318/,ABSTRACT_SCREENING_PRIORITY,Available abstract needs eligibility review; metadata hint is not an inclusion/exclusion decision.,SCREENING_PENDING,Automated metadata prioritization; no eligibility decision,2026-09-30
30670251,"Pediatric perioperative measures of sleep, pain, anxiety and anesthesia emergence: A healing touch proof of concept randomized clinical trial.",https://pubmed.ncbi.nlm.nih.gov/30670251/,EMPIRICAL_REVIEW_PRIORITY,"Trial/pilot metadata found. Confirm named modality, design, outcomes and eligibility from primary material.",SCREENING_PENDING,Automated metadata prioritization; no eligibility decision,2026-09-30
30671155,"Re: ""The Geometry of Emotions: Using Chakra Acupuncture and 5-Phase Theory to Describe Personality Archetypes for Clinical Use"" by Chase (Med Acupunct. 2018;30(4):167-178).",https://pubmed.ncbi.nlm.nih.gov/30671155/,NO_ABSTRACT_SOURCE_PRIORITY,No primary abstract returned. Read title and acquire original source; no efficacy conclusion extracted.,SCREENING_PENDING,Automated metadata prioritization; no eligibility decision,2026-09-30
30702038,Implementing quality improvement through knowledge brokering: a Dutch case study.,https://pubmed.ncbi.nlm.nih.gov/30702038/,ABSTRACT_SCREENING_PRIORITY,Available abstract needs eligibility review; metadata hint is not an inclusion/exclusion decision.,SCREENING_PENDING,Automated metadata prioritization; no eligibility decision,2026-09-30
30705557,The diaphyseal aseptic tibial nonunions after failed previous treatment options managed with the reamed intramedullary locking nail.,https://pubmed.ncbi.nlm.nih.gov/30705557/,ABSTRACT_SCREENING_PRIORITY,Available abstract needs eligibility review; metadata hint is not an inclusion/exclusion decision.,SCREENING_PENDING,Automated metadata prioritization; no eligibility decision,2026-09-30
30709783,Remote meditation support - a multimodal distant intention experiment.,https://pubmed.ncbi.nlm.nih.gov/30709783/,ABSTRACT_SCREENING_PRIORITY,Available abstract needs eligibility review; metadata hint is not an inclusion/exclusion decision.,SCREENING_PENDING,Automated metadata prioritization; no eligibility decision,2026-09-30
30709784,Mesmer Reconsidered: From Animal Magnetism to the Biofield.,https://pubmed.ncbi.nlm.nih.gov/30709784/,NO_ABSTRACT_SOURCE_PRIORITY,No primary abstract returned. Read title and acquire original source; no efficacy conclusion extracted.,SCREENING_PENDING,Automated metadata prioritization; no eligibility decision,2026-09-30
30733893,Factors Influencing Work-Life Balance in Physicians and Advance Practice Clinicians and the Effect of Heartfulness Meditation Conference on Burnout.,https://pubmed.ncbi.nlm.nih.gov/30733893/,ABSTRACT_SCREENING_PRIORITY,Available abstract needs eligibility review; metadata hint is not an inclusion/exclusion decision.,SCREENING_PENDING,Automated metadata prioritization; no eligibility decision,2026-09-30
30747304,Whose harm? Which metaphysic?,https://pubmed.ncbi.nlm.nih.gov/30747304/,ABSTRACT_SCREENING_PRIORITY,Available abstract needs eligibility review; metadata hint is not an inclusion/exclusion decision.,SCREENING_PENDING,Automated metadata prioritization; no eligibility decision,2026-09-30
30792957,A novel integrative healing services approach for neurosurgery inpatients: Preliminary experiences and cost calculations.,https://pubmed.ncbi.nlm.nih.gov/30792957/,ABSTRACT_SCREENING_PRIORITY,Available abstract needs eligibility review; metadata hint is not an inclusion/exclusion decision.,SCREENING_PENDING,Automated metadata prioritization; no eligibility decision,2026-09-30
30834177,Energy Medicine: Current Status and Future Perspectives.,https://pubmed.ncbi.nlm.nih.gov/30834177/,NOTICE_CHECK_PRIORITY,Linked notice/publication type detected; reconcile original and notice before use.,SCREENING_PENDING,Automated metadata prioritization; no eligibility decision,2026-09-30
30860755,Alternative Medicine,https://pubmed.ncbi.nlm.nih.gov/30860755/,CONTEXT_CHECK_PRIORITY,"Book/study-guide metadata; check context role, not a presumed primary efficacy experiment.",SCREENING_PENDING,Automated metadata prioritization; no eligibility decision,2026-09-30
30867236,To Lump or To Split: Does Strain Lineage for Clostridioides difficile Matter?,https://pubmed.ncbi.nlm.nih.gov/30867236/,NOTICE_CHECK_PRIORITY,Linked notice/publication type detected; reconcile original and notice before use.,SCREENING_PENDING,Automated metadata prioritization; no eligibility decision,2026-09-30
30870027,Implementing an Integrative Survivorship Program at a Comprehensive Cancer Center: A Multimodal Approach to Life After Cancer.,https://pubmed.ncbi.nlm.nih.gov/30870027/,ABSTRACT_SCREENING_PRIORITY,Available abstract needs eligibility review; metadata hint is not an inclusion/exclusion decision.,SCREENING_PENDING,Automated metadata prioritization; no eligibility decision,2026-09-30
30935542,"Prevalence, patterns, and predictors of meditation use among U.S. children: Results from the National Health Interview Survey.",https://pubmed.ncbi.nlm.nih.gov/30935542/,ABSTRACT_SCREENING_PRIORITY,Available abstract needs eligibility review; metadata hint is not an inclusion/exclusion decision.,SCREENING_PENDING,Automated metadata prioritization; no eligibility decision,2026-09-30
30948444,"Reiki therapy for pain, anxiety and quality of life.",https://pubmed.ncbi.nlm.nih.gov/30948444/,REVIEW_CITATION_PRIORITY,Review metadata found. Consider citation chasing; do not count as independent primary replication.,SCREENING_PENDING,Automated metadata prioritization; no eligibility decision,2026-09-30
30997970,[Comparative analysis between orthopaedic manual therapy and osteopathy : focus on the Belgian situation].,https://pubmed.ncbi.nlm.nih.gov/30997970/,REVIEW_CITATION_PRIORITY,Review metadata found. Consider citation chasing; do not count as independent primary replication.,SCREENING_PENDING,Automated metadata prioritization; no eligibility decision,2026-09-30
30998026,"The ""Chicago School of Psychology"" and Hypnotic Magazine: Suggestive therapeutics, public psychologies, and new thought pluralism, 1895-1910.",https://pubmed.ncbi.nlm.nih.gov/30998026/,ABSTRACT_SCREENING_PRIORITY,Available abstract needs eligibility review; metadata hint is not an inclusion/exclusion decision.,SCREENING_PENDING,Automated metadata prioritization; no eligibility decision,2026-09-30
31003689,"Clients of UK healers: A mixed methods survey of their demography, health problems, and experiences of healing.",https://pubmed.ncbi.nlm.nih.gov/31003689/,ABSTRACT_SCREENING_PRIORITY,Available abstract needs eligibility review; metadata hint is not an inclusion/exclusion decision.,SCREENING_PENDING,Automated metadata prioritization; no eligibility decision,2026-09-30
31043916,Novice Meditators of an Easily Learnable Audible Mantram Sound Self-Induce an Increase in Vagal Tone During Short-term Practice: A Preliminary Study.,https://pubmed.ncbi.nlm.nih.gov/31043916/,ABSTRACT_SCREENING_PRIORITY,Available abstract needs eligibility review; metadata hint is not an inclusion/exclusion decision.,SCREENING_PENDING,Automated metadata prioritization; no eligibility decision,2026-09-30
31046557,The Power of Reiki: Feasibility and Efficacy of Reducing Pain in Children With Cancer Undergoing Hematopoietic Stem Cell Transplantation.,https://pubmed.ncbi.nlm.nih.gov/31046557/,ABSTRACT_SCREENING_PRIORITY,Available abstract needs eligibility review; metadata hint is not an inclusion/exclusion decision.,SCREENING_PENDING,Automated metadata prioritization; no eligibility decision,2026-09-30
31062207,Effect of Therapeutic Touch on Sleep Quality in Elders Living at Nursing Homes.,https://pubmed.ncbi.nlm.nih.gov/31062207/,EMPIRICAL_REVIEW_PRIORITY,"Trial/pilot metadata found. Confirm named modality, design, outcomes and eligibility from primary material.",SCREENING_PENDING,Automated metadata prioritization; no eligibility decision,2026-09-30
31076901,Strategies of complementary and integrative therapies in cancer-related pain-attaining exhaustive cancer pain management.,https://pubmed.ncbi.nlm.nih.gov/31076901/,REVIEW_CITATION_PRIORITY,Review metadata found. Consider citation chasing; do not count as independent primary replication.,SCREENING_PENDING,Automated metadata prioritization; no eligibility decision,2026-09-30
31132779,Use of Complementary and Alternative Medicines among Cancer Patients: A Single-Center Study.,https://pubmed.ncbi.nlm.nih.gov/31132779/,ABSTRACT_SCREENING_PRIORITY,Available abstract needs eligibility review; metadata hint is not an inclusion/exclusion decision.,SCREENING_PENDING,Automated metadata prioritization; no eligibility decision,2026-09-30
31138977,Evaluation of the Mantram Repetition Program for Health Care Providers.,https://pubmed.ncbi.nlm.nih.gov/31138977/,ABSTRACT_SCREENING_PRIORITY,Available abstract needs eligibility review; metadata hint is not an inclusion/exclusion decision.,SCREENING_PENDING,Automated metadata prioritization; no eligibility decision,2026-09-30
31139634,Changes in Heart Rate Variability During Heartfulness Meditation: A Power Spectral Analysis Including the Residual Spectrum.,https://pubmed.ncbi.nlm.nih.gov/31139634/,ABSTRACT_SCREENING_PRIORITY,Available abstract needs eligibility review; metadata hint is not an inclusion/exclusion decision.,SCREENING_PENDING,Automated metadata prioritization; no eligibility decision,2026-09-30
31233312,"""Do capuchins (Sapajus apella) know how well they will remember? Analysis of delay length-dependency with memory strategies"": Correction to Kishimoto, Iwasaki, and Fujita (2019).",https://pubmed.ncbi.nlm.nih.gov/31233312/,NOTICE_CHECK_PRIORITY,Linked notice/publication type detected; reconcile original and notice before use.,SCREENING_PENDING,Automated metadata prioritization; no eligibility decision,2026-09-30
31239023,The Impact of Heartfulness-based Elective on Middle School Students.,https://pubmed.ncbi.nlm.nih.gov/31239023/,ABSTRACT_SCREENING_PRIORITY,Available abstract needs eligibility review; metadata hint is not an inclusion/exclusion decision.,SCREENING_PENDING,Automated metadata prioritization; no eligibility decision,2026-09-30
31331581,Intervention fidelity monitoring of Urban Zen Integrative Therapy (UZIT) for persons with pulmonary hypertension.,https://pubmed.ncbi.nlm.nih.gov/31331581/,ABSTRACT_SCREENING_PRIORITY,Available abstract needs eligibility review; metadata hint is not an inclusion/exclusion decision.,SCREENING_PENDING,Automated metadata prioritization; no eligibility decision,2026-09-30
31341443,The Effects of Meditation on Twin Hearts on P300 Values: A Repeated Measures Comparison of Nonmeditators and the Experienced.,https://pubmed.ncbi.nlm.nih.gov/31341443/,MANUALLY_REVIEWED_RECORD,"12 experienced Twin Hearts meditators versus 12 nonmeditators, repeated pre/post auditory P300 measures. Selected EEG changes reported; cross-sectional experience and no matched sham limit causation. Surrogate processing measures do not validate PH recipient treatment.",PRIMARY_RECORD_REVIEWED,ILMB single-reviewer primary-record review,2026-09-30
31450520,Occupational therapy with Nordic walking and therapeutic touch: A pilot study for multidisciplinary rehabilitation in Parkinson's disease.,https://pubmed.ncbi.nlm.nih.gov/31450520/,EMPIRICAL_REVIEW_PRIORITY,"Trial/pilot metadata found. Confirm named modality, design, outcomes and eligibility from primary material.",SCREENING_PENDING,Automated metadata prioritization; no eligibility decision,2026-09-30
31469240,A person-centred team approach targeting agitated and aggressive behaviour amongst nursing home residents with dementia using the Senses Framework.,https://pubmed.ncbi.nlm.nih.gov/31469240/,ABSTRACT_SCREENING_PRIORITY,Available abstract needs eligibility review; metadata hint is not an inclusion/exclusion decision.,SCREENING_PENDING,Automated metadata prioritization; no eligibility decision,2026-09-30
31492551,The effects of meditation on the performance and well-being of a company: A pilot study.,https://pubmed.ncbi.nlm.nih.gov/31492551/,EMPIRICAL_REVIEW_PRIORITY,"Trial/pilot metadata found. Confirm named modality, design, outcomes and eligibility from primary material.",SCREENING_PENDING,Automated metadata prioritization; no eligibility decision,2026-09-30
31493135,Development of an evidence-based decision aid on complementary and alternative medicine (CAM) and pain for parents of children with cancer.,https://pubmed.ncbi.nlm.nih.gov/31493135/,REVIEW_CITATION_PRIORITY,Review metadata found. Consider citation chasing; do not count as independent primary replication.,SCREENING_PENDING,Automated metadata prioritization; no eligibility decision,2026-09-30
31523257,Impact of hot stone massage therapy on sleep quality in patients on maintenance hemodialysis: A randomized controlled trial.,https://pubmed.ncbi.nlm.nih.gov/31523257/,EMPIRICAL_REVIEW_PRIORITY,"Trial/pilot metadata found. Confirm named modality, design, outcomes and eligibility from primary material.",SCREENING_PENDING,Automated metadata prioritization; no eligibility decision,2026-09-30
31544386,[Exploration on professor ZHU Mian-sheng's space-time acupuncture of the eightfold method of the sacred tortoise].,https://pubmed.ncbi.nlm.nih.gov/31544386/,ABSTRACT_SCREENING_PRIORITY,Available abstract needs eligibility review; metadata hint is not an inclusion/exclusion decision.,SCREENING_PENDING,Automated metadata prioritization; no eligibility decision,2026-09-30
31621414,The lived experience of Buddhist-oriented religious coping in late life: Buddhism as a cognitive schema.,https://pubmed.ncbi.nlm.nih.gov/31621414/,ABSTRACT_SCREENING_PRIORITY,Available abstract needs eligibility review; metadata hint is not an inclusion/exclusion decision.,SCREENING_PENDING,Automated metadata prioritization; no eligibility decision,2026-09-30
31632617,Targeting hyperarousal: Mantram Repetition Program for PTSD in US veterans.,https://pubmed.ncbi.nlm.nih.gov/31632617/,ABSTRACT_SCREENING_PRIORITY,Available abstract needs eligibility review; metadata hint is not an inclusion/exclusion decision.,SCREENING_PENDING,Automated metadata prioritization; no eligibility decision,2026-09-30
31632842,Acupressure and Therapeutic Touch in Childhood Cancer to Promote Subjective and Intersubjective Experiences of Well-being During Curative Treatment.,https://pubmed.ncbi.nlm.nih.gov/31632842/,ABSTRACT_SCREENING_PRIORITY,Available abstract needs eligibility review; metadata hint is not an inclusion/exclusion decision.,SCREENING_PENDING,Automated metadata prioritization; no eligibility decision,2026-09-30
31638407,A Large-Scale Effectiveness Trial of Reiki for Physical and Psychological Health.,https://pubmed.ncbi.nlm.nih.gov/31638407/,ABSTRACT_SCREENING_PRIORITY,Available abstract needs eligibility review; metadata hint is not an inclusion/exclusion decision.,SCREENING_PENDING,Automated metadata prioritization; no eligibility decision,2026-09-30
31642490,"Educate, Try, and Share: A Feasibility Study to Assess the Acceptance and Use of Reiki as an Adjunct Therapy for Chronic Pain in Military Health Care Facilities.",https://pubmed.ncbi.nlm.nih.gov/31642490/,ABSTRACT_SCREENING_PRIORITY,Available abstract needs eligibility review; metadata hint is not an inclusion/exclusion decision.,SCREENING_PENDING,Automated metadata prioritization; no eligibility decision,2026-09-30
31668156,Meditation-induced psychosis: a narrative review and individual patient data analysis.,https://pubmed.ncbi.nlm.nih.gov/31668156/,MANUALLY_REVIEWED_RECORD,Narrative review of 28 reported psychosis cases across varied meditations including PH. Case associations and precipitating factors do not prove causation or estimate incidence; retain adverse-event context without assigning all cases to PH.,PRIMARY_RECORD_REVIEWED,ILMB single-reviewer primary-record review,2026-09-30
31681085,What Is Meditation? Proposing an Empirically Derived Classification System.,https://pubmed.ncbi.nlm.nih.gov/31681085/,ABSTRACT_SCREENING_PRIORITY,Available abstract needs eligibility review; metadata hint is not an inclusion/exclusion decision.,SCREENING_PENDING,Automated metadata prioritization; no eligibility decision,2026-09-30
31778102,Secularism in science: The role of religious affiliation in assessments of scientists' trustworthiness.,https://pubmed.ncbi.nlm.nih.gov/31778102/,ABSTRACT_SCREENING_PRIORITY,Available abstract needs eligibility review; metadata hint is not an inclusion/exclusion decision.,SCREENING_PENDING,Automated metadata prioritization; no eligibility decision,2026-09-30
31780011,Could complementary health approaches improve the symptom experience and outcomes of critically ill adults? A systematic review of randomized controlled trials.,https://pubmed.ncbi.nlm.nih.gov/31780011/,EMPIRICAL_REVIEW_PRIORITY,"Trial/pilot metadata found. Confirm named modality, design, outcomes and eligibility from primary material.",SCREENING_PENDING,Automated metadata prioritization; no eligibility decision,2026-09-30
31803691,"Healing touch of doctors - Today, tomorrow and always.",https://pubmed.ncbi.nlm.nih.gov/31803691/,NO_ABSTRACT_SOURCE_PRIORITY,No primary abstract returned. Read title and acquire original source; no efficacy conclusion extracted.,SCREENING_PENDING,Automated metadata prioritization; no eligibility decision,2026-09-30
31928064,Searching for a 'new magical world': the contradictions of CAM and new age therapies in the West.,https://pubmed.ncbi.nlm.nih.gov/31928064/,ABSTRACT_SCREENING_PRIORITY,Available abstract needs eligibility review; metadata hint is not an inclusion/exclusion decision.,SCREENING_PENDING,Automated metadata prioritization; no eligibility decision,2026-09-30
32002940,Current Research on Complementary and Alternative Medicine (CAM) in the Treatment of Anxiety Disorders: An Evidence-Based Review.,https://pubmed.ncbi.nlm.nih.gov/32002940/,REVIEW_CITATION_PRIORITY,Review metadata found. Consider citation chasing; do not count as independent primary replication.,SCREENING_PENDING,Automated metadata prioritization; no eligibility decision,2026-09-30
32050311,Motion-Preserving Navigated Primary Internal Fixation of Unstable C1 Fractures.,https://pubmed.ncbi.nlm.nih.gov/32050311/,ABSTRACT_SCREENING_PRIORITY,Available abstract needs eligibility review; metadata hint is not an inclusion/exclusion decision.,SCREENING_PENDING,Automated metadata prioritization; no eligibility decision,2026-09-30
32100622,Implementation of a Volunteer Reiki Program at an Academic Medical Center in the Midwest.,https://pubmed.ncbi.nlm.nih.gov/32100622/,ABSTRACT_SCREENING_PRIORITY,Available abstract needs eligibility review; metadata hint is not an inclusion/exclusion decision.,SCREENING_PENDING,Automated metadata prioritization; no eligibility decision,2026-09-30
32107160,The effect of preoperative Reiki application on patient anxiety levels.,https://pubmed.ncbi.nlm.nih.gov/32107160/,ABSTRACT_SCREENING_PRIORITY,Available abstract needs eligibility review; metadata hint is not an inclusion/exclusion decision.,SCREENING_PENDING,Automated metadata prioritization; no eligibility decision,2026-09-30
32128052,Heartfulness meditation improves sleep in chronic insomnia.,https://pubmed.ncbi.nlm.nih.gov/32128052/,ABSTRACT_SCREENING_PRIORITY,Available abstract needs eligibility review; metadata hint is not an inclusion/exclusion decision.,SCREENING_PENDING,Automated metadata prioritization; no eligibility decision,2026-09-30
32147030,Non-pharmacological interventions for anxiety in burn patients: A systematic review and meta-analysis of randomized controlled trials.,https://pubmed.ncbi.nlm.nih.gov/32147030/,EMPIRICAL_REVIEW_PRIORITY,"Trial/pilot metadata found. Confirm named modality, design, outcomes and eligibility from primary material.",SCREENING_PENDING,Automated metadata prioritization; no eligibility decision,2026-09-30
32147038,Effect of complementary and alternative medicine interventions on cancer related pain among breast cancer patients: A systematic review.,https://pubmed.ncbi.nlm.nih.gov/32147038/,REVIEW_CITATION_PRIORITY,Review metadata found. Consider citation chasing; do not count as independent primary replication.,SCREENING_PENDING,Automated metadata prioritization; no eligibility decision,2026-09-30
32224256,"A caregiver, an expert, a patient: How complementary therapies support the roles of parents of children with life threatening conditions in hospital settings.",https://pubmed.ncbi.nlm.nih.gov/32224256/,ABSTRACT_SCREENING_PRIORITY,Available abstract needs eligibility review; metadata hint is not an inclusion/exclusion decision.,SCREENING_PENDING,Automated metadata prioritization; no eligibility decision,2026-09-30
32236440,Veterans Team Recovery Integrative Immersion Process (Vet TRIIP): A Qualitative Evaluation of Participation and Impact.,https://pubmed.ncbi.nlm.nih.gov/32236440/,ABSTRACT_SCREENING_PRIORITY,Available abstract needs eligibility review; metadata hint is not an inclusion/exclusion decision.,SCREENING_PENDING,Automated metadata prioritization; no eligibility decision,2026-09-30
32312087,In Attention to Pain: Governance and Bodies in Brazil.,https://pubmed.ncbi.nlm.nih.gov/32312087/,ABSTRACT_SCREENING_PRIORITY,Available abstract needs eligibility review; metadata hint is not an inclusion/exclusion decision.,SCREENING_PENDING,Automated metadata prioritization; no eligibility decision,2026-09-30
32361655,A systematic review of the effectiveness of interventions designed for mothers who experienced child sexual abuse.,https://pubmed.ncbi.nlm.nih.gov/32361655/,REVIEW_CITATION_PRIORITY,Review metadata found. Consider citation chasing; do not count as independent primary replication.,SCREENING_PENDING,Automated metadata prioritization; no eligibility decision,2026-09-30
32362016,Use of complementary and alternative medicine treatments by mothers of children with developmental disabilities: a cross sectional study.,https://pubmed.ncbi.nlm.nih.gov/32362016/,ABSTRACT_SCREENING_PRIORITY,Available abstract needs eligibility review; metadata hint is not an inclusion/exclusion decision.,SCREENING_PENDING,Automated metadata prioritization; no eligibility decision,2026-09-30
32364462,The Perceived Credibility of Complementary and Alternative Medicine: A Survey of Undergraduate and Graduate Students.,https://pubmed.ncbi.nlm.nih.gov/32364462/,ABSTRACT_SCREENING_PRIORITY,Available abstract needs eligibility review; metadata hint is not an inclusion/exclusion decision.,SCREENING_PENDING,Automated metadata prioritization; no eligibility decision,2026-09-30
32404727,The Effect of Healing Touch on Critical Care Patients' Vital Signs: A Pilot Study.,https://pubmed.ncbi.nlm.nih.gov/32404727/,EMPIRICAL_REVIEW_PRIORITY,"Trial/pilot metadata found. Confirm named modality, design, outcomes and eligibility from primary material.",SCREENING_PENDING,Automated metadata prioritization; no eligibility decision,2026-09-30
32408085,"Vaccine hesitancy is strongly associated with distrust of conventional medicine, and only weakly associated with trust in alternative medicine.",https://pubmed.ncbi.nlm.nih.gov/32408085/,ABSTRACT_SCREENING_PRIORITY,Available abstract needs eligibility review; metadata hint is not an inclusion/exclusion decision.,SCREENING_PENDING,Automated metadata prioritization; no eligibility decision,2026-09-30
32415423,The Effect of Therapeutic Touch on the Comfort and Anxiety of Nursing Home Residents.,https://pubmed.ncbi.nlm.nih.gov/32415423/,EMPIRICAL_REVIEW_PRIORITY,"Trial/pilot metadata found. Confirm named modality, design, outcomes and eligibility from primary material.",SCREENING_PENDING,Automated metadata prioritization; no eligibility decision,2026-09-30
32508602,"Corrigendum: The Immediate Effect of Therapeutic Touch and Deep Touch Pressure on Range of Motion, Interoceptive Accuracy and Heart Rate Variability: A Randomized Controlled Trial With Moderation Analysis.",https://pubmed.ncbi.nlm.nih.gov/32508602/,NOTICE_CHECK_PRIORITY,Linked notice/publication type detected; reconcile original and notice before use.,SCREENING_PENDING,Automated metadata prioritization; no eligibility decision,2026-09-30
32618216,Effects of Reiki on Pain and Anxiety in Women Hospitalized for Obstetrical- and Gynecological-Related Conditions.,https://pubmed.ncbi.nlm.nih.gov/32618216/,NOTICE_CHECK_PRIORITY,Linked notice/publication type detected; reconcile original and notice before use.,SCREENING_PENDING,Automated metadata prioritization; no eligibility decision,2026-09-30
32728837,The influence of perioperative interventions targeting psychological distress on clinical outcome after total knee arthroplasty.,https://pubmed.ncbi.nlm.nih.gov/32728837/,REVIEW_CITATION_PRIORITY,Review metadata found. Consider citation chasing; do not count as independent primary replication.,SCREENING_PENDING,Automated metadata prioritization; no eligibility decision,2026-09-30
32778391,The effect of Reiki and guided imagery intervention on pain and fatigue in oncology patients: A non-randomized controlled study.,https://pubmed.ncbi.nlm.nih.gov/32778391/,EMPIRICAL_REVIEW_PRIORITY,"Trial/pilot metadata found. Confirm named modality, design, outcomes and eligibility from primary material.",SCREENING_PENDING,Automated metadata prioritization; no eligibility decision,2026-09-30
32798173,Prospective empirical test suite for energy practitioners.,https://pubmed.ncbi.nlm.nih.gov/32798173/,ABSTRACT_SCREENING_PRIORITY,Available abstract needs eligibility review; metadata hint is not an inclusion/exclusion decision.,SCREENING_PENDING,Automated metadata prioritization; no eligibility decision,2026-09-30
32852138,Effect of laying on of hands as a complementary therapy for pain and functioning in older women with knee osteoarthritis: A randomized controlled clinical trial.,https://pubmed.ncbi.nlm.nih.gov/32852138/,NOTICE_CHECK_PRIORITY,Linked notice/publication type detected; reconcile original and notice before use.,SCREENING_PENDING,Automated metadata prioritization; no eligibility decision,2026-09-30
32871021,Complementary and alternative therapies for post-caesarean pain.,https://pubmed.ncbi.nlm.nih.gov/32871021/,NOTICE_CHECK_PRIORITY,Linked notice/publication type detected; reconcile original and notice before use.,SCREENING_PENDING,Automated metadata prioritization; no eligibility decision,2026-09-30
32871687,Effectiveness of an alternative intervention in the treatment of depressive symptoms.,https://pubmed.ncbi.nlm.nih.gov/32871687/,EMPIRICAL_REVIEW_PRIORITY,"Trial/pilot metadata found. Confirm named modality, design, outcomes and eligibility from primary material.",SCREENING_PENDING,Automated metadata prioritization; no eligibility decision,2026-09-30
32952783,"Response to Robinson re: ""The Geometry of Emotions: Using Chakra Acupuncture and 5-Phase Theory to Describe Personality Archetypes for Clinical Use"".",https://pubmed.ncbi.nlm.nih.gov/32952783/,NO_ABSTRACT_SOURCE_PRIORITY,No primary abstract returned. Read title and acquire original source; no efficacy conclusion extracted.,SCREENING_PENDING,Automated metadata prioritization; no eligibility decision,2026-09-30
33056083,Novel taxa of Cheilostomata Bryozoa discovered in the historical backlogs of the Iziko South African Museum.,https://pubmed.ncbi.nlm.nih.gov/33056083/,ABSTRACT_SCREENING_PRIORITY,Available abstract needs eligibility review; metadata hint is not an inclusion/exclusion decision.,SCREENING_PENDING,Automated metadata prioritization; no eligibility decision,2026-09-30
33096504,"Meditation, well-being and cognition in heartfulness meditators - A pilot study.",https://pubmed.ncbi.nlm.nih.gov/33096504/,EMPIRICAL_REVIEW_PRIORITY,"Trial/pilot metadata found. Confirm named modality, design, outcomes and eligibility from primary material.",SCREENING_PENDING,Automated metadata prioritization; no eligibility decision,2026-09-30
33111740,"Reiki protocol for preoperative anxiety, depression, and well-being: a non-randomized controlled trial.",https://pubmed.ncbi.nlm.nih.gov/33111740/,EMPIRICAL_REVIEW_PRIORITY,"Trial/pilot metadata found. Confirm named modality, design, outcomes and eligibility from primary material.",SCREENING_PENDING,Automated metadata prioritization; no eligibility decision,2026-09-30
33128534,Effects of Reiki Session Excluding the Variables Responsible for the Placebo Effect on a Group of Adults.,https://pubmed.ncbi.nlm.nih.gov/33128534/,ABSTRACT_SCREENING_PRIORITY,Available abstract needs eligibility review; metadata hint is not an inclusion/exclusion decision.,SCREENING_PENDING,Automated metadata prioritization; no eligibility decision,2026-09-30
33131628,"Reiki, Nursing, and Health Care.",https://pubmed.ncbi.nlm.nih.gov/33131628/,REVIEW_CITATION_PRIORITY,Review metadata found. Consider citation chasing; do not count as independent primary replication.,SCREENING_PENDING,Automated metadata prioritization; no eligibility decision,2026-09-30
33131629,Reiki: Defining a Healing Practice for Nursing.,https://pubmed.ncbi.nlm.nih.gov/33131629/,REVIEW_CITATION_PRIORITY,Review metadata found. Consider citation chasing; do not count as independent primary replication.,SCREENING_PENDING,Automated metadata prioritization; no eligibility decision,2026-09-30
33132081,A case study of extended human capacity perception during Energy Medicine treatments using mixed methods analysis.,https://pubmed.ncbi.nlm.nih.gov/33132081/,ABSTRACT_SCREENING_PRIORITY,Available abstract needs eligibility review; metadata hint is not an inclusion/exclusion decision.,SCREENING_PENDING,Automated metadata prioritization; no eligibility decision,2026-09-30
33218495,"The Stiffness Comparison Test: A pilot study to determine inter-individual differences in palpatory skill related to gender, age, and occupation-related experience.",https://pubmed.ncbi.nlm.nih.gov/33218495/,EMPIRICAL_REVIEW_PRIORITY,"Trial/pilot metadata found. Confirm named modality, design, outcomes and eligibility from primary material.",SCREENING_PENDING,Automated metadata prioritization; no eligibility decision,2026-09-30
33223611,Quantifying Biofield Therapy through Biophoton Emission in a Cellular Model.,https://pubmed.ncbi.nlm.nih.gov/33223611/,ABSTRACT_SCREENING_PRIORITY,Available abstract needs eligibility review; metadata hint is not an inclusion/exclusion decision.,SCREENING_PENDING,Automated metadata prioritization; no eligibility decision,2026-09-30
33224309,Mantram Repetition as a Portable Mindfulness Practice: Applications During the COVID-19 Pandemic.,https://pubmed.ncbi.nlm.nih.gov/33224309/,ABSTRACT_SCREENING_PRIORITY,Available abstract needs eligibility review; metadata hint is not an inclusion/exclusion decision.,SCREENING_PENDING,Automated metadata prioritization; no eligibility decision,2026-09-30
33246388,Deep Relaxation Experience with Complementary Urban Zen Integrative Therapy: Qualitative Thematic Analysis.,https://pubmed.ncbi.nlm.nih.gov/33246388/,ABSTRACT_SCREENING_PRIORITY,Available abstract needs eligibility review; metadata hint is not an inclusion/exclusion decision.,SCREENING_PENDING,Automated metadata prioritization; no eligibility decision,2026-09-30
33252426,Feasibility and Acceptability of Reiki Therapy for Children Receiving Palliative Care in the Home.,https://pubmed.ncbi.nlm.nih.gov/33252426/,ABSTRACT_SCREENING_PRIORITY,Available abstract needs eligibility review; metadata hint is not an inclusion/exclusion decision.,SCREENING_PENDING,Automated metadata prioritization; no eligibility decision,2026-09-30
33338148,Comprehensive care from the perspective of nurses: an ecosystem approach.,https://pubmed.ncbi.nlm.nih.gov/33338148/,ABSTRACT_SCREENING_PRIORITY,Available abstract needs eligibility review; metadata hint is not an inclusion/exclusion decision.,SCREENING_PENDING,Automated metadata prioritization; no eligibility decision,2026-09-30
33346680,Examining the impact of a Healing Touch intervention to reduce posttraumatic stress disorder symptoms in combat veterans.,https://pubmed.ncbi.nlm.nih.gov/33346680/,EMPIRICAL_REVIEW_PRIORITY,"Trial/pilot metadata found. Confirm named modality, design, outcomes and eligibility from primary material.",SCREENING_PENDING,Automated metadata prioritization; no eligibility decision,2026-09-30
33370272,Larger whole brain grey matter associated with long-term Sahaja Yoga Meditation: A detailed area by area comparison.,https://pubmed.ncbi.nlm.nih.gov/33370272/,ABSTRACT_SCREENING_PRIORITY,Available abstract needs eligibility review; metadata hint is not an inclusion/exclusion decision.,SCREENING_PENDING,Automated metadata prioritization; no eligibility decision,2026-09-30
33455902,A Relaxation App (HeartBot) for Stress and Emotional Well-Being Over a 21-Day Challenge: Randomized Survey Study.,https://pubmed.ncbi.nlm.nih.gov/33455902/,EMPIRICAL_REVIEW_PRIORITY,"Trial/pilot metadata found. Confirm named modality, design, outcomes and eligibility from primary material.",SCREENING_PENDING,Automated metadata prioritization; no eligibility decision,2026-09-30
33488307,Eastern Integrative Medicine and Ancient Sound Healing Treatments for Stress: Recent Research Advances.,https://pubmed.ncbi.nlm.nih.gov/33488307/,REVIEW_CITATION_PRIORITY,Review metadata found. Consider citation chasing; do not count as independent primary replication.,SCREENING_PENDING,Automated metadata prioritization; no eligibility decision,2026-09-30
33544513,Complementary and alternative interventions for stroke recovery - a narrative overview of the published evidence.,https://pubmed.ncbi.nlm.nih.gov/33544513/,REVIEW_CITATION_PRIORITY,Review metadata found. Consider citation chasing; do not count as independent primary replication.,SCREENING_PENDING,Automated metadata prioritization; no eligibility decision,2026-09-30
33545940,Nursing intervention using healing touch in total knee replacement: A randomized controlled study protocol.,https://pubmed.ncbi.nlm.nih.gov/33545940/,NOTICE_CHECK_PRIORITY,Linked notice/publication type detected; reconcile original and notice before use.,SCREENING_PENDING,Automated metadata prioritization; no eligibility decision,2026-09-30
33548747,"Effect of therapeutic touch on daytime sleepiness, stress and fatigue among students of nursing and midwifery: A randomized sham-controlled trial.",https://pubmed.ncbi.nlm.nih.gov/33548747/,EMPIRICAL_REVIEW_PRIORITY,"Trial/pilot metadata found. Confirm named modality, design, outcomes and eligibility from primary material.",SCREENING_PENDING,Automated metadata prioritization; no eligibility decision,2026-09-30
33573826,Being present: Examining the efficacy of an Internet Mantram Program on RN-delivered patient-centered care.,https://pubmed.ncbi.nlm.nih.gov/33573826/,ABSTRACT_SCREENING_PRIORITY,Available abstract needs eligibility review; metadata hint is not an inclusion/exclusion decision.,SCREENING_PENDING,Automated metadata prioritization; no eligibility decision,2026-09-30
33630509,The role of organizational learning and resilience for change in building quality improvement capacity in primary care.,https://pubmed.ncbi.nlm.nih.gov/33630509/,EMPIRICAL_REVIEW_PRIORITY,"Trial/pilot metadata found. Confirm named modality, design, outcomes and eligibility from primary material.",SCREENING_PENDING,Automated metadata prioritization; no eligibility decision,2026-09-30
33654502,Pain Improvement After Healing Touch and Massage in Breast Cancer: an Observational Retrospective Study.,https://pubmed.ncbi.nlm.nih.gov/33654502/,ABSTRACT_SCREENING_PRIORITY,Available abstract needs eligibility review; metadata hint is not an inclusion/exclusion decision.,SCREENING_PENDING,Automated metadata prioritization; no eligibility decision,2026-09-30
33661680,Neo-Catholics against new psychology in 19th century Spain: The journal La Ciencia Cristiana (1877-1887).,https://pubmed.ncbi.nlm.nih.gov/33661680/,ABSTRACT_SCREENING_PRIORITY,Available abstract needs eligibility review; metadata hint is not an inclusion/exclusion decision.,SCREENING_PENDING,Automated metadata prioritization; no eligibility decision,2026-09-30
33675935,Effect of Reiki on the stress level of caregivers of patients with cancer: Qualitative and single-blind randomized controlled trial.,https://pubmed.ncbi.nlm.nih.gov/33675935/,EMPIRICAL_REVIEW_PRIORITY,"Trial/pilot metadata found. Confirm named modality, design, outcomes and eligibility from primary material.",SCREENING_PENDING,Automated metadata prioritization; no eligibility decision,2026-09-30
33701117,"The Immorality of ""Christian Science"".",https://pubmed.ncbi.nlm.nih.gov/33701117/,NO_ABSTRACT_SOURCE_PRIORITY,No primary abstract returned. Read title and acquire original source; no efficacy conclusion extracted.,SCREENING_PENDING,Automated metadata prioritization; no eligibility decision,2026-09-30
33742792,A rapid evidence assessment of recent therapeutic touch research.,https://pubmed.ncbi.nlm.nih.gov/33742792/,REVIEW_CITATION_PRIORITY,Review metadata found. Consider citation chasing; do not count as independent primary replication.,SCREENING_PENDING,Automated metadata prioritization; no eligibility decision,2026-09-30
33762231,Impact of sensory interventions on the quality of life of long-term care residents: a scoping review.,https://pubmed.ncbi.nlm.nih.gov/33762231/,ABSTRACT_SCREENING_PRIORITY,Available abstract needs eligibility review; metadata hint is not an inclusion/exclusion decision.,SCREENING_PENDING,Automated metadata prioritization; no eligibility decision,2026-09-30
33774892,An integrative healthcare model with heartfulness meditation and care coordination improves outcomes in cyclic vomiting syndrome.,https://pubmed.ncbi.nlm.nih.gov/33774892/,EMPIRICAL_REVIEW_PRIORITY,"Trial/pilot metadata found. Confirm named modality, design, outcomes and eligibility from primary material.",SCREENING_PENDING,Automated metadata prioritization; no eligibility decision,2026-09-30
33787777,Reiki therapy in the Unified Health System: meanings and experiences in integral health care.,https://pubmed.ncbi.nlm.nih.gov/33787777/,ABSTRACT_SCREENING_PRIORITY,Available abstract needs eligibility review; metadata hint is not an inclusion/exclusion decision.,SCREENING_PENDING,Automated metadata prioritization; no eligibility decision,2026-09-30
33789431,"Rotator Cuff-Related Shoulder Pain: Is It Time to Reframe the Advice, ""You Need to Strengthen Your Shoulder""?",https://pubmed.ncbi.nlm.nih.gov/33789431/,ABSTRACT_SCREENING_PRIORITY,Available abstract needs eligibility review; metadata hint is not an inclusion/exclusion decision.,SCREENING_PENDING,Automated metadata prioritization; no eligibility decision,2026-09-30
33796013,Resting State Functional Connectivity Associated With Sahaja Yoga Meditation.,https://pubmed.ncbi.nlm.nih.gov/33796013/,ABSTRACT_SCREENING_PRIORITY,Available abstract needs eligibility review; metadata hint is not an inclusion/exclusion decision.,SCREENING_PENDING,Automated metadata prioritization; no eligibility decision,2026-09-30
33836405,The effect of Acupressure and Reiki application on Patient's pain and comfort level after laparoscopic cholecystectomy: A randomized controlled trial.,https://pubmed.ncbi.nlm.nih.gov/33836405/,EMPIRICAL_REVIEW_PRIORITY,"Trial/pilot metadata found. Confirm named modality, design, outcomes and eligibility from primary material.",SCREENING_PENDING,Automated metadata prioritization; no eligibility decision,2026-09-30
33861467,The effects of therapeutic touch on spiritual care and sleep quality in patients receiving palliative care.,https://pubmed.ncbi.nlm.nih.gov/33861467/,ABSTRACT_SCREENING_PRIORITY,Available abstract needs eligibility review; metadata hint is not an inclusion/exclusion decision.,SCREENING_PENDING,Automated metadata prioritization; no eligibility decision,2026-09-30
33895982,Retraction Note to: External Qi of Yan Xin Qigong induces G2/M arrest and apoptosis of androgen-independent prostate cancer cells by inhibiting Akt and NF- B pathways.,https://pubmed.ncbi.nlm.nih.gov/33895982/,NOTICE_CHECK_PRIORITY,Linked notice/publication type detected; reconcile original and notice before use.,SCREENING_PENDING,Automated metadata prioritization; no eligibility decision,2026-09-30
33944424,A Christian Science Cure in the Sixteenth Century: Introducing the Reader into Very High Society.,https://pubmed.ncbi.nlm.nih.gov/33944424/,NO_ABSTRACT_SOURCE_PRIORITY,No primary abstract returned. Read title and acquire original source; no efficacy conclusion extracted.,SCREENING_PENDING,Automated metadata prioritization; no eligibility decision,2026-09-30
33994324,Reiki and pain: Continuous citation of a flawed meta-analysis.,https://pubmed.ncbi.nlm.nih.gov/33994324/,REVIEW_CITATION_PRIORITY,Review metadata found. Consider citation chasing; do not count as independent primary replication.,SCREENING_PENDING,Automated metadata prioritization; no eligibility decision,2026-09-30
34029232,Home-Based Reiki by Informal Caregivers: A Mixed-Methods Pilot Study.,https://pubmed.ncbi.nlm.nih.gov/34029232/,EMPIRICAL_REVIEW_PRIORITY,"Trial/pilot metadata found. Confirm named modality, design, outcomes and eligibility from primary material.",SCREENING_PENDING,Automated metadata prioritization; no eligibility decision,2026-09-30
34037196,Effectiveness of complementary therapies for the management of symptom clusters in palliative care in pediatric oncology: a systematic review.,https://pubmed.ncbi.nlm.nih.gov/34037196/,REVIEW_CITATION_PRIORITY,Review metadata found. Consider citation chasing; do not count as independent primary replication.,SCREENING_PENDING,Automated metadata prioritization; no eligibility decision,2026-09-30
34066393,The Immediate Effect of Informational Manual Therapy for Improving Quiet Standing and Bodily Pain in University Population.,https://pubmed.ncbi.nlm.nih.gov/34066393/,ABSTRACT_SCREENING_PRIORITY,Available abstract needs eligibility review; metadata hint is not an inclusion/exclusion decision.,SCREENING_PENDING,Automated metadata prioritization; no eligibility decision,2026-09-30
34083124,"Corrigendum to ""The effect of reiki on pain: A meta-analysis"" [Compl. Ther. Clin. Pract. 31C (2018) 384-387].",https://pubmed.ncbi.nlm.nih.gov/34083124/,NOTICE_CHECK_PRIORITY,Linked notice/publication type detected; reconcile original and notice before use.,SCREENING_PENDING,Automated metadata prioritization; no eligibility decision,2026-09-30
34097862,Effect of Heartfulness Meditation on Anxiety and Perceived Pain in Patients Undergoing Impacted Third Molar Surgery.,https://pubmed.ncbi.nlm.nih.gov/34097862/,EMPIRICAL_REVIEW_PRIORITY,"Trial/pilot metadata found. Confirm named modality, design, outcomes and eligibility from primary material.",SCREENING_PENDING,Automated metadata prioritization; no eligibility decision,2026-09-30
34109412,Complementary Medicine Use in Patients with Low Back or Neck Pain: Results of the 2017 National Health Interview Survey.,https://pubmed.ncbi.nlm.nih.gov/34109412/,ABSTRACT_SCREENING_PRIORITY,Available abstract needs eligibility review; metadata hint is not an inclusion/exclusion decision.,SCREENING_PENDING,Automated metadata prioritization; no eligibility decision,2026-09-30
34115737,Effects of Reiki on Mental Health Care: A Systematic Review.,https://pubmed.ncbi.nlm.nih.gov/34115737/,REVIEW_CITATION_PRIORITY,Review metadata found. Consider citation chasing; do not count as independent primary replication.,SCREENING_PENDING,Automated metadata prioritization; no eligibility decision,2026-09-30
34123883,Suraksha Chakra: A new scoring system to protect the healthcare workers from COVID.,https://pubmed.ncbi.nlm.nih.gov/34123883/,REVIEW_CITATION_PRIORITY,Review metadata found. Consider citation chasing; do not count as independent primary replication.,SCREENING_PENDING,Automated metadata prioritization; no eligibility decision,2026-09-30
34199174,"Perspectives, Measurability and Effects of Non-Contact Biofield-Based Practices: A Narrative Review of Quantitative Research.",https://pubmed.ncbi.nlm.nih.gov/34199174/,REVIEW_CITATION_PRIORITY,Review metadata found. Consider citation chasing; do not count as independent primary replication.,SCREENING_PENDING,Automated metadata prioritization; no eligibility decision,2026-09-30
34262006,Feasibility and Acceptability of a Reiki Intervention With Very Young Children Receiving Palliative Care.,https://pubmed.ncbi.nlm.nih.gov/34262006/,ABSTRACT_SCREENING_PRIORITY,Available abstract needs eligibility review; metadata hint is not an inclusion/exclusion decision.,SCREENING_PENDING,Automated metadata prioritization; no eligibility decision,2026-09-30
34293753,Feasibility and Effect of Reiki on the Physiology and Self-perceived Stress of Nurses in a Large US Hospital.,https://pubmed.ncbi.nlm.nih.gov/34293753/,ABSTRACT_SCREENING_PRIORITY,Available abstract needs eligibility review; metadata hint is not an inclusion/exclusion decision.,SCREENING_PENDING,Automated metadata prioritization; no eligibility decision,2026-09-30
34312086,The effects of Reiki and back massage on women's pain and vital signs post-abdominal hysterectomy: A randomized controlled trial: The Effects of Reiki and Back Massage on Women's Pain and Vital Signs.,https://pubmed.ncbi.nlm.nih.gov/34312086/,EMPIRICAL_REVIEW_PRIORITY,"Trial/pilot metadata found. Confirm named modality, design, outcomes and eligibility from primary material.",SCREENING_PENDING,Automated metadata prioritization; no eligibility decision,2026-09-30
34387236,Effect of Reiki Therapy on Quality of Life and Fatigue Levels of Breast Cancer Patients Receiving Chemotherapy.,https://pubmed.ncbi.nlm.nih.gov/34387236/,ABSTRACT_SCREENING_PRIORITY,Available abstract needs eligibility review; metadata hint is not an inclusion/exclusion decision.,SCREENING_PENDING,Automated metadata prioritization; no eligibility decision,2026-09-30
34408877,New approaches and procedures for cancer treatment: Current perspectives.,https://pubmed.ncbi.nlm.nih.gov/34408877/,NOTICE_CHECK_PRIORITY,Linked notice/publication type detected; reconcile original and notice before use.,SCREENING_PENDING,Automated metadata prioritization; no eligibility decision,2026-09-30
34536666,Effect of therapeutic touch on sleep quality and anxiety in individuals with chronic obstructive pulmonary disease: A randomized controlled trial.,https://pubmed.ncbi.nlm.nih.gov/34536666/,EMPIRICAL_REVIEW_PRIORITY,"Trial/pilot metadata found. Confirm named modality, design, outcomes and eligibility from primary material.",SCREENING_PENDING,Automated metadata prioritization; no eligibility decision,2026-09-30
34577790,"Self-Reiki, Consideration of a Potential Option for Managing Chronic Pain during Pandemic COVID-19 Period.",https://pubmed.ncbi.nlm.nih.gov/34577790/,ABSTRACT_SCREENING_PRIORITY,Available abstract needs eligibility review; metadata hint is not an inclusion/exclusion decision.,SCREENING_PENDING,Automated metadata prioritization; no eligibility decision,2026-09-30
34647912,"The Effect of Reiki on Pain, Fatigue, and Quality of Life in Adolescents With Dysmenorrhea.",https://pubmed.ncbi.nlm.nih.gov/34647912/,EMPIRICAL_REVIEW_PRIORITY,"Trial/pilot metadata found. Confirm named modality, design, outcomes and eligibility from primary material.",SCREENING_PENDING,Automated metadata prioritization; no eligibility decision,2026-09-30
34649428,Laser-Induced Remote Healing of Stretchable Diselenide-Containing Conductive Composites.,https://pubmed.ncbi.nlm.nih.gov/34649428/,ABSTRACT_SCREENING_PRIORITY,Available abstract needs eligibility review; metadata hint is not an inclusion/exclusion decision.,SCREENING_PENDING,Automated metadata prioritization; no eligibility decision,2026-09-30
34721219,Using Heartfulness Meditation and Brainwave Entrainment to Improve Teenage Mental Wellbeing.,https://pubmed.ncbi.nlm.nih.gov/34721219/,ABSTRACT_SCREENING_PRIORITY,Available abstract needs eligibility review; metadata hint is not an inclusion/exclusion decision.,SCREENING_PENDING,Automated metadata prioritization; no eligibility decision,2026-09-30
34723183,Implementation and outcomes of complementary therapies in hospice care: an integrative review.,https://pubmed.ncbi.nlm.nih.gov/34723183/,REVIEW_CITATION_PRIORITY,Review metadata found. Consider citation chasing; do not count as independent primary replication.,SCREENING_PENDING,Automated metadata prioritization; no eligibility decision,2026-09-30
34733054,Sleep Patterns of Resident Physicians and the Effect of Heartfulness Meditation.,https://pubmed.ncbi.nlm.nih.gov/34733054/,ABSTRACT_SCREENING_PRIORITY,Available abstract needs eligibility review; metadata hint is not an inclusion/exclusion decision.,SCREENING_PENDING,Automated metadata prioritization; no eligibility decision,2026-09-30
34766380,Radiomics signature for temporal evolution and recurrence patterns of glioblastoma using multimodal magnetic resonance imaging.,https://pubmed.ncbi.nlm.nih.gov/34766380/,ABSTRACT_SCREENING_PRIORITY,Available abstract needs eligibility review; metadata hint is not an inclusion/exclusion decision.,SCREENING_PENDING,Automated metadata prioritization; no eligibility decision,2026-09-30
34769634,"Impact of Virtual Heartfulness Meditation Program on Stress, Quality of Sleep, and Psychological Wellbeing during the COVID-19 Pandemic: A Mixed-Method Study.",https://pubmed.ncbi.nlm.nih.gov/34769634/,ABSTRACT_SCREENING_PRIORITY,Available abstract needs eligibility review; metadata hint is not an inclusion/exclusion decision.,SCREENING_PENDING,Automated metadata prioritization; no eligibility decision,2026-09-30
34816263,#COVIDisAirborne: AI-Enabled Multiscale Computational Microscopy of Delta SARS-CoV-2 in a Respiratory Aerosol.,https://pubmed.ncbi.nlm.nih.gov/34816263/,NOTICE_CHECK_PRIORITY,Linked notice/publication type detected; reconcile original and notice before use.,SCREENING_PENDING,Automated metadata prioritization; no eligibility decision,2026-09-30
34855539,Complementary and Integrative Health Interventions for Insomnia in Veterans and Military Populations.,https://pubmed.ncbi.nlm.nih.gov/34855539/,REVIEW_CITATION_PRIORITY,Review metadata found. Consider citation chasing; do not count as independent primary replication.,SCREENING_PENDING,Automated metadata prioritization; no eligibility decision,2026-09-30
34901438,Nursing Student's Experiences of Meditation on Twin Hearts During Eight Weeks Practice: A Qualitative Content Analysis.,https://pubmed.ncbi.nlm.nih.gov/34901438/,ABSTRACT_SCREENING_PRIORITY,Available abstract needs eligibility review; metadata hint is not an inclusion/exclusion decision.,SCREENING_PENDING,Automated metadata prioritization; no eligibility decision,2026-09-30
34990899,"Reiki practitioners' perceptions of the impact of the COVID-19 pandemic on the experience, practice and future of Reiki.",https://pubmed.ncbi.nlm.nih.gov/34990899/,ABSTRACT_SCREENING_PRIORITY,Available abstract needs eligibility review; metadata hint is not an inclusion/exclusion decision.,SCREENING_PENDING,Automated metadata prioritization; no eligibility decision,2026-09-30
35074604,A study of Reiki therapy on unpleasant symptoms in children with cerebral palsy.,https://pubmed.ncbi.nlm.nih.gov/35074604/,ABSTRACT_SCREENING_PRIORITY,Available abstract needs eligibility review; metadata hint is not an inclusion/exclusion decision.,SCREENING_PENDING,Automated metadata prioritization; no eligibility decision,2026-09-30
35101554,Complementary medicine use in US adults with hypertension: A nationally representative survey.,https://pubmed.ncbi.nlm.nih.gov/35101554/,ABSTRACT_SCREENING_PRIORITY,Available abstract needs eligibility review; metadata hint is not an inclusion/exclusion decision.,SCREENING_PENDING,Automated metadata prioritization; no eligibility decision,2026-09-30
35151306,Complementary medicine use in stroke survivors: a US nationally representative survey.,https://pubmed.ncbi.nlm.nih.gov/35151306/,ABSTRACT_SCREENING_PRIORITY,Available abstract needs eligibility review; metadata hint is not an inclusion/exclusion decision.,SCREENING_PENDING,Automated metadata prioritization; no eligibility decision,2026-09-30
35248473,Effects of different music on HEK293T cell growth and mitochondrial functions.,https://pubmed.ncbi.nlm.nih.gov/35248473/,ABSTRACT_SCREENING_PRIORITY,Available abstract needs eligibility review; metadata hint is not an inclusion/exclusion decision.,SCREENING_PENDING,Automated metadata prioritization; no eligibility decision,2026-09-30
35250723,Therapeutic Alliance as Active Inference: The Role of Therapeutic Touch and Synchrony.,https://pubmed.ncbi.nlm.nih.gov/35250723/,ABSTRACT_SCREENING_PRIORITY,Available abstract needs eligibility review; metadata hint is not an inclusion/exclusion decision.,SCREENING_PENDING,Automated metadata prioritization; no eligibility decision,2026-09-30
35386478,"A Retrospective Analysis of Three Focused Attention Meditation Techniques: Mantra, Breath, and External-Point Meditation.",https://pubmed.ncbi.nlm.nih.gov/35386478/,ABSTRACT_SCREENING_PRIORITY,Available abstract needs eligibility review; metadata hint is not an inclusion/exclusion decision.,SCREENING_PENDING,Automated metadata prioritization; no eligibility decision,2026-09-30
35435859,"The Effect of Distant Reiki on the Stress and Fatigue Levels of Nurses Working in COVID-19 Clinics: A Randomized-Controlled, Single-Blind Study.",https://pubmed.ncbi.nlm.nih.gov/35435859/,EMPIRICAL_REVIEW_PRIORITY,"Trial/pilot metadata found. Confirm named modality, design, outcomes and eligibility from primary material.",SCREENING_PENDING,Automated metadata prioritization; no eligibility decision,2026-09-30
35470800,"Health-Related Quality of Life Outcomes With Regular Yoga and Heartfulness Meditation Practice: Results From a Multinational, Cross-sectional Study.",https://pubmed.ncbi.nlm.nih.gov/35470800/,ABSTRACT_SCREENING_PRIORITY,Available abstract needs eligibility review; metadata hint is not an inclusion/exclusion decision.,SCREENING_PENDING,Automated metadata prioritization; no eligibility decision,2026-09-30
35481320,Improving Breast Surgery Outcomes Through Alternative Therapy: A Systematic Review.,https://pubmed.ncbi.nlm.nih.gov/35481320/,REVIEW_CITATION_PRIORITY,Review metadata found. Consider citation chasing; do not count as independent primary replication.,SCREENING_PENDING,Automated metadata prioritization; no eligibility decision,2026-09-30
35513998,Nonpharmacological interventions for agitation in the adult intensive care unit: A systematic review.,https://pubmed.ncbi.nlm.nih.gov/35513998/,REVIEW_CITATION_PRIORITY,Review metadata found. Consider citation chasing; do not count as independent primary replication.,SCREENING_PENDING,Automated metadata prioritization; no eligibility decision,2026-09-30
35613402,An Evaluation of the Subjective Experience of Receiving Reiki: Qualitative Results from a Pragmatic Effectiveness Study.,https://pubmed.ncbi.nlm.nih.gov/35613402/,ABSTRACT_SCREENING_PRIORITY,Available abstract needs eligibility review; metadata hint is not an inclusion/exclusion decision.,SCREENING_PENDING,Automated metadata prioritization; no eligibility decision,2026-09-30
35613519,'Reflexology: Exploring the mechanism of action'.,https://pubmed.ncbi.nlm.nih.gov/35613519/,ABSTRACT_SCREENING_PRIORITY,Available abstract needs eligibility review; metadata hint is not an inclusion/exclusion decision.,SCREENING_PENDING,Automated metadata prioritization; no eligibility decision,2026-09-30
35619781,Heartfulness Meditation: A Yogic and Neuroscientific Perspective.,https://pubmed.ncbi.nlm.nih.gov/35619781/,ABSTRACT_SCREENING_PRIORITY,Available abstract needs eligibility review; metadata hint is not an inclusion/exclusion decision.,SCREENING_PENDING,Automated metadata prioritization; no eligibility decision,2026-09-30
35713599,Higher frequency of mantram repetition practice is associated with enhanced clinical benefits among United States Veterans with posttraumatic stress disorder.,https://pubmed.ncbi.nlm.nih.gov/35713599/,ABSTRACT_SCREENING_PRIORITY,Available abstract needs eligibility review; metadata hint is not an inclusion/exclusion decision.,SCREENING_PENDING,Automated metadata prioritization; no eligibility decision,2026-09-30
35722865,Reiki Therapy for Very Young Hospitalized Children Receiving Palliative Care.,https://pubmed.ncbi.nlm.nih.gov/35722865/,ABSTRACT_SCREENING_PRIORITY,Available abstract needs eligibility review; metadata hint is not an inclusion/exclusion decision.,SCREENING_PENDING,Automated metadata prioritization; no eligibility decision,2026-09-30
35738774,[Body care in anorexia nervosa].,https://pubmed.ncbi.nlm.nih.gov/35738774/,ABSTRACT_SCREENING_PRIORITY,Available abstract needs eligibility review; metadata hint is not an inclusion/exclusion decision.,SCREENING_PENDING,Automated metadata prioritization; no eligibility decision,2026-09-30
35749707,Acceptability of the Mantram Repetition Program to Reduce Stress in Adolescent Survivors of Pediatric Cancer or Brain Tumors.,https://pubmed.ncbi.nlm.nih.gov/35749707/,ABSTRACT_SCREENING_PRIORITY,Available abstract needs eligibility review; metadata hint is not an inclusion/exclusion decision.,SCREENING_PENDING,Automated metadata prioritization; no eligibility decision,2026-09-30
35752581,The effects of Reiki and hand massage on pain and fatigue in patients with rheumatoid arthritis.,https://pubmed.ncbi.nlm.nih.gov/35752581/,EMPIRICAL_REVIEW_PRIORITY,"Trial/pilot metadata found. Confirm named modality, design, outcomes and eligibility from primary material.",SCREENING_PENDING,Automated metadata prioritization; no eligibility decision,2026-09-30
35784417,Age estimation of individuals aged 5-23 years based on dental development of the Indonesian population.,https://pubmed.ncbi.nlm.nih.gov/35784417/,MANUALLY_REVIEWED_RECORD,Dental development atlas using a modified Bengston eruption system; no Bengston healing intervention.,PRIMARY_RECORD_REVIEWED,ILMB single-reviewer primary-record review,2026-09-30
35800975,Effects of Occupational Therapy Program Based on Active Meditation on Hair Cortisol Levels in Undergraduate Healthcare Students.,https://pubmed.ncbi.nlm.nih.gov/35800975/,ABSTRACT_SCREENING_PRIORITY,Available abstract needs eligibility review; metadata hint is not an inclusion/exclusion decision.,SCREENING_PENDING,Automated metadata prioritization; no eligibility decision,2026-09-30
35829593,Christian Science and Death.,https://pubmed.ncbi.nlm.nih.gov/35829593/,NO_ABSTRACT_SOURCE_PRIORITY,No primary abstract returned. Read title and acquire original source; no efficacy conclusion extracted.,SCREENING_PENDING,Automated metadata prioritization; no eligibility decision,2026-09-30
35829610,So-called Christian Science.,https://pubmed.ncbi.nlm.nih.gov/35829610/,NO_ABSTRACT_SOURCE_PRIORITY,No primary abstract returned. Read title and acquire original source; no efficacy conclusion extracted.,SCREENING_PENDING,Automated metadata prioritization; no eligibility decision,2026-09-30
35846789,Therapeutic Alliance as Active Inference: The Role of Therapeutic Touch and Biobehavioural Synchrony in Musculoskeletal Care.,https://pubmed.ncbi.nlm.nih.gov/35846789/,ABSTRACT_SCREENING_PRIORITY,Available abstract needs eligibility review; metadata hint is not an inclusion/exclusion decision.,SCREENING_PENDING,Automated metadata prioritization; no eligibility decision,2026-09-30
35851503,The subjective experience of Reiki.,https://pubmed.ncbi.nlm.nih.gov/35851503/,NO_ABSTRACT_SOURCE_PRIORITY,No primary abstract returned. Read title and acquire original source; no efficacy conclusion extracted.,SCREENING_PENDING,Automated metadata prioritization; no eligibility decision,2026-09-30
35871986,"Knowledge of local folk healers, the so-called whisperers, among paramedic students from eastern Poland.",https://pubmed.ncbi.nlm.nih.gov/35871986/,ABSTRACT_SCREENING_PRIORITY,Available abstract needs eligibility review; metadata hint is not an inclusion/exclusion decision.,SCREENING_PENDING,Automated metadata prioritization; no eligibility decision,2026-09-30
35911042,Does Reiki Benefit Mental Health Symptoms Above Placebo?,https://pubmed.ncbi.nlm.nih.gov/35911042/,REVIEW_CITATION_PRIORITY,Review metadata found. Consider citation chasing; do not count as independent primary replication.,SCREENING_PENDING,Automated metadata prioritization; no eligibility decision,2026-09-30
35951066,Effect of Reiki Therapy on Blood Pressure and Alcohol Consumption in Young Adults: A Clinical Trial.,https://pubmed.ncbi.nlm.nih.gov/35951066/,EMPIRICAL_REVIEW_PRIORITY,"Trial/pilot metadata found. Confirm named modality, design, outcomes and eligibility from primary material.",SCREENING_PENDING,Automated metadata prioritization; no eligibility decision,2026-09-30
35976274,Reiki for promotion of health and sleep quality in hospital nursing professionals.,https://pubmed.ncbi.nlm.nih.gov/35976274/,ABSTRACT_SCREENING_PRIORITY,Available abstract needs eligibility review; metadata hint is not an inclusion/exclusion decision.,SCREENING_PENDING,Automated metadata prioritization; no eligibility decision,2026-09-30
35981119,"Stress and Anxiety Reduction Effects of a Reiki Program During the COVID-19 Pandemic Among Employees in Lima, Peru.",https://pubmed.ncbi.nlm.nih.gov/35981119/,ABSTRACT_SCREENING_PRIORITY,Available abstract needs eligibility review; metadata hint is not an inclusion/exclusion decision.,SCREENING_PENDING,Automated metadata prioritization; no eligibility decision,2026-09-30
35997686,"The feasibility of a brief, Internet-based mantram repetition program for undergraduate students.",https://pubmed.ncbi.nlm.nih.gov/35997686/,ABSTRACT_SCREENING_PRIORITY,Available abstract needs eligibility review; metadata hint is not an inclusion/exclusion decision.,SCREENING_PENDING,Automated metadata prioritization; no eligibility decision,2026-09-30
36018960,The Christian-Science Bubble.,https://pubmed.ncbi.nlm.nih.gov/36018960/,NO_ABSTRACT_SOURCE_PRIORITY,No primary abstract returned. Read title and acquire original source; no efficacy conclusion extracted.,SCREENING_PENDING,Automated metadata prioritization; no eligibility decision,2026-09-30
36019018,A Facer for Christian Science.,https://pubmed.ncbi.nlm.nih.gov/36019018/,NO_ABSTRACT_SOURCE_PRIORITY,No primary abstract returned. Read title and acquire original source; no efficacy conclusion extracted.,SCREENING_PENDING,Automated metadata prioritization; no eligibility decision,2026-09-30
36019289,Another Word about Christian Science.,https://pubmed.ncbi.nlm.nih.gov/36019289/,NO_ABSTRACT_SOURCE_PRIORITY,No primary abstract returned. Read title and acquire original source; no efficacy conclusion extracted.,SCREENING_PENDING,Automated metadata prioritization; no eligibility decision,2026-09-30
36019904,The Christian Science Bubble.,https://pubmed.ncbi.nlm.nih.gov/36019904/,NO_ABSTRACT_SOURCE_PRIORITY,No primary abstract returned. Read title and acquire original source; no efficacy conclusion extracted.,SCREENING_PENDING,Automated metadata prioritization; no eligibility decision,2026-09-30
36020914,"Christian Science ""The Religo-Medical Masquerade"".",https://pubmed.ncbi.nlm.nih.gov/36020914/,NO_ABSTRACT_SOURCE_PRIORITY,No primary abstract returned. Read title and acquire original source; no efficacy conclusion extracted.,SCREENING_PENDING,Automated metadata prioritization; no eligibility decision,2026-09-30
36065401,"Relation of Mindfulness, Heartfulness and Well-Being in Students during the Coronavirus-Pandemic.",https://pubmed.ncbi.nlm.nih.gov/36065401/,ABSTRACT_SCREENING_PRIORITY,Available abstract needs eligibility review; metadata hint is not an inclusion/exclusion decision.,SCREENING_PENDING,Automated metadata prioritization; no eligibility decision,2026-09-30
36173262,Complementary therapies in substance use recovery with pregnant women and girls.,https://pubmed.ncbi.nlm.nih.gov/36173262/,ABSTRACT_SCREENING_PRIORITY,Available abstract needs eligibility review; metadata hint is not an inclusion/exclusion decision.,SCREENING_PENDING,Automated metadata prioritization; no eligibility decision,2026-09-30
36185309,Predicting lymphovascular invasion in clinically node-negative breast cancer detected by abbreviated magnetic resonance imaging: Transfer learning vs. radiomics.,https://pubmed.ncbi.nlm.nih.gov/36185309/,ABSTRACT_SCREENING_PRIORITY,Available abstract needs eligibility review; metadata hint is not an inclusion/exclusion decision.,SCREENING_PENDING,Automated metadata prioritization; no eligibility decision,2026-09-30
36189047,How Do You Touch an Impossible Thing?,https://pubmed.ncbi.nlm.nih.gov/36189047/,ABSTRACT_SCREENING_PRIORITY,Available abstract needs eligibility review; metadata hint is not an inclusion/exclusion decision.,SCREENING_PENDING,Automated metadata prioritization; no eligibility decision,2026-09-30
36189075,The Significance of Touch in Pediatric Physiotherapy.,https://pubmed.ncbi.nlm.nih.gov/36189075/,ABSTRACT_SCREENING_PRIORITY,Available abstract needs eligibility review; metadata hint is not an inclusion/exclusion decision.,SCREENING_PENDING,Automated metadata prioritization; no eligibility decision,2026-09-30
36278509,"The suggestive nature of words. Media coverage of homeopathy, acupuncture, reiki and Bach flower remedies in Spanish press 2011-2016.",https://pubmed.ncbi.nlm.nih.gov/36278509/,ABSTRACT_SCREENING_PRIORITY,Available abstract needs eligibility review; metadata hint is not an inclusion/exclusion decision.,SCREENING_PENDING,Automated metadata prioritization; no eligibility decision,2026-09-30
36308730,Experiences With a Distant Reiki Intervention During the COVID-19 Pandemic Using the Science of Unitary Human Beings Framework.,https://pubmed.ncbi.nlm.nih.gov/36308730/,ABSTRACT_SCREENING_PRIORITY,Available abstract needs eligibility review; metadata hint is not an inclusion/exclusion decision.,SCREENING_PENDING,Automated metadata prioritization; no eligibility decision,2026-09-30
36317026,Effects of Heartfulness Meditation Practices on Control of Alzheimer's Disease: A Comprehensive Review.,https://pubmed.ncbi.nlm.nih.gov/36317026/,REVIEW_CITATION_PRIORITY,Review metadata found. Consider citation chasing; do not count as independent primary replication.,SCREENING_PENDING,Automated metadata prioritization; no eligibility decision,2026-09-30
36331090,The Effect of Distant Reiki Sessions on Holistic Well-Being.,https://pubmed.ncbi.nlm.nih.gov/36331090/,ABSTRACT_SCREENING_PRIORITY,Available abstract needs eligibility review; metadata hint is not an inclusion/exclusion decision.,SCREENING_PENDING,Automated metadata prioritization; no eligibility decision,2026-09-30
36427257,Mantram repetition and psychological distress: A systematic review and meta-analysis.,https://pubmed.ncbi.nlm.nih.gov/36427257/,REVIEW_CITATION_PRIORITY,Review metadata found. Consider citation chasing; do not count as independent primary replication.,SCREENING_PENDING,Automated metadata prioritization; no eligibility decision,2026-09-30
36444780,A systematic review of interventional trials reporting relationships between silent mantram repetition and health in adults.,https://pubmed.ncbi.nlm.nih.gov/36444780/,REVIEW_CITATION_PRIORITY,Review metadata found. Consider citation chasing; do not count as independent primary replication.,SCREENING_PENDING,Automated metadata prioritization; no eligibility decision,2026-09-30
36445978,Integrative Oncology in Young Women With Breast Cancer.,https://pubmed.ncbi.nlm.nih.gov/36445978/,ABSTRACT_SCREENING_PRIORITY,Available abstract needs eligibility review; metadata hint is not an inclusion/exclusion decision.,SCREENING_PENDING,Automated metadata prioritization; no eligibility decision,2026-09-30
36458088,Acceptability and feasibility of the Heartfulness Way: A social-emotional learning program for school-going adolescents in India.,https://pubmed.ncbi.nlm.nih.gov/36458088/,ABSTRACT_SCREENING_PRIORITY,Available abstract needs eligibility review; metadata hint is not an inclusion/exclusion decision.,SCREENING_PENDING,Automated metadata prioritization; no eligibility decision,2026-09-30
36476354,The effect of acupressure or reiki interventions on the levels of pain and fatigue of cancer patients receiving palliative care: A randomized controlled study.,https://pubmed.ncbi.nlm.nih.gov/36476354/,EMPIRICAL_REVIEW_PRIORITY,"Trial/pilot metadata found. Confirm named modality, design, outcomes and eligibility from primary material.",SCREENING_PENDING,Automated metadata prioritization; no eligibility decision,2026-09-30
36492029,Christian Science.,https://pubmed.ncbi.nlm.nih.gov/36492029/,NO_ABSTRACT_SOURCE_PRIORITY,No primary abstract returned. Read title and acquire original source; no efficacy conclusion extracted.,SCREENING_PENDING,Automated metadata prioritization; no eligibility decision,2026-09-30
36492243,Christian Science Outdone.,https://pubmed.ncbi.nlm.nih.gov/36492243/,NO_ABSTRACT_SOURCE_PRIORITY,No primary abstract returned. Read title and acquire original source; no efficacy conclusion extracted.,SCREENING_PENDING,Automated metadata prioritization; no eligibility decision,2026-09-30
36493236,Christian Science.,https://pubmed.ncbi.nlm.nih.gov/36493236/,NO_ABSTRACT_SOURCE_PRIORITY,No primary abstract returned. Read title and acquire original source; no efficacy conclusion extracted.,SCREENING_PENDING,Automated metadata prioritization; no eligibility decision,2026-09-30
36493280,"""Christian Science"" Cures.",https://pubmed.ncbi.nlm.nih.gov/36493280/,NO_ABSTRACT_SOURCE_PRIORITY,No primary abstract returned. Read title and acquire original source; no efficacy conclusion extracted.,SCREENING_PENDING,Automated metadata prioritization; no eligibility decision,2026-09-30
36505903,The Effect of Heartfulness Meditation Program on Burnout and Satisfaction With Life Among Accounting Professionals.,https://pubmed.ncbi.nlm.nih.gov/36505903/,ABSTRACT_SCREENING_PRIORITY,Available abstract needs eligibility review; metadata hint is not an inclusion/exclusion decision.,SCREENING_PENDING,Automated metadata prioritization; no eligibility decision,2026-09-30
36514421,Patient Reported Outcomes of Scalp and Forehead Reconstruction for Defects Following Oncological Resections (North-East Indian Tertiary Cancer Centre Study).,https://pubmed.ncbi.nlm.nih.gov/36514421/,MANUALLY_REVIEWED_RECORD,Scalp/forehead oncological surgical reconstruction outcomes using tissue bio-geometry. Not BioGeometry energy treatment.,PRIMARY_RECORD_REVIEWED,ILMB single-reviewer primary-record review,2026-09-30
36517809,Use of complementary and alternative medicine in pregnancy and labour pain: a cross-sectional study from turkey.,https://pubmed.ncbi.nlm.nih.gov/36517809/,ABSTRACT_SCREENING_PRIORITY,Available abstract needs eligibility review; metadata hint is not an inclusion/exclusion decision.,SCREENING_PENDING,Automated metadata prioritization; no eligibility decision,2026-09-30
36529594,The effect of therapeutic touch and music rest on sleep parameters in children with liver transplantation.,https://pubmed.ncbi.nlm.nih.gov/36529594/,ABSTRACT_SCREENING_PRIORITY,Available abstract needs eligibility review; metadata hint is not an inclusion/exclusion decision.,SCREENING_PENDING,Automated metadata prioritization; no eligibility decision,2026-09-30
36646612,The effect of Reiki on fatigue and comfort in hemodialysis patients.,https://pubmed.ncbi.nlm.nih.gov/36646612/,EMPIRICAL_REVIEW_PRIORITY,"Trial/pilot metadata found. Confirm named modality, design, outcomes and eligibility from primary material.",SCREENING_PENDING,Automated metadata prioritization; no eligibility decision,2026-09-30
36693813,"Configuring the Professional Touch in Physical Examinations in Chinese Outpatient Clinical Interaction: Talk, Touch, Professional Vision, and Intersubjectivity.",https://pubmed.ncbi.nlm.nih.gov/36693813/,ABSTRACT_SCREENING_PRIORITY,Available abstract needs eligibility review; metadata hint is not an inclusion/exclusion decision.,SCREENING_PENDING,Automated metadata prioritization; no eligibility decision,2026-09-30
36714962,Healing Touch: A Strategy for Acute Care Nurses' Stress Reduction.,https://pubmed.ncbi.nlm.nih.gov/36714962/,NOTICE_CHECK_PRIORITY,Linked notice/publication type detected; reconcile original and notice before use.,SCREENING_PENDING,Automated metadata prioritization; no eligibility decision,2026-09-30
36777474,Who Sticks with Meditation? Rates and Predictors of Persistence in a Population-based Sample in the USA.,https://pubmed.ncbi.nlm.nih.gov/36777474/,ABSTRACT_SCREENING_PRIORITY,Available abstract needs eligibility review; metadata hint is not an inclusion/exclusion decision.,SCREENING_PENDING,Automated metadata prioritization; no eligibility decision,2026-09-30
36810482,Prevention and Treatment of Chemotherapy-Induced Peripheral Neuropathy (CIPN) with Non-Pharmacological Interventions: Clinical Recommendations from a Systematic Scoping Review and an Expert Consensus Process.,https://pubmed.ncbi.nlm.nih.gov/36810482/,ABSTRACT_SCREENING_PRIORITY,Available abstract needs eligibility review; metadata hint is not an inclusion/exclusion decision.,SCREENING_PENDING,Automated metadata prioritization; no eligibility decision,2026-09-30
36884770,The Christian Science Deception.,https://pubmed.ncbi.nlm.nih.gov/36884770/,NO_ABSTRACT_SOURCE_PRIORITY,No primary abstract returned. Read title and acquire original source; no efficacy conclusion extracted.,SCREENING_PENDING,Automated metadata prioritization; no eligibility decision,2026-09-30
36884775,Christian Science Methods.,https://pubmed.ncbi.nlm.nih.gov/36884775/,NO_ABSTRACT_SOURCE_PRIORITY,No primary abstract returned. Read title and acquire original source; no efficacy conclusion extracted.,SCREENING_PENDING,Automated metadata prioritization; no eligibility decision,2026-09-30
36886317,Christian Science.,https://pubmed.ncbi.nlm.nih.gov/36886317/,NO_ABSTRACT_SOURCE_PRIORITY,No primary abstract returned. Read title and acquire original source; no efficacy conclusion extracted.,SCREENING_PENDING,Automated metadata prioritization; no eligibility decision,2026-09-30
36887218,Harold Frederic and Christian Science.,https://pubmed.ncbi.nlm.nih.gov/36887218/,NO_ABSTRACT_SOURCE_PRIORITY,No primary abstract returned. Read title and acquire original source; no efficacy conclusion extracted.,SCREENING_PENDING,Automated metadata prioritization; no eligibility decision,2026-09-30
36887248,Christian Science-A Sociological Study.,https://pubmed.ncbi.nlm.nih.gov/36887248/,NO_ABSTRACT_SOURCE_PRIORITY,No primary abstract returned. Read title and acquire original source; no efficacy conclusion extracted.,SCREENING_PENDING,Automated metadata prioritization; no eligibility decision,2026-09-30
36891912,Epigenomic impacts of meditative practices.,https://pubmed.ncbi.nlm.nih.gov/36891912/,REVIEW_CITATION_PRIORITY,Review metadata found. Consider citation chasing; do not count as independent primary replication.,SCREENING_PENDING,Automated metadata prioritization; no eligibility decision,2026-09-30
36923275,Therapeutic touch and therapeutic alliance in pediatric care and neonatology: An active inference framework.,https://pubmed.ncbi.nlm.nih.gov/36923275/,ABSTRACT_SCREENING_PRIORITY,Available abstract needs eligibility review; metadata hint is not an inclusion/exclusion decision.,SCREENING_PENDING,Automated metadata prioritization; no eligibility decision,2026-09-30
36925913,MRI-based pre-Radiomics and delta-Radiomics models accurately predict the post-treatment response of rectal adenocarcinoma to neoadjuvant chemoradiotherapy.,https://pubmed.ncbi.nlm.nih.gov/36925913/,ABSTRACT_SCREENING_PRIORITY,Available abstract needs eligibility review; metadata hint is not an inclusion/exclusion decision.,SCREENING_PENDING,Automated metadata prioritization; no eligibility decision,2026-09-30
36938168,"Effect of Heartfulness Meditation Among Long-Term, Short-Term and Non-meditators on Prefrontal Cortex Activity of Brain Using Machine Learning Classification: A Cross-Sectional Study.",https://pubmed.ncbi.nlm.nih.gov/36938168/,ABSTRACT_SCREENING_PRIORITY,Available abstract needs eligibility review; metadata hint is not an inclusion/exclusion decision.,SCREENING_PENDING,Automated metadata prioritization; no eligibility decision,2026-09-30
36949832,Heartfulness Meditation Alters Electroencephalogram Oscillations: An Electroencephalogram Study.,https://pubmed.ncbi.nlm.nih.gov/36949832/,ABSTRACT_SCREENING_PRIORITY,Available abstract needs eligibility review; metadata hint is not an inclusion/exclusion decision.,SCREENING_PENDING,Automated metadata prioritization; no eligibility decision,2026-09-30
36953269,Christian Science(?).,https://pubmed.ncbi.nlm.nih.gov/36953269/,NO_ABSTRACT_SOURCE_PRIORITY,No primary abstract returned. Read title and acquire original source; no efficacy conclusion extracted.,SCREENING_PENDING,Automated metadata prioritization; no eligibility decision,2026-09-30
36954329,"""Christian Science"" and the Practice of Medicine.",https://pubmed.ncbi.nlm.nih.gov/36954329/,NO_ABSTRACT_SOURCE_PRIORITY,No primary abstract returned. Read title and acquire original source; no efficacy conclusion extracted.,SCREENING_PENDING,Automated metadata prioritization; no eligibility decision,2026-09-30
36954359,Christian Science and the Law.,https://pubmed.ncbi.nlm.nih.gov/36954359/,NO_ABSTRACT_SOURCE_PRIORITY,No primary abstract returned. Read title and acquire original source; no efficacy conclusion extracted.,SCREENING_PENDING,Automated metadata prioritization; no eligibility decision,2026-09-30
36954376,"The Reductio Ad Absurdum of ""Christian Science"".",https://pubmed.ncbi.nlm.nih.gov/36954376/,NO_ABSTRACT_SOURCE_PRIORITY,No primary abstract returned. Read title and acquire original source; no efficacy conclusion extracted.,SCREENING_PENDING,Automated metadata prioritization; no eligibility decision,2026-09-30
36955252,Christian Science and Diphtheria; Important Decision.,https://pubmed.ncbi.nlm.nih.gov/36955252/,NO_ABSTRACT_SOURCE_PRIORITY,No primary abstract returned. Read title and acquire original source; no efficacy conclusion extracted.,SCREENING_PENDING,Automated metadata prioritization; no eligibility decision,2026-09-30
36981851,"Heartfulness in Vegans, Vegetarians, and Omnivores.",https://pubmed.ncbi.nlm.nih.gov/36981851/,ABSTRACT_SCREENING_PRIORITY,Available abstract needs eligibility review; metadata hint is not an inclusion/exclusion decision.,SCREENING_PENDING,Automated metadata prioritization; no eligibility decision,2026-09-30
37070840,Evaluation of the Impacts of Reiki Touch Therapy on Patients Diagnosed With Fibromyalgia Who Are Followed in the Pain Clinic.,https://pubmed.ncbi.nlm.nih.gov/37070840/,ABSTRACT_SCREENING_PRIORITY,Available abstract needs eligibility review; metadata hint is not an inclusion/exclusion decision.,SCREENING_PENDING,Automated metadata prioritization; no eligibility decision,2026-09-30
37103669,A Meditation Based Cognitive Therapy (HMBCT) for Primary Insomnia: A Treatment Feasibility Pilot Study.,https://pubmed.ncbi.nlm.nih.gov/37103669/,EMPIRICAL_REVIEW_PRIORITY,"Trial/pilot metadata found. Confirm named modality, design, outcomes and eligibility from primary material.",SCREENING_PENDING,Automated metadata prioritization; no eligibility decision,2026-09-30
37119543,Understanding Pranic Energy Experiences: A Qualitative Approach.,https://pubmed.ncbi.nlm.nih.gov/37119543/,MANUALLY_REVIEWED_RECORD,"100 participants' hand-sensitization reports from 2014, retrospective qualitative analysis explicitly using Master Choa Kok Sui practice. Sensation themes do not objectively demonstrate prana detection or controlled treatment benefit.",PRIMARY_RECORD_REVIEWED,ILMB single-reviewer primary-record review,2026-09-30
37184330,Comparison of mother's therapeutic touch and voice stimulus in reduce pain in premature infants undergoing invasive procedures.,https://pubmed.ncbi.nlm.nih.gov/37184330/,ABSTRACT_SCREENING_PRIORITY,Available abstract needs eligibility review; metadata hint is not an inclusion/exclusion decision.,SCREENING_PENDING,Automated metadata prioritization; no eligibility decision,2026-09-30
37193512,Millets (Shrianna) and lifestyle diseases: A healing touch.,https://pubmed.ncbi.nlm.nih.gov/37193512/,REVIEW_CITATION_PRIORITY,Review metadata found. Consider citation chasing; do not count as independent primary replication.,SCREENING_PENDING,Automated metadata prioritization; no eligibility decision,2026-09-30
37270354,Client experiences of virtual energy healing.,https://pubmed.ncbi.nlm.nih.gov/37270354/,NOTICE_CHECK_PRIORITY,Linked notice/publication type detected; reconcile original and notice before use.,SCREENING_PENDING,Automated metadata prioritization; no eligibility decision,2026-09-30
37325440,Differential In Vivo Effects on Cancer Models by Recorded Magnetic Signals Derived From a Healing Technique.,https://pubmed.ncbi.nlm.nih.gov/37325440/,MANUALLY_REVIEWED_RECORD,"Recorded Bengston signals four hours daily approximately one month in three mouse cancer models. Breast-tumor effect reported, melanoma largely null, bladder tumors failed to develop. Sample/room confounding/full bias review pending; no human anticancer efficacy established.",PRIMARY_RECORD_REVIEWED,ILMB single-reviewer primary-record review,2026-09-30
37342727,An Exploratory Analysis of the Association Between Hospital Labor Costs and the Quality of Care.,https://pubmed.ncbi.nlm.nih.gov/37342727/,ABSTRACT_SCREENING_PRIORITY,Available abstract needs eligibility review; metadata hint is not an inclusion/exclusion decision.,SCREENING_PENDING,Automated metadata prioritization; no eligibility decision,2026-09-30
37404216,Non-Pharmacologic Approaches to Sleep Problems for Palliative Care Cancer Patients: A Systematic Review.,https://pubmed.ncbi.nlm.nih.gov/37404216/,ABSTRACT_SCREENING_PRIORITY,Available abstract needs eligibility review; metadata hint is not an inclusion/exclusion decision.,SCREENING_PENDING,Automated metadata prioritization; no eligibility decision,2026-09-30
37416675,Development of value-added sustainable products from paper mill sludge: An experimental approach.,https://pubmed.ncbi.nlm.nih.gov/37416675/,ABSTRACT_SCREENING_PRIORITY,Available abstract needs eligibility review; metadata hint is not an inclusion/exclusion decision.,SCREENING_PENDING,Automated metadata prioritization; no eligibility decision,2026-09-30
37492023,The process of implementing culture change across a city-operated long-term care home and the importance of stakeholder engagement.,https://pubmed.ncbi.nlm.nih.gov/37492023/,ABSTRACT_SCREENING_PRIORITY,Available abstract needs eligibility review; metadata hint is not an inclusion/exclusion decision.,SCREENING_PENDING,Automated metadata prioritization; no eligibility decision,2026-09-30
37577894,"[Clinical thinking of acupuncture for snoring based on ""disharmony qi leads to restlessness""].",https://pubmed.ncbi.nlm.nih.gov/37577894/,ABSTRACT_SCREENING_PRIORITY,Available abstract needs eligibility review; metadata hint is not an inclusion/exclusion decision.,SCREENING_PENDING,Automated metadata prioritization; no eligibility decision,2026-09-30
37595119,The Effect of Reiki on Pain Applied to Patients With Cancer: A Systematic Review.,https://pubmed.ncbi.nlm.nih.gov/37595119/,REVIEW_CITATION_PRIORITY,Review metadata found. Consider citation chasing; do not count as independent primary replication.,SCREENING_PENDING,Automated metadata prioritization; no eligibility decision,2026-09-30
37601988,Prophylactic Use of Mepitel® Film to Prevent Radiation-Induced Moist Desquamation in Cancer Patients.,https://pubmed.ncbi.nlm.nih.gov/37601988/,NOTICE_CHECK_PRIORITY,Linked notice/publication type detected; reconcile original and notice before use.,SCREENING_PENDING,Automated metadata prioritization; no eligibility decision,2026-09-30
37614464,Evaluation of a Distance Reiki Program for Frontline Healthcare Workers' Health-Related Quality of Life During the COVID-19 Pandemic.,https://pubmed.ncbi.nlm.nih.gov/37614464/,ABSTRACT_SCREENING_PRIORITY,Available abstract needs eligibility review; metadata hint is not an inclusion/exclusion decision.,SCREENING_PENDING,Automated metadata prioritization; no eligibility decision,2026-09-30
37640590,The effect of therapeutic touch on sleep quality and fatigue in menopausal women.,https://pubmed.ncbi.nlm.nih.gov/37640590/,EMPIRICAL_REVIEW_PRIORITY,"Trial/pilot metadata found. Confirm named modality, design, outcomes and eligibility from primary material.",SCREENING_PENDING,Automated metadata prioritization; no eligibility decision,2026-09-30
37711602,"Perception of Subtle Energy ""Prana"", and Its Effects During Biofield Practices: A Qualitative Meta-Synthesis.",https://pubmed.ncbi.nlm.nih.gov/37711602/,MANUALLY_REVIEWED_RECORD,Qualitative meta-synthesis of 19 heterogeneous prana/biofield perception studies. Describes felt experiences; no objective energy validation or independent clinical replication.,PRIMARY_RECORD_REVIEWED,ILMB single-reviewer primary-record review,2026-09-30
37738314,Non-pharmacological therapies for cancer patients in Portugal and Brazil: an experience report.,https://pubmed.ncbi.nlm.nih.gov/37738314/,ABSTRACT_SCREENING_PRIORITY,Available abstract needs eligibility review; metadata hint is not an inclusion/exclusion decision.,SCREENING_PENDING,Automated metadata prioritization; no eligibility decision,2026-09-30
37780621,A multicenter study on the application of artificial intelligence radiological characteristics to predict prognosis after percutaneous nephrolithotomy.,https://pubmed.ncbi.nlm.nih.gov/37780621/,ABSTRACT_SCREENING_PRIORITY,Available abstract needs eligibility review; metadata hint is not an inclusion/exclusion decision.,SCREENING_PENDING,Automated metadata prioritization; no eligibility decision,2026-09-30
37788602,Patient Perceptions of Integrating Meditation-based Interventions in Office-based Opioid Treatment with Buprenorphine: A Mixed-methods Survey.,https://pubmed.ncbi.nlm.nih.gov/37788602/,ABSTRACT_SCREENING_PRIORITY,Available abstract needs eligibility review; metadata hint is not an inclusion/exclusion decision.,SCREENING_PENDING,Automated metadata prioritization; no eligibility decision,2026-09-30
37792581,Implementing Healing Touch Pilot in an Inpatient Rehabilitation Unit: Reductions in Pain and Anxiety.,https://pubmed.ncbi.nlm.nih.gov/37792581/,ABSTRACT_SCREENING_PRIORITY,Available abstract needs eligibility review; metadata hint is not an inclusion/exclusion decision.,SCREENING_PENDING,Automated metadata prioritization; no eligibility decision,2026-09-30
37797350,Effect of Heartfulness meditation based integrative therapy on infertility outcomes: A retrospective case series evaluation.,https://pubmed.ncbi.nlm.nih.gov/37797350/,ABSTRACT_SCREENING_PRIORITY,Available abstract needs eligibility review; metadata hint is not an inclusion/exclusion decision.,SCREENING_PENDING,Automated metadata prioritization; no eligibility decision,2026-09-30
37851347,Effects of Reiki on the Perception of Quality of Life Determined by the Questionnaire WHOQOL-BREF.,https://pubmed.ncbi.nlm.nih.gov/37851347/,ABSTRACT_SCREENING_PRIORITY,Available abstract needs eligibility review; metadata hint is not an inclusion/exclusion decision.,SCREENING_PENDING,Automated metadata prioritization; no eligibility decision,2026-09-30
37851350,"The Effect of Reiki and Aromatherapy on Vital Signs, Oxygen Saturation, and Anxiety Level in Patients Undergoing Upper Gastrointestinal Endoscopy: A Randomized Controlled Study.",https://pubmed.ncbi.nlm.nih.gov/37851350/,EMPIRICAL_REVIEW_PRIORITY,"Trial/pilot metadata found. Confirm named modality, design, outcomes and eligibility from primary material.",SCREENING_PENDING,Automated metadata prioritization; no eligibility decision,2026-09-30
37859402,Healing Touch: A Strategy for Acute Care Nurses' Stress Reduction.,https://pubmed.ncbi.nlm.nih.gov/37859402/,NO_ABSTRACT_SOURCE_PRIORITY,No primary abstract returned. Read title and acquire original source; no efficacy conclusion extracted.,SCREENING_PENDING,Automated metadata prioritization; no eligibility decision,2026-09-30
37874963,"The effects of therapeutic touch and music on sleep quality, menopausal symptoms, and quality of life in menopausal women.",https://pubmed.ncbi.nlm.nih.gov/37874963/,ABSTRACT_SCREENING_PRIORITY,Available abstract needs eligibility review; metadata hint is not an inclusion/exclusion decision.,SCREENING_PENDING,Automated metadata prioritization; no eligibility decision,2026-09-30
37926497,[Healing the mind by healing the body in anorexia nervosa].,https://pubmed.ncbi.nlm.nih.gov/37926497/,ABSTRACT_SCREENING_PRIORITY,Available abstract needs eligibility review; metadata hint is not an inclusion/exclusion decision.,SCREENING_PENDING,Automated metadata prioritization; no eligibility decision,2026-09-30
37931880,A Radiomics Model Based on CT Images Combined with Multiple Machine Learning Models to Predict the Prognosis of Spontaneous Intracerebral Hemorrhage.,https://pubmed.ncbi.nlm.nih.gov/37931880/,ABSTRACT_SCREENING_PRIORITY,Available abstract needs eligibility review; metadata hint is not an inclusion/exclusion decision.,SCREENING_PENDING,Automated metadata prioritization; no eligibility decision,2026-09-30
37957605,Monitoring the neural activity associated with praying in Sahaja Yoga meditation.,https://pubmed.ncbi.nlm.nih.gov/37957605/,ABSTRACT_SCREENING_PRIORITY,Available abstract needs eligibility review; metadata hint is not an inclusion/exclusion decision.,SCREENING_PENDING,Automated metadata prioritization; no eligibility decision,2026-09-30
37966988,The Effect of Reiki Intervention on Fatigue and Anxiety in Hemodialysis Patients: A Randomized Controlled Study.,https://pubmed.ncbi.nlm.nih.gov/37966988/,EMPIRICAL_REVIEW_PRIORITY,"Trial/pilot metadata found. Confirm named modality, design, outcomes and eligibility from primary material.",SCREENING_PENDING,Automated metadata prioritization; no eligibility decision,2026-09-30
37966989,Global Meditation Practices: A Literature Review.,https://pubmed.ncbi.nlm.nih.gov/37966989/,REVIEW_CITATION_PRIORITY,Review metadata found. Consider citation chasing; do not count as independent primary replication.,SCREENING_PENDING,Automated metadata prioritization; no eligibility decision,2026-09-30
37968599,The value of a dual-energy CT Iodine map radiomics model for the prediction of collagen fiber content in the ccRCC tumor microenvironment.,https://pubmed.ncbi.nlm.nih.gov/37968599/,ABSTRACT_SCREENING_PRIORITY,Available abstract needs eligibility review; metadata hint is not an inclusion/exclusion decision.,SCREENING_PENDING,Automated metadata prioritization; no eligibility decision,2026-09-30
38025468,Effect of Heartfulness meditation program on perceived stress and satisfaction with life of female students.,https://pubmed.ncbi.nlm.nih.gov/38025468/,ABSTRACT_SCREENING_PRIORITY,Available abstract needs eligibility review; metadata hint is not an inclusion/exclusion decision.,SCREENING_PENDING,Automated metadata prioritization; no eligibility decision,2026-09-30
38030555,The Effect of Distant Reiki Applied to Individuals with Extremity Amputation on Pain Level and Holistic Well-Being: A Quasi-experimental Study.,https://pubmed.ncbi.nlm.nih.gov/38030555/,ABSTRACT_SCREENING_PRIORITY,Available abstract needs eligibility review; metadata hint is not an inclusion/exclusion decision.,SCREENING_PENDING,Automated metadata prioritization; no eligibility decision,2026-09-30
38131135,Reiki intervention for supporting healthcare professional care behaviors in pediatric palliative care: A pilot study.,https://pubmed.ncbi.nlm.nih.gov/38131135/,EMPIRICAL_REVIEW_PRIORITY,"Trial/pilot metadata found. Confirm named modality, design, outcomes and eligibility from primary material.",SCREENING_PENDING,Automated metadata prioritization; no eligibility decision,2026-09-30
38152342,Yoga Plus Mantram Repetition to Reduce Chronic Pain in Veterans With Post-Traumatic Stress Disorder: A Feasibility Trial.,https://pubmed.ncbi.nlm.nih.gov/38152342/,ABSTRACT_SCREENING_PRIORITY,Available abstract needs eligibility review; metadata hint is not an inclusion/exclusion decision.,SCREENING_PENDING,Automated metadata prioritization; no eligibility decision,2026-09-30
38159779,"The economics of nature's healing touch: A systematic review and conceptual framework of green space, pharmaceutical prescriptions, and healthcare expenditure associations.",https://pubmed.ncbi.nlm.nih.gov/38159779/,REVIEW_CITATION_PRIORITY,Review metadata found. Consider citation chasing; do not count as independent primary replication.,SCREENING_PENDING,Automated metadata prioritization; no eligibility decision,2026-09-30
38166894,The acceptability and feasibility of a virtual mantram program for patients with posttraumatic stress disorder and substance use disorders: mixed method results.,https://pubmed.ncbi.nlm.nih.gov/38166894/,ABSTRACT_SCREENING_PRIORITY,Available abstract needs eligibility review; metadata hint is not an inclusion/exclusion decision.,SCREENING_PENDING,Automated metadata prioritization; no eligibility decision,2026-09-30
38204769,Heart-brain Rhythmic Synchronization during Meditation: A Nonlinear Signal Analysis.,https://pubmed.ncbi.nlm.nih.gov/38204769/,ABSTRACT_SCREENING_PRIORITY,Available abstract needs eligibility review; metadata hint is not an inclusion/exclusion decision.,SCREENING_PENDING,Automated metadata prioritization; no eligibility decision,2026-09-30
38204770,Effect of Various Lengths of Respiration on Heart Rate Variability during Simple Bhramari (Humming).,https://pubmed.ncbi.nlm.nih.gov/38204770/,ABSTRACT_SCREENING_PRIORITY,Available abstract needs eligibility review; metadata hint is not an inclusion/exclusion decision.,SCREENING_PENDING,Automated metadata prioritization; no eligibility decision,2026-09-30
38218673,Implementing integrative therapies in adult critical care: Barriers and strategies.,https://pubmed.ncbi.nlm.nih.gov/38218673/,ABSTRACT_SCREENING_PRIORITY,Available abstract needs eligibility review; metadata hint is not an inclusion/exclusion decision.,SCREENING_PENDING,Automated metadata prioritization; no eligibility decision,2026-09-30
38268021,"Non-pharmacological labor pain relive methods: utilization and associated factors among midwives and maternity nurses in Najran, Saudi Arabia.",https://pubmed.ncbi.nlm.nih.gov/38268021/,ABSTRACT_SCREENING_PRIORITY,Available abstract needs eligibility review; metadata hint is not an inclusion/exclusion decision.,SCREENING_PENDING,Automated metadata prioritization; no eligibility decision,2026-09-30
38286705,Mixed-methods randomised study exploring the feasibility and acceptability of eye-movement desensitisation and reprocessing for improving the mental health of traumatised survivors of intensive care following hospital discharge: protocol.,https://pubmed.ncbi.nlm.nih.gov/38286705/,EMPIRICAL_REVIEW_PRIORITY,"Trial/pilot metadata found. Confirm named modality, design, outcomes and eligibility from primary material.",SCREENING_PENDING,Automated metadata prioritization; no eligibility decision,2026-09-30
38300148,Biofield Therapies: Guidelines for Reporting Clinical Trials.,https://pubmed.ncbi.nlm.nih.gov/38300148/,EMPIRICAL_REVIEW_PRIORITY,"Trial/pilot metadata found. Confirm named modality, design, outcomes and eligibility from primary material.",SCREENING_PENDING,Automated metadata prioritization; no eligibility decision,2026-09-30
38307809,Biofield therapies: Guidelines for reporting clinical trials.,https://pubmed.ncbi.nlm.nih.gov/38307809/,EMPIRICAL_REVIEW_PRIORITY,"Trial/pilot metadata found. Confirm named modality, design, outcomes and eligibility from primary material.",SCREENING_PENDING,Automated metadata prioritization; no eligibility decision,2026-09-30
38307816,Biofield therapies: Guidelines for reporting clinical trials.,https://pubmed.ncbi.nlm.nih.gov/38307816/,EMPIRICAL_REVIEW_PRIORITY,"Trial/pilot metadata found. Confirm named modality, design, outcomes and eligibility from primary material.",SCREENING_PENDING,Automated metadata prioritization; no eligibility decision,2026-09-30
38382911,A narrative review of research linking non-sexual social touch to sleep quality.,https://pubmed.ncbi.nlm.nih.gov/38382911/,REVIEW_CITATION_PRIORITY,Review metadata found. Consider citation chasing; do not count as independent primary replication.,SCREENING_PENDING,Automated metadata prioritization; no eligibility decision,2026-09-30
38466050,Heartfulness Cleaning and Meditation: Short-Term Effects on Attention and Affect.,https://pubmed.ncbi.nlm.nih.gov/38466050/,EMPIRICAL_REVIEW_PRIORITY,"Trial/pilot metadata found. Confirm named modality, design, outcomes and eligibility from primary material.",SCREENING_PENDING,Automated metadata prioritization; no eligibility decision,2026-09-30
38490826,Effect of reiki application on menopausal symptoms.,https://pubmed.ncbi.nlm.nih.gov/38490826/,EMPIRICAL_REVIEW_PRIORITY,"Trial/pilot metadata found. Confirm named modality, design, outcomes and eligibility from primary material.",SCREENING_PENDING,Automated metadata prioritization; no eligibility decision,2026-09-30
38498783,Paired-Related Homeobox 1-Positive Cells Are Needed for Osseointegration.,https://pubmed.ncbi.nlm.nih.gov/38498783/,ABSTRACT_SCREENING_PRIORITY,Available abstract needs eligibility review; metadata hint is not an inclusion/exclusion decision.,SCREENING_PENDING,Automated metadata prioritization; no eligibility decision,2026-09-30
38546686,"The Effect of Reiki on Pain, Functional Status, and Holistic Well-Being in Patients With Knee Osteoarthritis: A Randomized Controlled Trial.",https://pubmed.ncbi.nlm.nih.gov/38546686/,EMPIRICAL_REVIEW_PRIORITY,"Trial/pilot metadata found. Confirm named modality, design, outcomes and eligibility from primary material.",SCREENING_PENDING,Automated metadata prioritization; no eligibility decision,2026-09-30
38547155,Enhanced amygdala-anterior cingulate white matter structural connectivity in Sahaja Yoga Meditators.,https://pubmed.ncbi.nlm.nih.gov/38547155/,NOTICE_CHECK_PRIORITY,Linked notice/publication type detected; reconcile original and notice before use.,SCREENING_PENDING,Automated metadata prioritization; no eligibility decision,2026-09-30
38562055,Corrigendum to Healing Touch: A Strategy for Acute Care Nurses' Stress Reduction.,https://pubmed.ncbi.nlm.nih.gov/38562055/,NOTICE_CHECK_PRIORITY,Linked notice/publication type detected; reconcile original and notice before use.,SCREENING_PENDING,Automated metadata prioritization; no eligibility decision,2026-09-30
38563780,The use of biofield energy therapy as complementary and alternative medicine in human health care system: a narrative review and potential mechanisms.,https://pubmed.ncbi.nlm.nih.gov/38563780/,REVIEW_CITATION_PRIORITY,Review metadata found. Consider citation chasing; do not count as independent primary replication.,SCREENING_PENDING,Automated metadata prioritization; no eligibility decision,2026-09-30
38577121,Validation of the Awareness Atlas-a new measure of the manifestation of consciousness.,https://pubmed.ncbi.nlm.nih.gov/38577121/,ABSTRACT_SCREENING_PRIORITY,Available abstract needs eligibility review; metadata hint is not an inclusion/exclusion decision.,SCREENING_PENDING,Automated metadata prioritization; no eligibility decision,2026-09-30
38662012,Past Is Prologue: Ethical Issues in Pediatric Psychedelics Research and Treatment.,https://pubmed.ncbi.nlm.nih.gov/38662012/,ABSTRACT_SCREENING_PRIORITY,Available abstract needs eligibility review; metadata hint is not an inclusion/exclusion decision.,SCREENING_PENDING,Automated metadata prioritization; no eligibility decision,2026-09-30
38713142,Acute and Long-Term Effects of App-Delivered Heartfulness Meditation on Psychological Outcomes and the Endocannabinoid Signaling System in Cyclic Vomiting Syndrome.,https://pubmed.ncbi.nlm.nih.gov/38713142/,ABSTRACT_SCREENING_PRIORITY,Available abstract needs eligibility review; metadata hint is not an inclusion/exclusion decision.,SCREENING_PENDING,Automated metadata prioritization; no eligibility decision,2026-09-30
38729141,The Effect of Distance Reiki on State Test Anxiety and Test Performance: A Randomized Controlled Trial of Nursing Students.,https://pubmed.ncbi.nlm.nih.gov/38729141/,EMPIRICAL_REVIEW_PRIORITY,"Trial/pilot metadata found. Confirm named modality, design, outcomes and eligibility from primary material.",SCREENING_PENDING,Automated metadata prioritization; no eligibility decision,2026-09-30
38746536,Complementary and Alternative Medicine to Treat Fibromyalgia Symptoms. A Systematic Review.,https://pubmed.ncbi.nlm.nih.gov/38746536/,REVIEW_CITATION_PRIORITY,Review metadata found. Consider citation chasing; do not count as independent primary replication.,SCREENING_PENDING,Automated metadata prioritization; no eligibility decision,2026-09-30
38837237,Interventions for postburn pruritus.,https://pubmed.ncbi.nlm.nih.gov/38837237/,NOTICE_CHECK_PRIORITY,Linked notice/publication type detected; reconcile original and notice before use.,SCREENING_PENDING,Automated metadata prioritization; no eligibility decision,2026-09-30
38872168,Therapeutic effects of Reiki on interventions for anxiety: a meta-analysis.,https://pubmed.ncbi.nlm.nih.gov/38872168/,REVIEW_CITATION_PRIORITY,Review metadata found. Consider citation chasing; do not count as independent primary replication.,SCREENING_PENDING,Automated metadata prioritization; no eligibility decision,2026-09-30
38905700,A systematic review of manual therapy modalities and anxiety.,https://pubmed.ncbi.nlm.nih.gov/38905700/,REVIEW_CITATION_PRIORITY,Review metadata found. Consider citation chasing; do not count as independent primary replication.,SCREENING_PENDING,Automated metadata prioritization; no eligibility decision,2026-09-30
38948578,Impact of the heartfulness program on stress and sleep among healthcare professionals: Pre experimental study.,https://pubmed.ncbi.nlm.nih.gov/38948578/,ABSTRACT_SCREENING_PRIORITY,Available abstract needs eligibility review; metadata hint is not an inclusion/exclusion decision.,SCREENING_PENDING,Automated metadata prioritization; no eligibility decision,2026-09-30
38963809,Exploring the therapeutic potential of Reiki in patients with arrhythmias: a step towards holistic healing.,https://pubmed.ncbi.nlm.nih.gov/38963809/,NO_ABSTRACT_SOURCE_PRIORITY,No primary abstract returned. Read title and acquire original source; no efficacy conclusion extracted.,SCREENING_PENDING,Automated metadata prioritization; no eligibility decision,2026-09-30
38971115,The effect of reiki on fatigue and sleep quality in individuals with multiple sclerosis: a randomised controlled study.,https://pubmed.ncbi.nlm.nih.gov/38971115/,EMPIRICAL_REVIEW_PRIORITY,"Trial/pilot metadata found. Confirm named modality, design, outcomes and eligibility from primary material.",SCREENING_PENDING,Automated metadata prioritization; no eligibility decision,2026-09-30
38974327,Effectiveness of meditation on wellness management among corporate employees in India: An interventional study.,https://pubmed.ncbi.nlm.nih.gov/38974327/,ABSTRACT_SCREENING_PRIORITY,Available abstract needs eligibility review; metadata hint is not an inclusion/exclusion decision.,SCREENING_PENDING,Automated metadata prioritization; no eligibility decision,2026-09-30
38998887,The Effects of Osteopathic Manipulative Treatment on Brain Activity: A Scoping Review of MRI and EEG Studies.,https://pubmed.ncbi.nlm.nih.gov/38998887/,ABSTRACT_SCREENING_PRIORITY,Available abstract needs eligibility review; metadata hint is not an inclusion/exclusion decision.,SCREENING_PENDING,Automated metadata prioritization; no eligibility decision,2026-09-30
39010072,A study predicting long-term survival capacity in postoperative advanced gastric cancer patients based on MAOA and subcutaneous muscle fat characteristics.,https://pubmed.ncbi.nlm.nih.gov/39010072/,ABSTRACT_SCREENING_PRIORITY,Available abstract needs eligibility review; metadata hint is not an inclusion/exclusion decision.,SCREENING_PENDING,Automated metadata prioritization; no eligibility decision,2026-09-30
39035734,An MRI radiomics-based model for the prediction of invasion of the lymphovascular space in patients with cervical cancer.,https://pubmed.ncbi.nlm.nih.gov/39035734/,ABSTRACT_SCREENING_PRIORITY,Available abstract needs eligibility review; metadata hint is not an inclusion/exclusion decision.,SCREENING_PENDING,Automated metadata prioritization; no eligibility decision,2026-09-30
39042101,Zen Den: A Novel Approach to Promote Well-Being in the Workplace.,https://pubmed.ncbi.nlm.nih.gov/39042101/,ABSTRACT_SCREENING_PRIORITY,Available abstract needs eligibility review; metadata hint is not an inclusion/exclusion decision.,SCREENING_PENDING,Automated metadata prioritization; no eligibility decision,2026-09-30
39042182,The Effects of Reiki on the Stress of Japanese Nurses: Mixed Methods Pilot Study.,https://pubmed.ncbi.nlm.nih.gov/39042182/,EMPIRICAL_REVIEW_PRIORITY,"Trial/pilot metadata found. Confirm named modality, design, outcomes and eligibility from primary material.",SCREENING_PENDING,Automated metadata prioritization; no eligibility decision,2026-09-30
39042722,The Effect of Reiki on Fatigue Symptoms of Cancer Patients: A Systematic Review.,https://pubmed.ncbi.nlm.nih.gov/39042722/,REVIEW_CITATION_PRIORITY,Review metadata found. Consider citation chasing; do not count as independent primary replication.,SCREENING_PENDING,Automated metadata prioritization; no eligibility decision,2026-09-30
39043113,Effectiveness of mind-body interventions in labour pain management during normal delivery: A systematic review and meta-analysis.,https://pubmed.ncbi.nlm.nih.gov/39043113/,REVIEW_CITATION_PRIORITY,Review metadata found. Consider citation chasing; do not count as independent primary replication.,SCREENING_PENDING,Automated metadata prioritization; no eligibility decision,2026-09-30
39044890,Effect of Heartfulness Meditation on Oxidative Stress and Mindfulness in Healthy Participants.,https://pubmed.ncbi.nlm.nih.gov/39044890/,ABSTRACT_SCREENING_PRIORITY,Available abstract needs eligibility review; metadata hint is not an inclusion/exclusion decision.,SCREENING_PENDING,Automated metadata prioritization; no eligibility decision,2026-09-30
39046336,"Sound Baths, Trauma Talk, and the Wellness Paradox in the USA.",https://pubmed.ncbi.nlm.nih.gov/39046336/,ABSTRACT_SCREENING_PRIORITY,Available abstract needs eligibility review; metadata hint is not an inclusion/exclusion decision.,SCREENING_PENDING,Automated metadata prioritization; no eligibility decision,2026-09-30
39047180,Self-Care Program as a Tool for Alleviating Anxiety and Loneliness and Promoting Satisfaction With Life in High School Students and Staff: Randomized Survey Study.,https://pubmed.ncbi.nlm.nih.gov/39047180/,EMPIRICAL_REVIEW_PRIORITY,"Trial/pilot metadata found. Confirm named modality, design, outcomes and eligibility from primary material.",SCREENING_PENDING,Automated metadata prioritization; no eligibility decision,2026-09-30
39069224,Intrinsic neural timescales exhibit different lengths in distinct meditation techniques.,https://pubmed.ncbi.nlm.nih.gov/39069224/,ABSTRACT_SCREENING_PRIORITY,Available abstract needs eligibility review; metadata hint is not an inclusion/exclusion decision.,SCREENING_PENDING,Automated metadata prioritization; no eligibility decision,2026-09-30
39083412,Trait Mindfulness Moderates Treatment Outcomes in a Randomized Controlled Trial of Mantram Repetition Program for Veterans with Post-Traumatic Stress Disorder.,https://pubmed.ncbi.nlm.nih.gov/39083412/,EMPIRICAL_REVIEW_PRIORITY,"Trial/pilot metadata found. Confirm named modality, design, outcomes and eligibility from primary material.",SCREENING_PENDING,Automated metadata prioritization; no eligibility decision,2026-09-30
39097970,The impact of Reiki practice on episiotomy recovery and perineal pain: A randomized controlled study.,https://pubmed.ncbi.nlm.nih.gov/39097970/,EMPIRICAL_REVIEW_PRIORITY,"Trial/pilot metadata found. Confirm named modality, design, outcomes and eligibility from primary material.",SCREENING_PENDING,Automated metadata prioritization; no eligibility decision,2026-09-30
39115285,Gingerol containing polymeric nanofibers: a healing touch for accelerated wound recovery.,https://pubmed.ncbi.nlm.nih.gov/39115285/,ABSTRACT_SCREENING_PRIORITY,Available abstract needs eligibility review; metadata hint is not an inclusion/exclusion decision.,SCREENING_PENDING,Automated metadata prioritization; no eligibility decision,2026-09-30
39120250,"Complementary and Alternative Medicine (CAM) Practices: A Narrative Review Elucidating the Impact on Healthcare Systems, Mechanisms and Paediatric Applications.",https://pubmed.ncbi.nlm.nih.gov/39120250/,REVIEW_CITATION_PRIORITY,Review metadata found. Consider citation chasing; do not count as independent primary replication.,SCREENING_PENDING,Automated metadata prioritization; no eligibility decision,2026-09-30
39121752,The effects of Reiki application on sleep and quality of life in patients with epilepsy.,https://pubmed.ncbi.nlm.nih.gov/39121752/,EMPIRICAL_REVIEW_PRIORITY,"Trial/pilot metadata found. Confirm named modality, design, outcomes and eligibility from primary material.",SCREENING_PENDING,Automated metadata prioritization; no eligibility decision,2026-09-30
39143930,The effect of therapeutic touch on colic symptoms in infantile colic infants: A randomised controlled study.,https://pubmed.ncbi.nlm.nih.gov/39143930/,EMPIRICAL_REVIEW_PRIORITY,"Trial/pilot metadata found. Confirm named modality, design, outcomes and eligibility from primary material.",SCREENING_PENDING,Automated metadata prioritization; no eligibility decision,2026-09-30
39144513,Management of Root Fractures in Young Immature Permanent Teeth: Three Case Reports.,https://pubmed.ncbi.nlm.nih.gov/39144513/,ABSTRACT_SCREENING_PRIORITY,Available abstract needs eligibility review; metadata hint is not an inclusion/exclusion decision.,SCREENING_PENDING,Automated metadata prioritization; no eligibility decision,2026-09-30
39156622,"Global Effect on Cortical Activity in Young Indian Males in Response to ""OM"" Chanting: A High-Density Quantitative Electro-Encephalography Study.",https://pubmed.ncbi.nlm.nih.gov/39156622/,ABSTRACT_SCREENING_PRIORITY,Available abstract needs eligibility review; metadata hint is not an inclusion/exclusion decision.,SCREENING_PENDING,Automated metadata prioritization; no eligibility decision,2026-09-30
39171772,Brushing away barriers: The healing touch of art as an intervention in children with autism.,https://pubmed.ncbi.nlm.nih.gov/39171772/,NO_ABSTRACT_SOURCE_PRIORITY,No primary abstract returned. Read title and acquire original source; no efficacy conclusion extracted.,SCREENING_PENDING,Automated metadata prioritization; no eligibility decision,2026-09-30
39225031,'It's not a me thing': the role of transcendence and critical politics in Black LGBTQ wellness in Montreal.,https://pubmed.ncbi.nlm.nih.gov/39225031/,ABSTRACT_SCREENING_PRIORITY,Available abstract needs eligibility review; metadata hint is not an inclusion/exclusion decision.,SCREENING_PENDING,Automated metadata prioritization; no eligibility decision,2026-09-30
39255457,"The Effect of Reiki on the Self-Efficacy, Death Anxiety, and Sleep Quality of Patients Diagnosed With Chronic Obstructive Pulmonary Disease: A Randomized-Controlled Study.",https://pubmed.ncbi.nlm.nih.gov/39255457/,EMPIRICAL_REVIEW_PRIORITY,"Trial/pilot metadata found. Confirm named modality, design, outcomes and eligibility from primary material.",SCREENING_PENDING,Automated metadata prioritization; no eligibility decision,2026-09-30
39270308,Assessment of cognitive-motor functions in adults with perceived neuropsychological problems using NIH toolbox after remote biofield energy treatment as non-pharmacological intervention: A randomized double-blind placebo controlled trial.,https://pubmed.ncbi.nlm.nih.gov/39270308/,NOTICE_CHECK_PRIORITY,Linked notice/publication type detected; reconcile original and notice before use.,SCREENING_PENDING,Automated metadata prioritization; no eligibility decision,2026-09-30
39304481,The Power of Reiki: Its Effects on Pain and Biochemical Parameters in Patients Undergoing Bone Marrow Transplantation: A Randomized Prospective Controlled Study.,https://pubmed.ncbi.nlm.nih.gov/39304481/,EMPIRICAL_REVIEW_PRIORITY,"Trial/pilot metadata found. Confirm named modality, design, outcomes and eligibility from primary material.",SCREENING_PENDING,Automated metadata prioritization; no eligibility decision,2026-09-30
39319886,Sociodemographic and training profile of nursing professionals in the state of São Paulo in relation to Integrative and Complementary Health Practices.,https://pubmed.ncbi.nlm.nih.gov/39319886/,ABSTRACT_SCREENING_PRIORITY,Available abstract needs eligibility review; metadata hint is not an inclusion/exclusion decision.,SCREENING_PENDING,Automated metadata prioritization; no eligibility decision,2026-09-30
39327376,"Retraction Note: External Qi of Yan Xin Qigong induces cell death and gene expression alterations promoting apoptosis and inhibiting proliferation, migration and glucose metabolism in small-cell lung cancer cells.",https://pubmed.ncbi.nlm.nih.gov/39327376/,NOTICE_CHECK_PRIORITY,Linked notice/publication type detected; reconcile original and notice before use.,SCREENING_PENDING,Automated metadata prioritization; no eligibility decision,2026-09-30
39400912,Efficacy of facilitated tucking position and Reiki given to preterm infants during orogastric tube insertion: A randomised controlled trial.,https://pubmed.ncbi.nlm.nih.gov/39400912/,EMPIRICAL_REVIEW_PRIORITY,"Trial/pilot metadata found. Confirm named modality, design, outcomes and eligibility from primary material.",SCREENING_PENDING,Automated metadata prioritization; no eligibility decision,2026-09-30
39415754,Effects of Mantram Repetition on Spiritual Well-Being: A Systematic Review and Meta-Analysis.,https://pubmed.ncbi.nlm.nih.gov/39415754/,REVIEW_CITATION_PRIORITY,Review metadata found. Consider citation chasing; do not count as independent primary replication.,SCREENING_PENDING,Automated metadata prioritization; no eligibility decision,2026-09-30
39427264,An Internet Mantram Repetition Program to Promote Well-being in Breast Cancer Survivors: A Feasibility Randomized Controlled Trial.,https://pubmed.ncbi.nlm.nih.gov/39427264/,EMPIRICAL_REVIEW_PRIORITY,"Trial/pilot metadata found. Confirm named modality, design, outcomes and eligibility from primary material.",SCREENING_PENDING,Automated metadata prioritization; no eligibility decision,2026-09-30
39442826,Mulberry's healing Touch: Exploring ethnobotanical roots and medicinal potentials in the treatment of atopic dermatitis.,https://pubmed.ncbi.nlm.nih.gov/39442826/,EMPIRICAL_REVIEW_PRIORITY,"Trial/pilot metadata found. Confirm named modality, design, outcomes and eligibility from primary material.",SCREENING_PENDING,Automated metadata prioritization; no eligibility decision,2026-09-30
39480321,Evaluating the mobile Mantram Repetition Program for veterans with PTSD: A multimethod randomized feasibility trial of self-directed versus text support delivery.,https://pubmed.ncbi.nlm.nih.gov/39480321/,EMPIRICAL_REVIEW_PRIORITY,"Trial/pilot metadata found. Confirm named modality, design, outcomes and eligibility from primary material.",SCREENING_PENDING,Automated metadata prioritization; no eligibility decision,2026-09-30
39489657,"Multiparameter and Ultrasound Radiomics Nomogram to Predict the Aggressiveness of Papillary Thyroid Carcinomas: A Multicenter, Retrospective Study.",https://pubmed.ncbi.nlm.nih.gov/39489657/,ABSTRACT_SCREENING_PRIORITY,Available abstract needs eligibility review; metadata hint is not an inclusion/exclusion decision.,SCREENING_PENDING,Automated metadata prioritization; no eligibility decision,2026-09-30
39499888,Teaching Evidence-Based Medicine and Non-conventional (Alternative) Therapies in Portuguese Veterinary Schools-A Curricular Assessment.,https://pubmed.ncbi.nlm.nih.gov/39499888/,ABSTRACT_SCREENING_PRIORITY,Available abstract needs eligibility review; metadata hint is not an inclusion/exclusion decision.,SCREENING_PENDING,Automated metadata prioritization; no eligibility decision,2026-09-30
39513174,The effect of non-pharmacological methods on pain in patients undergoing open heart surgery: A systematic review and meta-analysis.,https://pubmed.ncbi.nlm.nih.gov/39513174/,ABSTRACT_SCREENING_PRIORITY,Available abstract needs eligibility review; metadata hint is not an inclusion/exclusion decision.,SCREENING_PENDING,Automated metadata prioritization; no eligibility decision,2026-09-30
39528858,Machine learning-based models for prediction of survival in medulloblastoma: a systematic review and meta-analysis.,https://pubmed.ncbi.nlm.nih.gov/39528858/,REVIEW_CITATION_PRIORITY,Review metadata found. Consider citation chasing; do not count as independent primary replication.,SCREENING_PENDING,Automated metadata prioritization; no eligibility decision,2026-09-30
39557196,Evidence-based cesarean delivery: postoperative care (part 10).,https://pubmed.ncbi.nlm.nih.gov/39557196/,REVIEW_CITATION_PRIORITY,Review metadata found. Consider citation chasing; do not count as independent primary replication.,SCREENING_PENDING,Automated metadata prioritization; no eligibility decision,2026-09-30
39565707,Study on the Impact of Expectations and Beliefs in Distance Initiation Experiences in Reiki.,https://pubmed.ncbi.nlm.nih.gov/39565707/,ABSTRACT_SCREENING_PRIORITY,Available abstract needs eligibility review; metadata hint is not an inclusion/exclusion decision.,SCREENING_PENDING,Automated metadata prioritization; no eligibility decision,2026-09-30
39602095,Effects of White Noise and Therapeutic Touch on Pain and Comfort in Newborns during Heel Lance: A Randomized Controlled Study.,https://pubmed.ncbi.nlm.nih.gov/39602095/,EMPIRICAL_REVIEW_PRIORITY,"Trial/pilot metadata found. Confirm named modality, design, outcomes and eligibility from primary material.",SCREENING_PENDING,Automated metadata prioritization; no eligibility decision,2026-09-30
39613272,Evaluation of a Reiki Volunteer Program within Two Cancer Infusion Centers.,https://pubmed.ncbi.nlm.nih.gov/39613272/,EMPIRICAL_REVIEW_PRIORITY,"Trial/pilot metadata found. Confirm named modality, design, outcomes and eligibility from primary material.",SCREENING_PENDING,Automated metadata prioritization; no eligibility decision,2026-09-30
39639605,Transformative Nature of Therapeutic Touch® as Compassion Meditation: Sculpting From Within.,https://pubmed.ncbi.nlm.nih.gov/39639605/,ABSTRACT_SCREENING_PRIORITY,Available abstract needs eligibility review; metadata hint is not an inclusion/exclusion decision.,SCREENING_PENDING,Automated metadata prioritization; no eligibility decision,2026-09-30
39671363,Use of integrative and complementary practices in Brazil during the COVID-19 pandemic.,https://pubmed.ncbi.nlm.nih.gov/39671363/,ABSTRACT_SCREENING_PRIORITY,Available abstract needs eligibility review; metadata hint is not an inclusion/exclusion decision.,SCREENING_PENDING,Automated metadata prioritization; no eligibility decision,2026-09-30
39678747,Utility of Keystone Flap in Armory of Dermatosurgeons.,https://pubmed.ncbi.nlm.nih.gov/39678747/,MANUALLY_REVIEWED_RECORD,Keystone surgical flap reconstruction with anatomical bio-geometry; no named BioGeometry energy treatment.,PRIMARY_RECORD_REVIEWED,ILMB single-reviewer primary-record review,2026-09-30
39680900,Emotional Touch Nursing Competencies Model of the Fourth Industrial Revolution: Instrument Validation Study.,https://pubmed.ncbi.nlm.nih.gov/39680900/,ABSTRACT_SCREENING_PRIORITY,Available abstract needs eligibility review; metadata hint is not an inclusion/exclusion decision.,SCREENING_PENDING,Automated metadata prioritization; no eligibility decision,2026-09-30
39702917,Nurse stress relief: A pilot study on the impact of healing touch and chakra techniques on well-being.,https://pubmed.ncbi.nlm.nih.gov/39702917/,EMPIRICAL_REVIEW_PRIORITY,"Trial/pilot metadata found. Confirm named modality, design, outcomes and eligibility from primary material.",SCREENING_PENDING,Automated metadata prioritization; no eligibility decision,2026-09-30
39715572,Reiki and Humanistic Theory: Common Ground for Holistic Counseling.,https://pubmed.ncbi.nlm.nih.gov/39715572/,REVIEW_CITATION_PRIORITY,Review metadata found. Consider citation chasing; do not count as independent primary replication.,SCREENING_PENDING,Automated metadata prioritization; no eligibility decision,2026-09-30
39742029,"Designing, Validation, and Feasibility of Integrated Approach of Heartfulness Meditation and Yoga Protocol (IAHFNM & YP) for Hypertensive Participants.",https://pubmed.ncbi.nlm.nih.gov/39742029/,ABSTRACT_SCREENING_PRIORITY,Available abstract needs eligibility review; metadata hint is not an inclusion/exclusion decision.,SCREENING_PENDING,Automated metadata prioritization; no eligibility decision,2026-09-30
39789222,Adjunctive Mantram Repetition Program to Promote Lifestyle Modifications for Managing Impaired Glucose Tolerance: A Case Report from the USA.,https://pubmed.ncbi.nlm.nih.gov/39789222/,ABSTRACT_SCREENING_PRIORITY,Available abstract needs eligibility review; metadata hint is not an inclusion/exclusion decision.,SCREENING_PENDING,Automated metadata prioritization; no eligibility decision,2026-09-30
39827748,The effect of Reiki on anxiety level in mothers of hospitalized children: A randomized-controlled study.,https://pubmed.ncbi.nlm.nih.gov/39827748/,EMPIRICAL_REVIEW_PRIORITY,"Trial/pilot metadata found. Confirm named modality, design, outcomes and eligibility from primary material.",SCREENING_PENDING,Automated metadata prioritization; no eligibility decision,2026-09-30
39854162,Biofield Therapies Clinical Research Landscape: A Scoping Review and Interactive Evidence Map.,https://pubmed.ncbi.nlm.nih.gov/39854162/,ABSTRACT_SCREENING_PRIORITY,Available abstract needs eligibility review; metadata hint is not an inclusion/exclusion decision.,SCREENING_PENDING,Automated metadata prioritization; no eligibility decision,2026-09-30
39877285,A Study on Quantification of the Effects of Heartfulness Meditation Intervention in Healthcare Professionals by Anchor-Based Method in Occupational Health Psychology.,https://pubmed.ncbi.nlm.nih.gov/39877285/,ABSTRACT_SCREENING_PRIORITY,Available abstract needs eligibility review; metadata hint is not an inclusion/exclusion decision.,SCREENING_PENDING,Automated metadata prioritization; no eligibility decision,2026-09-30
39899546,Investigation of Non-Pharmacological Distant Energy Therapy in Adults with Self-Perceived Mental and Psychological Health Problems: Proof-of-Concept Randomized Controlled Trial.,https://pubmed.ncbi.nlm.nih.gov/39899546/,EMPIRICAL_REVIEW_PRIORITY,"Trial/pilot metadata found. Confirm named modality, design, outcomes and eligibility from primary material.",SCREENING_PENDING,Automated metadata prioritization; no eligibility decision,2026-09-30
39905265,Sound healing and beyond.,https://pubmed.ncbi.nlm.nih.gov/39905265/,NO_ABSTRACT_SOURCE_PRIORITY,No primary abstract returned. Read title and acquire original source; no efficacy conclusion extracted.,SCREENING_PENDING,Automated metadata prioritization; no eligibility decision,2026-09-30
39908578,"Investigation of the Effect of Reiki on Pain, Fatigue, and Itching in Hemodialysis Patients: Randomized Controlled Trial.",https://pubmed.ncbi.nlm.nih.gov/39908578/,EMPIRICAL_REVIEW_PRIORITY,"Trial/pilot metadata found. Confirm named modality, design, outcomes and eligibility from primary material.",SCREENING_PENDING,Automated metadata prioritization; no eligibility decision,2026-09-30
39917985,Image Analysis as tool for Predicting Colorectal Cancer Molecular Alterations: A Scoping Review.,https://pubmed.ncbi.nlm.nih.gov/39917985/,ABSTRACT_SCREENING_PRIORITY,Available abstract needs eligibility review; metadata hint is not an inclusion/exclusion decision.,SCREENING_PENDING,Automated metadata prioritization; no eligibility decision,2026-09-30
39918364,Educating Nurses and Providers on Therapeutic Touch® in Patients With Cancer to Increase Use in an Ambulatory Palliative Care Clinic.,https://pubmed.ncbi.nlm.nih.gov/39918364/,ABSTRACT_SCREENING_PRIORITY,Available abstract needs eligibility review; metadata hint is not an inclusion/exclusion decision.,SCREENING_PENDING,Automated metadata prioritization; no eligibility decision,2026-09-30
39959512,Effectiveness of Yoga as a Complementary Therapy for Anorexia Nervosa: A Systematic Review.,https://pubmed.ncbi.nlm.nih.gov/39959512/,REVIEW_CITATION_PRIORITY,Review metadata found. Consider citation chasing; do not count as independent primary replication.,SCREENING_PENDING,Automated metadata prioritization; no eligibility decision,2026-09-30
39960276,Neural Correlates of Impulsivity and Frontal Electroencephalogram Oscillations in Heartfulness Meditators: A Cross-Sectional Study.,https://pubmed.ncbi.nlm.nih.gov/39960276/,ABSTRACT_SCREENING_PRIORITY,Available abstract needs eligibility review; metadata hint is not an inclusion/exclusion decision.,SCREENING_PENDING,Automated metadata prioritization; no eligibility decision,2026-09-30
39978672,Investigating the effects of focused attention (mantra) meditation on mismatch negativity: Insights into sensory and cognitive processing using an intensity oddball paradigm.,https://pubmed.ncbi.nlm.nih.gov/39978672/,ABSTRACT_SCREENING_PRIORITY,Available abstract needs eligibility review; metadata hint is not an inclusion/exclusion decision.,SCREENING_PENDING,Automated metadata prioritization; no eligibility decision,2026-09-30
39990966,Radiomics Integration of Mammography and DCE-MRI for Predicting Molecular Subtypes in Breast Cancer Patients.,https://pubmed.ncbi.nlm.nih.gov/39990966/,ABSTRACT_SCREENING_PRIORITY,Available abstract needs eligibility review; metadata hint is not an inclusion/exclusion decision.,SCREENING_PENDING,Automated metadata prioritization; no eligibility decision,2026-09-30
39991409,Navigating Alternative Medicine Preferences in Palliative Care: Challenges and Collaborative Solutions.,https://pubmed.ncbi.nlm.nih.gov/39991409/,ABSTRACT_SCREENING_PRIORITY,Available abstract needs eligibility review; metadata hint is not an inclusion/exclusion decision.,SCREENING_PENDING,Automated metadata prioritization; no eligibility decision,2026-09-30
40034577,Effect of Reiki on Measures of Well-Being in Low-Income Patients with Mental Health Diagnoses.,https://pubmed.ncbi.nlm.nih.gov/40034577/,ABSTRACT_SCREENING_PRIORITY,Available abstract needs eligibility review; metadata hint is not an inclusion/exclusion decision.,SCREENING_PENDING,Automated metadata prioritization; no eligibility decision,2026-09-30
40051757,Getting in Touch with Touch: The Importance of Studying Touch in MDMA-Assisted Therapy and the Development of a New Self-Report Measure.,https://pubmed.ncbi.nlm.nih.gov/40051757/,REVIEW_CITATION_PRIORITY,Review metadata found. Consider citation chasing; do not count as independent primary replication.,SCREENING_PENDING,Automated metadata prioritization; no eligibility decision,2026-09-30
40073717,Plant polyphenols in gastric cancer: Nature's healing touch.,https://pubmed.ncbi.nlm.nih.gov/40073717/,REVIEW_CITATION_PRIORITY,Review metadata found. Consider citation chasing; do not count as independent primary replication.,SCREENING_PENDING,Automated metadata prioritization; no eligibility decision,2026-09-30
40115365,[Effects of therapeutic touch in preterm infants receiving nasal CPAP: A pilot trialEfeitos do toque terapéutico em prematuros com CPAP nasal: um estudo piloto].,https://pubmed.ncbi.nlm.nih.gov/40115365/,ABSTRACT_SCREENING_PRIORITY,Available abstract needs eligibility review; metadata hint is not an inclusion/exclusion decision.,SCREENING_PENDING,Automated metadata prioritization; no eligibility decision,2026-09-30
40148795,"The effect of virtual reality (VR) glasses and therapeutic touch (TT) on pain, anxiety, and patient satisfaction during intrauterine insemination (IUI) compared to standard care: a single-blind, randomized controlled trial.",https://pubmed.ncbi.nlm.nih.gov/40148795/,EMPIRICAL_REVIEW_PRIORITY,"Trial/pilot metadata found. Confirm named modality, design, outcomes and eligibility from primary material.",SCREENING_PENDING,Automated metadata prioritization; no eligibility decision,2026-09-30
40151965,Effect of Reiki on Surgical Fear and Anxiety in Cholecystectomy Patients: A Randomized Controlled Trial.,https://pubmed.ncbi.nlm.nih.gov/40151965/,EMPIRICAL_REVIEW_PRIORITY,"Trial/pilot metadata found. Confirm named modality, design, outcomes and eligibility from primary material.",SCREENING_PENDING,Automated metadata prioritization; no eligibility decision,2026-09-30
40152697,Effectiveness of heartfulness meditation in the management of recurrent aphthous ulcers.,https://pubmed.ncbi.nlm.nih.gov/40152697/,ABSTRACT_SCREENING_PRIORITY,Available abstract needs eligibility review; metadata hint is not an inclusion/exclusion decision.,SCREENING_PENDING,Automated metadata prioritization; no eligibility decision,2026-09-30
40160720,Nursing Supports for Managing Nausea and Vomiting in Patients with Cancer Having a Prognosis of Months or Weeks: A Multisite Cross-Sectional Study of Palliative Care Nurses in Japan.,https://pubmed.ncbi.nlm.nih.gov/40160720/,ABSTRACT_SCREENING_PRIORITY,Available abstract needs eligibility review; metadata hint is not an inclusion/exclusion decision.,SCREENING_PENDING,Automated metadata prioritization; no eligibility decision,2026-09-30
40168409,Correction: Enhanced amygdala-anterior cingulate white matter structural connectivity in Sahaja Yoga Meditators.,https://pubmed.ncbi.nlm.nih.gov/40168409/,NOTICE_CHECK_PRIORITY,Linked notice/publication type detected; reconcile original and notice before use.,SCREENING_PENDING,Automated metadata prioritization; no eligibility decision,2026-09-30
40237049,Mechanisms and Characteristics of Chronic Pain in Alzheimer's Disease: A Narrative Review.,https://pubmed.ncbi.nlm.nih.gov/40237049/,REVIEW_CITATION_PRIORITY,Review metadata found. Consider citation chasing; do not count as independent primary replication.,SCREENING_PENDING,Automated metadata prioritization; no eligibility decision,2026-09-30
40281041,Striatal functional connectivity associated with Sahaja Yoga meditation.,https://pubmed.ncbi.nlm.nih.gov/40281041/,ABSTRACT_SCREENING_PRIORITY,Available abstract needs eligibility review; metadata hint is not an inclusion/exclusion decision.,SCREENING_PENDING,Automated metadata prioritization; no eligibility decision,2026-09-30
40300254,"Letter to the Editor concerning ""The effects of Reiki application on sleep and quality of life in patients with epilepsy"".",https://pubmed.ncbi.nlm.nih.gov/40300254/,NO_ABSTRACT_SOURCE_PRIORITY,No primary abstract returned. Read title and acquire original source; no efficacy conclusion extracted.,SCREENING_PENDING,Automated metadata prioritization; no eligibility decision,2026-09-30
40319664,Spirituality and neurosurgery: A salutogenic current perspective.,https://pubmed.ncbi.nlm.nih.gov/40319664/,REVIEW_CITATION_PRIORITY,Review metadata found. Consider citation chasing; do not count as independent primary replication.,SCREENING_PENDING,Automated metadata prioritization; no eligibility decision,2026-09-30
40326007,The Role of Touch in Psychedelic Therapy: Perspectives From a Survey of Practitioners in Research Settings.,https://pubmed.ncbi.nlm.nih.gov/40326007/,ABSTRACT_SCREENING_PRIORITY,Available abstract needs eligibility review; metadata hint is not an inclusion/exclusion decision.,SCREENING_PENDING,Automated metadata prioritization; no eligibility decision,2026-09-30
40332998,Reiki for Anxiety.,https://pubmed.ncbi.nlm.nih.gov/40332998/,NO_ABSTRACT_SOURCE_PRIORITY,No primary abstract returned. Read title and acquire original source; no efficacy conclusion extracted.,SCREENING_PENDING,Automated metadata prioritization; no eligibility decision,2026-09-30
40364466,Efficacy of Facilitated Tucking Position and Reiki Given to Preterm Infants During Orogastric Tube Insertion: A Randomised Controlled Trial.,https://pubmed.ncbi.nlm.nih.gov/40364466/,EMPIRICAL_REVIEW_PRIORITY,"Trial/pilot metadata found. Confirm named modality, design, outcomes and eligibility from primary material.",SCREENING_PENDING,Automated metadata prioritization; no eligibility decision,2026-09-30
40396344,"Letter to the Editor Concerning ""Efficacy of Facilitated Tucking Position and Reiki Given to Preterm Infants During Orogastric Tube Insertion: A Randomised Controlled Trial"".",https://pubmed.ncbi.nlm.nih.gov/40396344/,EMPIRICAL_REVIEW_PRIORITY,"Trial/pilot metadata found. Confirm named modality, design, outcomes and eligibility from primary material.",SCREENING_PENDING,Automated metadata prioritization; no eligibility decision,2026-09-30
40425035,Navigating Intentional and Attentional Practices for Healing Across Psychedelic and Biofield Settings: A Comparative Ethnographic Study.,https://pubmed.ncbi.nlm.nih.gov/40425035/,ABSTRACT_SCREENING_PRIORITY,Available abstract needs eligibility review; metadata hint is not an inclusion/exclusion decision.,SCREENING_PENDING,Automated metadata prioritization; no eligibility decision,2026-09-30
40547334,Autonomic and Respiratory Modulations Induced by Different Styles of Mantra Chanting.,https://pubmed.ncbi.nlm.nih.gov/40547334/,ABSTRACT_SCREENING_PRIORITY,Available abstract needs eligibility review; metadata hint is not an inclusion/exclusion decision.,SCREENING_PENDING,Automated metadata prioritization; no eligibility decision,2026-09-30
40574457,Australia's psychedelic experiment: reflections from a psychiatrist clinical researcher.,https://pubmed.ncbi.nlm.nih.gov/40574457/,ABSTRACT_SCREENING_PRIORITY,Available abstract needs eligibility review; metadata hint is not an inclusion/exclusion decision.,SCREENING_PENDING,Automated metadata prioritization; no eligibility decision,2026-09-30
40668936,Informed Consent Documents from Psychedelic Clinical Trials: A Descriptive Ethical Analysis.,https://pubmed.ncbi.nlm.nih.gov/40668936/,EMPIRICAL_REVIEW_PRIORITY,"Trial/pilot metadata found. Confirm named modality, design, outcomes and eligibility from primary material.",SCREENING_PENDING,Automated metadata prioritization; no eligibility decision,2026-09-30
40673750,"Women's Use of Traditional, Complementary, and Integrative Medicine During Infertility Treatment.",https://pubmed.ncbi.nlm.nih.gov/40673750/,ABSTRACT_SCREENING_PRIORITY,Available abstract needs eligibility review; metadata hint is not an inclusion/exclusion decision.,SCREENING_PENDING,Automated metadata prioritization; no eligibility decision,2026-09-30
40689652,The Concept of Energy in Martha Rogers' Humanistic Theory: A Theoretical Reflection.,https://pubmed.ncbi.nlm.nih.gov/40689652/,ABSTRACT_SCREENING_PRIORITY,Available abstract needs eligibility review; metadata hint is not an inclusion/exclusion decision.,SCREENING_PENDING,Automated metadata prioritization; no eligibility decision,2026-09-30
40708797,An Exploratory Study on 'Vancharya' as a Therapeutic Approach to the Bio-field of Young Adults Using Electronic Photographic Imaging.,https://pubmed.ncbi.nlm.nih.gov/40708797/,ABSTRACT_SCREENING_PRIORITY,Available abstract needs eligibility review; metadata hint is not an inclusion/exclusion decision.,SCREENING_PENDING,Automated metadata prioritization; no eligibility decision,2026-09-30
40709785,"Touch in psychotherapy: Experiences, desires and attitudes in a large population survey.",https://pubmed.ncbi.nlm.nih.gov/40709785/,ABSTRACT_SCREENING_PRIORITY,Available abstract needs eligibility review; metadata hint is not an inclusion/exclusion decision.,SCREENING_PENDING,Automated metadata prioritization; no eligibility decision,2026-09-30
40773129,"Machine learning and deep learning in glioblastoma: a systematic review and meta-analysis of diagnosis, prognosis, and treatment.",https://pubmed.ncbi.nlm.nih.gov/40773129/,ABSTRACT_SCREENING_PRIORITY,Available abstract needs eligibility review; metadata hint is not an inclusion/exclusion decision.,SCREENING_PENDING,Automated metadata prioritization; no eligibility decision,2026-09-30
40775839,Remote Multimodal Study - Case: OM Chant.,https://pubmed.ncbi.nlm.nih.gov/40775839/,ABSTRACT_SCREENING_PRIORITY,Available abstract needs eligibility review; metadata hint is not an inclusion/exclusion decision.,SCREENING_PENDING,Automated metadata prioritization; no eligibility decision,2026-09-30
40802410,Reiki for decrease postmenopausal symptoms and depression: a randomized clinical trial.,https://pubmed.ncbi.nlm.nih.gov/40802410/,EMPIRICAL_REVIEW_PRIORITY,"Trial/pilot metadata found. Confirm named modality, design, outcomes and eligibility from primary material.",SCREENING_PENDING,Automated metadata prioritization; no eligibility decision,2026-09-30
40845346,The impact of daily self-reiki on perceived stress and well-being in college students.,https://pubmed.ncbi.nlm.nih.gov/40845346/,EMPIRICAL_REVIEW_PRIORITY,"Trial/pilot metadata found. Confirm named modality, design, outcomes and eligibility from primary material.",SCREENING_PENDING,Automated metadata prioritization; no eligibility decision,2026-09-30
40856748,Addressing post-publication discussion on Reiki study.,https://pubmed.ncbi.nlm.nih.gov/40856748/,ABSTRACT_SCREENING_PRIORITY,Available abstract needs eligibility review; metadata hint is not an inclusion/exclusion decision.,SCREENING_PENDING,Automated metadata prioritization; no eligibility decision,2026-09-30
40856793,"Letter to the Editor concerning ""The impact of Reiki practice on episiotomy recovery and perineal pain: A randomized controlled study"".",https://pubmed.ncbi.nlm.nih.gov/40856793/,EMPIRICAL_REVIEW_PRIORITY,"Trial/pilot metadata found. Confirm named modality, design, outcomes and eligibility from primary material.",SCREENING_PENDING,Automated metadata prioritization; no eligibility decision,2026-09-30
40856898,Reiki.,https://pubmed.ncbi.nlm.nih.gov/40856898/,ABSTRACT_SCREENING_PRIORITY,Available abstract needs eligibility review; metadata hint is not an inclusion/exclusion decision.,SCREENING_PENDING,Automated metadata prioritization; no eligibility decision,2026-09-30
40900563,"Definitions of the elements of the NANDA-I nursing diagnosis ""Imbalanced Energy Field"": an integrative review.",https://pubmed.ncbi.nlm.nih.gov/40900563/,REVIEW_CITATION_PRIORITY,Review metadata found. Consider citation chasing; do not count as independent primary replication.,SCREENING_PENDING,Automated metadata prioritization; no eligibility decision,2026-09-30
40908656,Metabolic Effects of Healing Touch During Cervical Cancer Treatment: An Exploratory Analysis.,https://pubmed.ncbi.nlm.nih.gov/40908656/,EMPIRICAL_REVIEW_PRIORITY,"Trial/pilot metadata found. Confirm named modality, design, outcomes and eligibility from primary material.",SCREENING_PENDING,Automated metadata prioritization; no eligibility decision,2026-09-30
40937093,Rediscovering Healing Through Touch: A Medical Student's Patient Perspective.,https://pubmed.ncbi.nlm.nih.gov/40937093/,ABSTRACT_SCREENING_PRIORITY,Available abstract needs eligibility review; metadata hint is not an inclusion/exclusion decision.,SCREENING_PENDING,Automated metadata prioritization; no eligibility decision,2026-09-30
40941433,Defining Skill in Manual and Manipulative Therapy: Perspectives from Physical Therapists.,https://pubmed.ncbi.nlm.nih.gov/40941433/,ABSTRACT_SCREENING_PRIORITY,Available abstract needs eligibility review; metadata hint is not an inclusion/exclusion decision.,SCREENING_PENDING,Automated metadata prioritization; no eligibility decision,2026-09-30
40949718,Determining the depth of meditation through frontal alpha asymmetry.,https://pubmed.ncbi.nlm.nih.gov/40949718/,NOTICE_CHECK_PRIORITY,Linked notice/publication type detected; reconcile original and notice before use.,SCREENING_PENDING,Automated metadata prioritization; no eligibility decision,2026-09-30
40967425,How important are meditation and spirituality in Reiki practice?,https://pubmed.ncbi.nlm.nih.gov/40967425/,ABSTRACT_SCREENING_PRIORITY,Available abstract needs eligibility review; metadata hint is not an inclusion/exclusion decision.,SCREENING_PENDING,Automated metadata prioritization; no eligibility decision,2026-09-30
40978603,Effect of Reiki therapy on quality of life among adolescents.,https://pubmed.ncbi.nlm.nih.gov/40978603/,ABSTRACT_SCREENING_PRIORITY,Available abstract needs eligibility review; metadata hint is not an inclusion/exclusion decision.,SCREENING_PENDING,Automated metadata prioritization; no eligibility decision,2026-09-30
40978605,Impact of integrative energy healing on anxiety among individuals with cancer.,https://pubmed.ncbi.nlm.nih.gov/40978605/,ABSTRACT_SCREENING_PRIORITY,Available abstract needs eligibility review; metadata hint is not an inclusion/exclusion decision.,SCREENING_PENDING,Automated metadata prioritization; no eligibility decision,2026-09-30
41004389,"The Effects of Reiki on Wellbeing, Postpartum Physical Symptom Severity, and Maternal Attachment in Women With Risky Pregnancies: A Randomized Controlled Trial.",https://pubmed.ncbi.nlm.nih.gov/41004389/,EMPIRICAL_REVIEW_PRIORITY,"Trial/pilot metadata found. Confirm named modality, design, outcomes and eligibility from primary material.",SCREENING_PENDING,Automated metadata prioritization; no eligibility decision,2026-09-30
41015064,Does Reiki Therapy ReducePreoperative Anxiety and Postoperative Pain in Third Molar Surgery? A Randomized Controlled Trial.,https://pubmed.ncbi.nlm.nih.gov/41015064/,EMPIRICAL_REVIEW_PRIORITY,"Trial/pilot metadata found. Confirm named modality, design, outcomes and eligibility from primary material.",SCREENING_PENDING,Automated metadata prioritization; no eligibility decision,2026-09-30
41015812,Clinical observation of white eye distribution in patients with hyperlipidemia: an artificial intelligence digital visual examination technique.,https://pubmed.ncbi.nlm.nih.gov/41015812/,ABSTRACT_SCREENING_PRIORITY,Available abstract needs eligibility review; metadata hint is not an inclusion/exclusion decision.,SCREENING_PENDING,Automated metadata prioritization; no eligibility decision,2026-09-30
41018239,Correction: Determining the depth of meditation through frontal alpha asymmetry.,https://pubmed.ncbi.nlm.nih.gov/41018239/,NOTICE_CHECK_PRIORITY,Linked notice/publication type detected; reconcile original and notice before use.,SCREENING_PENDING,Automated metadata prioritization; no eligibility decision,2026-09-30
41020673,Peripherally Inserted Central Catheter (PICC) Maintenance Affects Pain and Comfort in Preterm Infants: Effectiveness of a Therapeutic Touch.,https://pubmed.ncbi.nlm.nih.gov/41020673/,EMPIRICAL_REVIEW_PRIORITY,"Trial/pilot metadata found. Confirm named modality, design, outcomes and eligibility from primary material.",SCREENING_PENDING,Automated metadata prioritization; no eligibility decision,2026-09-30
41026955,Transformative Nature of Therapeutic Touch® as Compassion Meditation: Sculpting From Within.,https://pubmed.ncbi.nlm.nih.gov/41026955/,NO_ABSTRACT_SOURCE_PRIORITY,No primary abstract returned. Read title and acquire original source; no efficacy conclusion extracted.,SCREENING_PENDING,Automated metadata prioritization; no eligibility decision,2026-09-30
41111187,Analyzing the role of connection in nurse well-being: A literature review.,https://pubmed.ncbi.nlm.nih.gov/41111187/,REVIEW_CITATION_PRIORITY,Review metadata found. Consider citation chasing; do not count as independent primary replication.,SCREENING_PENDING,Automated metadata prioritization; no eligibility decision,2026-09-30
41116809,"Evaluating Brain Activity in Response to Short Meditation Stimuli Using R-Score, Electroencephalography, and Neural Networks.",https://pubmed.ncbi.nlm.nih.gov/41116809/,ABSTRACT_SCREENING_PRIORITY,Available abstract needs eligibility review; metadata hint is not an inclusion/exclusion decision.,SCREENING_PENDING,Automated metadata prioritization; no eligibility decision,2026-09-30
41135140,"Letter to the editor concerning critique by Thomas J. Wheeler of ""The effects of Reiki application on sleep and quality of life in patients with epilepsy"".",https://pubmed.ncbi.nlm.nih.gov/41135140/,NO_ABSTRACT_SOURCE_PRIORITY,No primary abstract returned. Read title and acquire original source; no efficacy conclusion extracted.,SCREENING_PENDING,Automated metadata prioritization; no eligibility decision,2026-09-30
41136125,Use of Complementary and Alternative Methods of Pain Management.,https://pubmed.ncbi.nlm.nih.gov/41136125/,REVIEW_CITATION_PRIORITY,Review metadata found. Consider citation chasing; do not count as independent primary replication.,SCREENING_PENDING,Automated metadata prioritization; no eligibility decision,2026-09-30
41164641,The Impact of Reiki Therapy on Comfort and Quality of Life among Elderly Inmates: A Quasi-Experimental Study.,https://pubmed.ncbi.nlm.nih.gov/41164641/,ABSTRACT_SCREENING_PRIORITY,Available abstract needs eligibility review; metadata hint is not an inclusion/exclusion decision.,SCREENING_PENDING,Automated metadata prioritization; no eligibility decision,2026-09-30
41171585,Effectiveness of Non-pharmacological Interventions for Reducing Anxiety in Endoscopy and Colonoscopy Procedures: A Systematic Review and Network Meta-Analysis.,https://pubmed.ncbi.nlm.nih.gov/41171585/,NOTICE_CHECK_PRIORITY,Linked notice/publication type detected; reconcile original and notice before use.,SCREENING_PENDING,Automated metadata prioritization; no eligibility decision,2026-09-30
41180129,Efficacy of an Integrated Heartfulness Meditation and Yoga Protocol in Hypertensive Patients: A Randomized Controlled Study.,https://pubmed.ncbi.nlm.nih.gov/41180129/,EMPIRICAL_REVIEW_PRIORITY,"Trial/pilot metadata found. Confirm named modality, design, outcomes and eligibility from primary material.",SCREENING_PENDING,Automated metadata prioritization; no eligibility decision,2026-09-30
41183719,Complementary therapies for chronic knee pain: A placebo-controlled RCT of Reiki and mindfulness.,https://pubmed.ncbi.nlm.nih.gov/41183719/,NOTICE_CHECK_PRIORITY,Linked notice/publication type detected; reconcile original and notice before use.,SCREENING_PENDING,Automated metadata prioritization; no eligibility decision,2026-09-30
41221955,Reiki as a tool to enhance care from the perspective of complexity: a qualitative study.,https://pubmed.ncbi.nlm.nih.gov/41221955/,ABSTRACT_SCREENING_PRIORITY,Available abstract needs eligibility review; metadata hint is not an inclusion/exclusion decision.,SCREENING_PENDING,Automated metadata prioritization; no eligibility decision,2026-09-30
41225691,Beyond Decline: Holistic Nursing Approaches to Multidimensional Frailty in Older Adults.,https://pubmed.ncbi.nlm.nih.gov/41225691/,ABSTRACT_SCREENING_PRIORITY,Available abstract needs eligibility review; metadata hint is not an inclusion/exclusion decision.,SCREENING_PENDING,Automated metadata prioritization; no eligibility decision,2026-09-30
41229089,"Comment on ""Metabolic Effects of Healing Touch During Cervical Cancer Treatment: An Exploratory Analysis"".",https://pubmed.ncbi.nlm.nih.gov/41229089/,NO_ABSTRACT_SOURCE_PRIORITY,No primary abstract returned. Read title and acquire original source; no efficacy conclusion extracted.,SCREENING_PENDING,Automated metadata prioritization; no eligibility decision,2026-09-30
41244962,The ethical use of therapeutic touch in psychedelic-assisted therapy: a qualitative study of researcher perspectives and experiences.,https://pubmed.ncbi.nlm.nih.gov/41244962/,ABSTRACT_SCREENING_PRIORITY,Available abstract needs eligibility review; metadata hint is not an inclusion/exclusion decision.,SCREENING_PENDING,Automated metadata prioritization; no eligibility decision,2026-09-30
41264460,Impact of Reiki Levels 1 and 2 on Pain and Quality of Life Among Hemodialysis Patients: A Comparative Study.,https://pubmed.ncbi.nlm.nih.gov/41264460/,ABSTRACT_SCREENING_PRIORITY,Available abstract needs eligibility review; metadata hint is not an inclusion/exclusion decision.,SCREENING_PENDING,Automated metadata prioritization; no eligibility decision,2026-09-30
41291294,Multiparametric MRI-based radiomics machine learning nomogram for predicting aggressive histology in endometrial cancer.,https://pubmed.ncbi.nlm.nih.gov/41291294/,ABSTRACT_SCREENING_PRIORITY,Available abstract needs eligibility review; metadata hint is not an inclusion/exclusion decision.,SCREENING_PENDING,Automated metadata prioritization; no eligibility decision,2026-09-30
41328386,Galvanic Skin Response as a Measure of Anxiety: A Comparative Evaluation of Gayatri Mantra Chanting and Conventional Music Therapy in 6-10-year-old Children during Inferior Alveolar Nerve Block.,https://pubmed.ncbi.nlm.nih.gov/41328386/,ABSTRACT_SCREENING_PRIORITY,Available abstract needs eligibility review; metadata hint is not an inclusion/exclusion decision.,SCREENING_PENDING,Automated metadata prioritization; no eligibility decision,2026-09-30
41341454,"Mind-body therapies for sleep disturbances, depression, and anxiety in menopausal women: a systematic review and meta-analysis of randomized controlled trials.",https://pubmed.ncbi.nlm.nih.gov/41341454/,EMPIRICAL_REVIEW_PRIORITY,"Trial/pilot metadata found. Confirm named modality, design, outcomes and eligibility from primary material.",SCREENING_PENDING,Automated metadata prioritization; no eligibility decision,2026-09-30
41370530,"Effects of Reiki on stress, anxiety, and depression: an observational study of undergraduate nursing students.",https://pubmed.ncbi.nlm.nih.gov/41370530/,ABSTRACT_SCREENING_PRIORITY,Available abstract needs eligibility review; metadata hint is not an inclusion/exclusion decision.,SCREENING_PENDING,Automated metadata prioritization; no eligibility decision,2026-09-30
41377076,Investigating perceived stress and pain reduction following brief Reiki sessions in high-stress communities: an exploratory study.,https://pubmed.ncbi.nlm.nih.gov/41377076/,ABSTRACT_SCREENING_PRIORITY,Available abstract needs eligibility review; metadata hint is not an inclusion/exclusion decision.,SCREENING_PENDING,Automated metadata prioritization; no eligibility decision,2026-09-30
41428258,Neurophysiological Effects of Gayatri Mantra Meditation on Emotional Processing: An EEG-ERP Study.,https://pubmed.ncbi.nlm.nih.gov/41428258/,ABSTRACT_SCREENING_PRIORITY,Available abstract needs eligibility review; metadata hint is not an inclusion/exclusion decision.,SCREENING_PENDING,Automated metadata prioritization; no eligibility decision,2026-09-30
41430763,"Reiki in Contemporary Healthcare: Historical Development, Theoretical Foundations, Biofield Mechanisms, and Therapeutic Applications.",https://pubmed.ncbi.nlm.nih.gov/41430763/,ABSTRACT_SCREENING_PRIORITY,Available abstract needs eligibility review; metadata hint is not an inclusion/exclusion decision.,SCREENING_PENDING,Automated metadata prioritization; no eligibility decision,2026-09-30
41433417,"The Application of Reiki Therapy on Stress, Anxiety, and Well-Being in Health care Workers During the COVID-19 Pandemic: An Integrative Review.",https://pubmed.ncbi.nlm.nih.gov/41433417/,ABSTRACT_SCREENING_PRIORITY,Available abstract needs eligibility review; metadata hint is not an inclusion/exclusion decision.,SCREENING_PENDING,Automated metadata prioritization; no eligibility decision,2026-09-30
41506515,Dog Therapy for Dental Care Among Autistic Children: A Randomized Trial.,https://pubmed.ncbi.nlm.nih.gov/41506515/,EMPIRICAL_REVIEW_PRIORITY,"Trial/pilot metadata found. Confirm named modality, design, outcomes and eligibility from primary material.",SCREENING_PENDING,Automated metadata prioritization; no eligibility decision,2026-09-30
41555896,The Urgency of Stress Reduction Amongst Medical Students: Is Therapeutic Touch the Answer? A Literature Review on Therapeutic Touch in Students and Healthcare Personnel.,https://pubmed.ncbi.nlm.nih.gov/41555896/,REVIEW_CITATION_PRIORITY,Review metadata found. Consider citation chasing; do not count as independent primary replication.,SCREENING_PENDING,Automated metadata prioritization; no eligibility decision,2026-09-30
41574102,Neural Dynamics of Heartfulness Meditation: EEG Alpha Modulation Across Experience Levels.,https://pubmed.ncbi.nlm.nih.gov/41574102/,ABSTRACT_SCREENING_PRIORITY,Available abstract needs eligibility review; metadata hint is not an inclusion/exclusion decision.,SCREENING_PENDING,Automated metadata prioritization; no eligibility decision,2026-09-30
41574421,Therapeutic Touch in the Human Validation Process Model: A Reflexive Thematic Analysis.,https://pubmed.ncbi.nlm.nih.gov/41574421/,ABSTRACT_SCREENING_PRIORITY,Available abstract needs eligibility review; metadata hint is not an inclusion/exclusion decision.,SCREENING_PENDING,Automated metadata prioritization; no eligibility decision,2026-09-30
41635184,Letter to the Editor Concerning Critique by Thomas J. Wheeler of 'Efficacy of Facilitated Tucking Position and Reiki Given to Preterm Infants During Orogastric Tube Insertion: A Randomised Controlled Trial'.,https://pubmed.ncbi.nlm.nih.gov/41635184/,EMPIRICAL_REVIEW_PRIORITY,"Trial/pilot metadata found. Confirm named modality, design, outcomes and eligibility from primary material.",SCREENING_PENDING,Automated metadata prioritization; no eligibility decision,2026-09-30
41662322,Comments on Critique by Thomas J. Wheeler Regarding Effects of Reiki on Patients with Epilepsy.,https://pubmed.ncbi.nlm.nih.gov/41662322/,NOTICE_CHECK_PRIORITY,Linked notice/publication type detected; reconcile original and notice before use.,SCREENING_PENDING,Automated metadata prioritization; no eligibility decision,2026-09-30
41688284,Therapeutic Touch for Acute Pain and Comfort After Cesarean: A Randomized Trial.,https://pubmed.ncbi.nlm.nih.gov/41688284/,EMPIRICAL_REVIEW_PRIORITY,"Trial/pilot metadata found. Confirm named modality, design, outcomes and eligibility from primary material.",SCREENING_PENDING,Automated metadata prioritization; no eligibility decision,2026-09-30
41699875,Participant Experiences of Therapeutic Touch in Psilocybin-Assisted Therapy.,https://pubmed.ncbi.nlm.nih.gov/41699875/,EMPIRICAL_REVIEW_PRIORITY,"Trial/pilot metadata found. Confirm named modality, design, outcomes and eligibility from primary material.",SCREENING_PENDING,Automated metadata prioritization; no eligibility decision,2026-09-30
41738840,"Touch, Trust, and Truth; Why the Physical Exam Still Matters In the Age of AI: A Framework for the Physical Exam as a Bridge to Trust, Healing, and Increased Patient Adherence.",https://pubmed.ncbi.nlm.nih.gov/41738840/,ABSTRACT_SCREENING_PRIORITY,Available abstract needs eligibility review; metadata hint is not an inclusion/exclusion decision.,SCREENING_PENDING,Automated metadata prioritization; no eligibility decision,2026-09-30
41743302,Meta-analysis of the Effect of Yogic Techniques on Melatonin Levels: Implications for Sleep Health.,https://pubmed.ncbi.nlm.nih.gov/41743302/,REVIEW_CITATION_PRIORITY,Review metadata found. Consider citation chasing; do not count as independent primary replication.,SCREENING_PENDING,Automated metadata prioritization; no eligibility decision,2026-09-30
41761986,"Corrigendum to: ""Effect of Reiki on Pain, Anxiety, and Hemodynamic Parameters in Mechanically Ventilated Patients: A Randomized, Single-Blind, and Placebo-Controlled Trial"".",https://pubmed.ncbi.nlm.nih.gov/41761986/,NOTICE_CHECK_PRIORITY,Linked notice/publication type detected; reconcile original and notice before use.,SCREENING_PENDING,Automated metadata prioritization; no eligibility decision,2026-09-30
41778078,A Service Evaluation of Heisei Shiatsu Massage as an Adjunct to the Pharmacological Management of Cancer Pain.,https://pubmed.ncbi.nlm.nih.gov/41778078/,ABSTRACT_SCREENING_PRIORITY,Available abstract needs eligibility review; metadata hint is not an inclusion/exclusion decision.,SCREENING_PENDING,Automated metadata prioritization; no eligibility decision,2026-09-30
41789910,"Erratum for ""Comments on Critique by Thomas J. Wheeler Regarding Effects of Reiki on Patients with Epilepsy"".",https://pubmed.ncbi.nlm.nih.gov/41789910/,NOTICE_CHECK_PRIORITY,Linked notice/publication type detected; reconcile original and notice before use.,SCREENING_PENDING,Automated metadata prioritization; no eligibility decision,2026-09-30
41793784,"The effect of Reiki therapy performed on children with leukemia between the ages of 5-7 years on pain, vital signs and quality of life: A randomized controlled study.",https://pubmed.ncbi.nlm.nih.gov/41793784/,EMPIRICAL_REVIEW_PRIORITY,"Trial/pilot metadata found. Confirm named modality, design, outcomes and eligibility from primary material.",SCREENING_PENDING,Automated metadata prioritization; no eligibility decision,2026-09-30
41802174,Nursing Care Behaviours and Challenges Faced During Truth-Telling: A Phenomenological Study.,https://pubmed.ncbi.nlm.nih.gov/41802174/,ABSTRACT_SCREENING_PRIORITY,Available abstract needs eligibility review; metadata hint is not an inclusion/exclusion decision.,SCREENING_PENDING,Automated metadata prioritization; no eligibility decision,2026-09-30
41845859,Effect of Therapeutic Touch Based on Watson's Human Care Theory Applied to Infants With Infantile Colic for Different Durations on Colic Symptoms: A Randomized Controlled Study.,https://pubmed.ncbi.nlm.nih.gov/41845859/,EMPIRICAL_REVIEW_PRIORITY,"Trial/pilot metadata found. Confirm named modality, design, outcomes and eligibility from primary material.",SCREENING_PENDING,Automated metadata prioritization; no eligibility decision,2026-09-30
41851982,Addressing the theory-practice gap: a qualitative study of Bobath and non-Bobath physiotherapists using the rehabilitation treatment specification system (RTSS).,https://pubmed.ncbi.nlm.nih.gov/41851982/,ABSTRACT_SCREENING_PRIORITY,Available abstract needs eligibility review; metadata hint is not an inclusion/exclusion decision.,SCREENING_PENDING,Automated metadata prioritization; no eligibility decision,2026-09-30
41852013,The Subjective Experience of Reiki is Differentially Associated with Improvements in Health-Related Symptoms.,https://pubmed.ncbi.nlm.nih.gov/41852013/,ABSTRACT_SCREENING_PRIORITY,Available abstract needs eligibility review; metadata hint is not an inclusion/exclusion decision.,SCREENING_PENDING,Automated metadata prioritization; no eligibility decision,2026-09-30
41864692,"Trauma, boundaries, and connection: Rethinking touch in psychiatric nursing practice.",https://pubmed.ncbi.nlm.nih.gov/41864692/,ABSTRACT_SCREENING_PRIORITY,Available abstract needs eligibility review; metadata hint is not an inclusion/exclusion decision.,SCREENING_PENDING,Automated metadata prioritization; no eligibility decision,2026-09-30
41884352,"Awareness and Use of Reiki, Reiki Research, Energy Healing, and Complementary Medicine amongst Australian Health Professionals and the Community.",https://pubmed.ncbi.nlm.nih.gov/41884352/,ABSTRACT_SCREENING_PRIORITY,Available abstract needs eligibility review; metadata hint is not an inclusion/exclusion decision.,SCREENING_PENDING,Automated metadata prioritization; no eligibility decision,2026-09-30
41907996,Impact of heartfulness meditation on psychophysiological parameters among medical students.,https://pubmed.ncbi.nlm.nih.gov/41907996/,ABSTRACT_SCREENING_PRIORITY,Available abstract needs eligibility review; metadata hint is not an inclusion/exclusion decision.,SCREENING_PENDING,Automated metadata prioritization; no eligibility decision,2026-09-30
41951553,"Mental Health Promotion Through Nursing Interventions Focused on Anxiety, Sleep and Well-Being: A Scoping Review.",https://pubmed.ncbi.nlm.nih.gov/41951553/,ABSTRACT_SCREENING_PRIORITY,Available abstract needs eligibility review; metadata hint is not an inclusion/exclusion decision.,SCREENING_PENDING,Automated metadata prioritization; no eligibility decision,2026-09-30
41954493,Randomized Controlled Trial of the Psychological and Clinical Outcomes of Reiki Plus Manual Therapy After Open Heart Surgery.,https://pubmed.ncbi.nlm.nih.gov/41954493/,EMPIRICAL_REVIEW_PRIORITY,"Trial/pilot metadata found. Confirm named modality, design, outcomes and eligibility from primary material.",SCREENING_PENDING,Automated metadata prioritization; no eligibility decision,2026-09-30
41982211,Lymphatic pumping technique in mice alters blood parameters and metastatic melanoma in an age-dependent manner.,https://pubmed.ncbi.nlm.nih.gov/41982211/,ABSTRACT_SCREENING_PRIORITY,Available abstract needs eligibility review; metadata hint is not an inclusion/exclusion decision.,SCREENING_PENDING,Automated metadata prioritization; no eligibility decision,2026-09-30
41984024,Effect of Reiki on Surgical Fear and Anxiety in Cholecystectomy Patients: A Randomized Controlled Trial.,https://pubmed.ncbi.nlm.nih.gov/41984024/,EMPIRICAL_REVIEW_PRIORITY,"Trial/pilot metadata found. Confirm named modality, design, outcomes and eligibility from primary material.",SCREENING_PENDING,Automated metadata prioritization; no eligibility decision,2026-09-30
42002866,Holistic nursing: My journey into a way of being.,https://pubmed.ncbi.nlm.nih.gov/42002866/,ABSTRACT_SCREENING_PRIORITY,Available abstract needs eligibility review; metadata hint is not an inclusion/exclusion decision.,SCREENING_PENDING,Automated metadata prioritization; no eligibility decision,2026-09-30
42060857,Touch-Based Therapies in Dementia Care: A Systematic Review and Narrative Synthesis.,https://pubmed.ncbi.nlm.nih.gov/42060857/,ABSTRACT_SCREENING_PRIORITY,Available abstract needs eligibility review; metadata hint is not an inclusion/exclusion decision.,SCREENING_PENDING,Automated metadata prioritization; no eligibility decision,2026-09-30
42068796,Understanding the role of interpersonal mindfulness and other foundations of healing in a traditional Chinese medicine encounter: a qualitative study.,https://pubmed.ncbi.nlm.nih.gov/42068796/,ABSTRACT_SCREENING_PRIORITY,Available abstract needs eligibility review; metadata hint is not an inclusion/exclusion decision.,SCREENING_PENDING,Automated metadata prioritization; no eligibility decision,2026-09-30
42069826,What is the most effective non-pharmacological treatment for poor sleep quality in Chronic obstructive pulmonary disease patients? a systematic review.,https://pubmed.ncbi.nlm.nih.gov/42069826/,REVIEW_CITATION_PRIORITY,Review metadata found. Consider citation chasing; do not count as independent primary replication.,SCREENING_PENDING,Automated metadata prioritization; no eligibility decision,2026-09-30
42108752,Reiki and Therapeutic Touch for symptom burden and quality of life in palliative settings: A systematic review.,https://pubmed.ncbi.nlm.nih.gov/42108752/,REVIEW_CITATION_PRIORITY,Review metadata found. Consider citation chasing; do not count as independent primary replication.,SCREENING_PENDING,Automated metadata prioritization; no eligibility decision,2026-09-30
42128173,Prognostic value of radionics based on 18F-FDG PET/CT in Hodgkin lymphoma: A systematic review.,https://pubmed.ncbi.nlm.nih.gov/42128173/,ABSTRACT_SCREENING_PRIORITY,Available abstract needs eligibility review; metadata hint is not an inclusion/exclusion decision.,SCREENING_PENDING,Automated metadata prioritization; no eligibility decision,2026-09-30
42131538,Neurophysiological and autonomic patterns associated with heartfulness and bell meditation: a three-arm exploratory study.,https://pubmed.ncbi.nlm.nih.gov/42131538/,ABSTRACT_SCREENING_PRIORITY,Available abstract needs eligibility review; metadata hint is not an inclusion/exclusion decision.,SCREENING_PENDING,Automated metadata prioritization; no eligibility decision,2026-09-30
42228731,"Socio-cultural components related to the cropping, harvesting, and consumption of guayusa (Ilex guayusa Loes) in Amazonian Kichwa communities.",https://pubmed.ncbi.nlm.nih.gov/42228731/,ABSTRACT_SCREENING_PRIORITY,Available abstract needs eligibility review; metadata hint is not an inclusion/exclusion decision.,SCREENING_PENDING,Automated metadata prioritization; no eligibility decision,2026-09-30
42263755,Feasibility and Efficacy of Reiki Versus Massage for Cancer-Related Fatigue in Patients With Breast and Prostate Cancer Receiving Hormone Therapy.,https://pubmed.ncbi.nlm.nih.gov/42263755/,EMPIRICAL_REVIEW_PRIORITY,"Trial/pilot metadata found. Confirm named modality, design, outcomes and eligibility from primary material.",SCREENING_PENDING,Automated metadata prioritization; no eligibility decision,2026-09-30
42281140,Meditation Enhances Small-World Network Efficiency: MEG-Based Evidence from Attention and Control Systems.,https://pubmed.ncbi.nlm.nih.gov/42281140/,ABSTRACT_SCREENING_PRIORITY,Available abstract needs eligibility review; metadata hint is not an inclusion/exclusion decision.,SCREENING_PENDING,Automated metadata prioritization; no eligibility decision,2026-09-30
42315636,The effects of Reiki practice on breast cancer patients: a systematic review.,https://pubmed.ncbi.nlm.nih.gov/42315636/,REVIEW_CITATION_PRIORITY,Review metadata found. Consider citation chasing; do not count as independent primary replication.,SCREENING_PENDING,Automated metadata prioritization; no eligibility decision,2026-09-30
42385109,Implementation and Patient-Reported Outcomes of an Insurance-Supported Integrative Oncology Symptom Management Program.,https://pubmed.ncbi.nlm.nih.gov/42385109/,ABSTRACT_SCREENING_PRIORITY,Available abstract needs eligibility review; metadata hint is not an inclusion/exclusion decision.,SCREENING_PENDING,Automated metadata prioritization; no eligibility decision,2026-09-30
42392933,Effect of Reiki on Pain Severity and Quality of Life in Hemodialysis Patients.,https://pubmed.ncbi.nlm.nih.gov/42392933/,ABSTRACT_SCREENING_PRIORITY,Available abstract needs eligibility review; metadata hint is not an inclusion/exclusion decision.,SCREENING_PENDING,Automated metadata prioritization; no eligibility decision,2026-09-30
42427118,A Feasibility Study of Reiki Therapy to Improve Symptoms in Cancer Survivors at an Integrative Oncology Clinic.,https://pubmed.ncbi.nlm.nih.gov/42427118/,ABSTRACT_SCREENING_PRIORITY,Available abstract needs eligibility review; metadata hint is not an inclusion/exclusion decision.,SCREENING_PENDING,Automated metadata prioritization; no eligibility decision,2026-09-30
42453487,Mantra meditation in sport: a scoping review of its use as a mental training and coping strategy for psychological well-being.,https://pubmed.ncbi.nlm.nih.gov/42453487/,REVIEW_CITATION_PRIORITY,Review metadata found. Consider citation chasing; do not count as independent primary replication.,SCREENING_PENDING,Automated metadata prioritization; no eligibility decision,2026-09-30
42456633,Neuroimaging findings in extrasensory perception research: A PRISMA-informed descriptive synthesis.,https://pubmed.ncbi.nlm.nih.gov/42456633/,REVIEW_CITATION_PRIORITY,Review metadata found. Consider citation chasing; do not count as independent primary replication.,SCREENING_PENDING,Automated metadata prioritization; no eligibility decision,2026-09-30
42469949,Comparing TCIM use and patient satisfaction in germany: impact of health self-management across migration backgrounds.,https://pubmed.ncbi.nlm.nih.gov/42469949/,ABSTRACT_SCREENING_PRIORITY,Available abstract needs eligibility review; metadata hint is not an inclusion/exclusion decision.,SCREENING_PENDING,Automated metadata prioritization; no eligibility decision,2026-09-30
42491574,A Detailed Description of Complementary and Alternative Medicine Use in a Convenience Sample of Cancer Survivors.,https://pubmed.ncbi.nlm.nih.gov/42491574/,ABSTRACT_SCREENING_PRIORITY,Available abstract needs eligibility review; metadata hint is not an inclusion/exclusion decision.,SCREENING_PENDING,Automated metadata prioritization; no eligibility decision,2026-09-30
42508010,"Traditional, Complementary, and Integrative Medicine on X (Formerly Twitter) From 2015 to 2024 Across English, Spanish, and French: Retrospective Observational Study.",https://pubmed.ncbi.nlm.nih.gov/42508010/,ABSTRACT_SCREENING_PRIORITY,Available abstract needs eligibility review; metadata hint is not an inclusion/exclusion decision.,SCREENING_PENDING,Automated metadata prioritization; no eligibility decision,2026-09-30
42509575,"Manual therapists and people living with borderline personality disorder (BPD): a commentary on building safety, trust, and therapeutic effectiveness in physical care.",https://pubmed.ncbi.nlm.nih.gov/42509575/,ABSTRACT_SCREENING_PRIORITY,Available abstract needs eligibility review; metadata hint is not an inclusion/exclusion decision.,SCREENING_PENDING,Automated metadata prioritization; no eligibility decision,2026-09-30
42534037,Complementary and integrative health interventions for PTSD in Veterans and family members: A rapid systematic review and meta-analysis.,https://pubmed.ncbi.nlm.nih.gov/42534037/,ABSTRACT_SCREENING_PRIORITY,Available abstract needs eligibility review; metadata hint is not an inclusion/exclusion decision.,SCREENING_PENDING,Automated metadata prioritization; no eligibility decision,2026-09-30
42551571,Investigation and assessment of sham Reiki protocols in Reiki research.,https://pubmed.ncbi.nlm.nih.gov/42551571/,REVIEW_CITATION_PRIORITY,Review metadata found. Consider citation chasing; do not count as independent primary replication.,SCREENING_PENDING,Automated metadata prioritization; no eligibility decision,2026-09-30
42553883,Therapeutic Evaluation of Mind Sound Resonance Technique (A Guided Yogic Meditative Technique) on Human Psychophysiology - A Narrative Review.,https://pubmed.ncbi.nlm.nih.gov/42553883/,ABSTRACT_SCREENING_PRIORITY,Available abstract needs eligibility review; metadata hint is not an inclusion/exclusion decision.,SCREENING_PENDING,Automated metadata prioritization; no eligibility decision,2026-09-30
42622803,"Nurse-Led SP6 and LI4 Acupressure for Improving Labour Pain, Maternal Coping, and Intrapartum Maternal Comfort: A Three-Arm Pilot Randomized Controlled Trial Guided by Swanson's Theory of Caring.",https://pubmed.ncbi.nlm.nih.gov/42622803/,EMPIRICAL_REVIEW_PRIORITY,"Trial/pilot metadata found. Confirm named modality, design, outcomes and eligibility from primary material.",SCREENING_PENDING,Automated metadata prioritization; no eligibility decision,2026-09-30
42626333,Enhancing self-efficacy in nursing internship students through Reiki practices: A randomized controlled trial.,https://pubmed.ncbi.nlm.nih.gov/42626333/,EMPIRICAL_REVIEW_PRIORITY,"Trial/pilot metadata found. Confirm named modality, design, outcomes and eligibility from primary material.",SCREENING_PENDING,Automated metadata prioritization; no eligibility decision,2026-09-30
42677350,"The Effect of Maternal Lullaby Singing, Affectionate Touch, and a Developmental Support Program on Comfort and Development in Premature Infants: A Randomized Controlled Trial.",https://pubmed.ncbi.nlm.nih.gov/42677350/,EMPIRICAL_REVIEW_PRIORITY,"Trial/pilot metadata found. Confirm named modality, design, outcomes and eligibility from primary material.",SCREENING_PENDING,Automated metadata prioritization; no eligibility decision,2026-09-30
42721754,The effectiveness of Reiki in surgical care: A systematic review and meta-analysis.,https://pubmed.ncbi.nlm.nih.gov/42721754/,REVIEW_CITATION_PRIORITY,Review metadata found. Consider citation chasing; do not count as independent primary replication.,SCREENING_PENDING,Automated metadata prioritization; no eligibility decision,2026-09-30
42723022,Virtual reality versus companion-delivered therapeutic touch for reducing pain and anxiety during suturing: a randomized controlled trial.,https://pubmed.ncbi.nlm.nih.gov/42723022/,EMPIRICAL_REVIEW_PRIORITY,"Trial/pilot metadata found. Confirm named modality, design, outcomes and eligibility from primary material.",SCREENING_PENDING,Automated metadata prioritization; no eligibility decision,2026-09-30
42724159,"Heartfulness Meditation-induced State and Trait Effects on Long-term, Short-term and Non-meditators Using Connectivity Analysis: An EEG Study on Prefrontal Cortex.",https://pubmed.ncbi.nlm.nih.gov/42724159/,ABSTRACT_SCREENING_PRIORITY,Available abstract needs eligibility review; metadata hint is not an inclusion/exclusion decision.,SCREENING_PENDING,Automated metadata prioritization; no eligibility decision,2026-09-30
42730089,"Enhancement of Vagal Tone, Cognitive Processing, and Self-Regulation Through Short-Term Audible Mantram Repetition Practice in Novice Meditators.",https://pubmed.ncbi.nlm.nih.gov/42730089/,ABSTRACT_SCREENING_PRIORITY,Available abstract needs eligibility review; metadata hint is not an inclusion/exclusion decision.,SCREENING_PENDING,Automated metadata prioritization; no eligibility decision,2026-09-30
42736683,A Randomized Controlled Trial: Efficacy of Wangbi Capsule Plus Conventional Therapy for Knee Osteoarthritis and Its Modulation of the Ferroptosis Pathway.,https://pubmed.ncbi.nlm.nih.gov/42736683/,EMPIRICAL_REVIEW_PRIORITY,"Trial/pilot metadata found. Confirm named modality, design, outcomes and eligibility from primary material.",SCREENING_PENDING,Automated metadata prioritization; no eligibility decision,2026-09-30
42766936,The effectiveness of Reiki in surgical care: A systematic review and meta-analysis.,https://pubmed.ncbi.nlm.nih.gov/42766936/,REVIEW_CITATION_PRIORITY,Review metadata found. Consider citation chasing; do not count as independent primary replication.,SCREENING_PENDING,Automated metadata prioritization; no eligibility decision,2026-09-30
42805879,"Corrigendum to ""Complementary therapies for chronic knee pain: A placebo-controlled RCT of Reiki and mindfulness"" [Complement Ther Med 95 (2025) 103278].",https://pubmed.ncbi.nlm.nih.gov/42805879/,NOTICE_CHECK_PRIORITY,Linked notice/publication type detected; reconcile original and notice before use.,SCREENING_PENDING,Automated metadata prioritization; no eligibility decision,2026-09-30
42813884,"Feasibility and Preliminary Outcomes of the ""Naru"" Program, a Reiki-Informed Meditative Intervention for First-Year Nursing Students: A Single-Group Pilot Study.",https://pubmed.ncbi.nlm.nih.gov/42813884/,EMPIRICAL_REVIEW_PRIORITY,"Trial/pilot metadata found. Confirm named modality, design, outcomes and eligibility from primary material.",SCREENING_PENDING,Automated metadata prioritization; no eligibility decision,2026-09-30
